,渡鸦刺青工作室,生活服务,美容美发店,美容美发店.1,广东省,广州市,花都区,113.23777,23.408369
0,三东理发店,生活服务,美容美发店,美容美发店,广东省,广州市,花都区,113.23377,23.412967
1,天天足疗养生,生活服务,美容美发店,美容美发店,广东省,广州市,花都区,113.233911,23.419901
2,晓燕美发店,生活服务,美容美发店,美容美发店,广东省,广州市,花都区,113.235525,23.4854
3,专业美甲精品店,生活服务,美容美发店,美容美发店,广东省,广州市,花都区,113.233955,23.505709
4,沙龙专业烫染,生活服务,美容美发店,美容美发店,广东省,广州市,花都区,113.231465,23.477654
5,瑞红美容美发,生活服务,美容美发店,美容美发店,广东省,广州市,白云区,113.239799,23.334622
6,创美发型设计,生活服务,美容美发店,美容美发店,广东省,广州市,花都区,113.230726,23.340442
7,至型(东漖北路店),生活服务,美容美发店,美容美发店,广东省,广州市,荔湾区,113.229544,23.090994
8,集美组形象设计,生活服务,美容美发店,美容美发店,广东省,广州市,荔湾区,113.237447,23.093684
9,K1发型屋,生活服务,美容美发店,美容美发店,广东省,广州市,荔湾区,113.23777,23.093115
10,品魅坊,生活服务,美容美发店,美容美发店,广东省,广州市,荔湾区,113.240849,23.093949
11,名发轩专业发型设计,生活服务,美容美发店,美容美发店,广东省,广州市,荔湾区,113.23275,23.093755
12,永旺发廊,生活服务,美容美发店,美容美发店,广东省,广州市,荔湾区,113.241598,23.092559
13,香莎美容美体皮肤管理(荔湾店),生活服务,美容美发店,美容美发店,广东省,广州市,荔湾区,113.238896,23.0934
14,艾秀工作室,生活服务,美容美发店,美容美发店,广东省,广州市,荔湾区,113.236083,23.093183
15,名艺,生活服务,美容美发店,美容美发店,广东省,广州市,白云区,113.238383,23.173296
16,美容美体SPA,生活服务,美容美发店,美容美发店,广东省,广州市,白云区,113.238575,23.173161
17,魔法空间,生活服务,美容美发店,美容美发店,广东省,广州市,白云区,113.238496,23.173265
18,花颜悦貌半永久私密,生活服务,美容美发店,美容美发店,广东省,广州市,白云区,113.238467,23.173287
19,sy丝域(横滘003店),生活服务,美容美发店,美容美发店,广东省,广州市,白云区,113.239267,23.173291
20,美容美甲纹绣,生活服务,美容美发店,美容美发店,广东省,广州市,白云区,113.238639,23.173164
21,哈尼美业,生活服务,美容美发店,美容美发店,广东省,广州市,白云区,113.238895,23.173163
22,kc美业,生活服务,美容美发店,美容美发店,广东省,广州市,番禺区,113.31767,23.012691
23,潮店造型专业烫染沙龙,生活服务,美容美发店,美容美发店,广东省,广州市,番禺区,113.317315,23.012725
24,绽绚美容美甲美睫,生活服务,美容美发店,美容美发店,广东省,广州市,番禺区,113.318159,23.013453
25,狂剪造型烫染,生活服务,美容美发店,美容美发店,广东省,广州市,番禺区,113.316499,23.018509
26,千颂依美容美甲,生活服务,美容美发店,美容美发店,广东省,广州市,番禺区,113.318214,23.014742
27,AK发型设计,生活服务,美容美发店,美容美发店,广东省,广州市,番禺区,113.319344,23.013018
28,一纹刺青,生活服务,美容美发店,美容美发店,广东省,广州市,番禺区,113.317804,23.013242
29,首艺造型,生活服务,美容美发店,美容美发店,广东省,广州市,番禺区,113.316883,23.012699
30,艺都造型,生活服务,美容美发店,美容美发店,广东省,广州市,海珠区,113.322495,23.093134
31,富裕发艺工作室,生活服务,美容美发店,美容美发店,广东省,广州市,海珠区,113.322406,23.092933
32,纯剪烫染店,生活服务,美容美发店,美容美发店,广东省,广州市,南沙区,113.317128,22.847027
33,四海理发店,生活服务,美容美发店,美容美发店,广东省,广州市,南沙区,113.316753,22.847021
34,千惠美,生活服务,美容美发店,美容美发店,广东省,广州市,南沙区,113.33713,22.834977
35,嘉丽造型,生活服务,美容美发店,美容美发店,广东省,广州市,番禺区,113.317791,22.934114
36,流行密码发型工作室,生活服务,美容美发店,美容美发店,广东省,广州市,番禺区,113.318328,22.935835
37,M1发艺频道,生活服务,美容美发店,美容美发店,广东省,广州市,番禺区,113.319687,22.935759
38,zh造型,生活服务,美容美发店,美容美发店,广东省,广州市,番禺区,113.321382,22.931659
39,鸿喜发艺,生活服务,美容美发店,美容美发店,广东省,广州市,番禺区,113.321579,22.931944
40,风格造型,生活服务,美容美发店,美容美发店,广东省,广州市,番禺区,113.321554,22.930271
41,身泰经络养生推拿(横江店),生活服务,美容美发店,美容美发店,广东省,广州市,番禺区,113.321527,22.929921
42,尚美造型,生活服务,美容美发店,美容美发店,广东省,广州市,番禺区,113.323242,22.935605
43,颜皙本草,生活服务,美容美发店,美容美发店,广东省,广州市,番禺区,113.330108,22.936072
44,首尔韩式烫染店,生活服务,美容美发店,美容美发店,广东省,广州市,番禺区,113.331924,22.937524
45,彩彩发型设计室,生活服务,美容美发店,美容美发店,广东省,广州市,番禺区,113.32898,22.942361
46,创美美容美发(捷进中路店),生活服务,美容美发店,美容美发店,广东省,广州市,番禺区,113.354047,22.948591
47,原创发艺,生活服务,美容美发店,美容美发店,广东省,广州市,番禺区,113.332367,22.938279
48,大东美发店,生活服务,美容美发店,美容美发店,广东省,广州市,花都区,113.314486,23.474057
49,蓝山美发工作室,生活服务,美容美发店,美容美发店,广东省,广州市,花都区,113.314877,23.47273
50,美雅美发,生活服务,美容美发店,美容美发店,广东省,广州市,花都区,113.293954,23.493837
51,名艺美发轩,生活服务,美容美发店,美容美发店,广东省,广州市,花都区,113.293473,23.493295
52,三顺专业美容美发,生活服务,美容美发店,美容美发店,广东省,广州市,花都区,113.293501,23.493386
53,新标美发,生活服务,美容美发店,美容美发店,广东省,广州市,花都区,113.293413,23.49309
54,至尚烫染造型店,生活服务,美容美发店,美容美发店,广东省,广州市,花都区,113.293442,23.490109
55,钟仔理发店,生活服务,美容美发店,美容美发店,广东省,广州市,花都区,113.29397,23.493935
56,木北造型(九分店),生活服务,美容美发店,美容美发店,广东省,广州市,花都区,113.293746,23.493117
57,133汉仔美发,生活服务,美容美发店,美容美发店,广东省,广州市,花都区,113.333593,23.470239
58,潇洒发型,生活服务,美容美发店,美容美发店,广东省,广州市,花都区,113.293499,23.493122
59,九九发廊,生活服务,美容美发店,美容美发店,广东省,广州市,花都区,113.293388,23.492084
60,英姿美容美发,生活服务,美容美发店,美容美发店,广东省,广州市,花都区,113.297373,23.55078
61,站前发廊,生活服务,美容美发店,美容美发店,广东省,广州市,花都区,113.294761,23.547907
62,勇记美发,生活服务,美容美发店,美容美发店,广东省,广州市,花都区,113.295715,23.550352
63,丽妍坊,生活服务,美容美发店,美容美发店,广东省,广州市,花都区,113.294233,23.548173
64,君紫樱美发,生活服务,美容美发店,美容美发店,广东省,广州市,花都区,113.294199,23.547623
65,东方美发店,生活服务,美容美发店,美容美发店,广东省,广州市,花都区,113.291406,23.459705
66,山下理发店,生活服务,美容美发店,美容美发店,广东省,广州市,花都区,113.32471,23.417088
67,一枝花发型连锁店,生活服务,美容美发店,美容美发店,广东省,广州市,天河区,113.318812,23.173132
68,阿徐理发店,生活服务,美容美发店,美容美发店,广东省,广州市,天河区,113.319515,23.172927
69,施华蔻,生活服务,美容美发店,美容美发店,广东省,广州市,天河区,113.31891,23.173159
70,铭剪烫染王国(黄猄坳路店),生活服务,美容美发店,美容美发店,广东省,广州市,天河区,113.319089,23.174239
71,木格烫染洗护店,生活服务,美容美发店,美容美发店,广东省,广州市,天河区,113.319536,23.173166
72,苏之美甲,生活服务,美容美发店,美容美发店,广东省,广州市,天河区,113.319572,23.173233
73,苏の美甲,生活服务,美容美发店,美容美发店,广东省,广州市,天河区,113.319581,23.173227
74,新时代泰皇洗头,生活服务,美容美发店,美容美发店,广东省,广州市,白云区,113.317747,23.252707
75,金莎湾,生活服务,美容美发店,美容美发店,广东省,广州市,白云区,113.389319,23.33617
76,卡洛直营美发连锁,生活服务,美容美发店,美容美发店,广东省,广州市,白云区,113.389252,23.333208
77,申如遇见美甲美睫,生活服务,美容美发店,美容美发店,广东省,广州市,海珠区,113.398263,23.09177
78,名廊发型,生活服务,美容美发店,美容美发店,广东省,广州市,海珠区,113.39769,23.091953
79,匠人工作室,生活服务,美容美发店,美容美发店,广东省,广州市,海珠区,113.398344,23.091565
80,美更美专业美容养生中心,生活服务,美容美发店,美容美发店,广东省,广州市,海珠区,113.397428,23.093076
81,江海发型,生活服务,美容美发店,美容美发店,广东省,广州市,海珠区,113.397589,23.092012
82,美容美发,生活服务,美容美发店,美容美发店,广东省,广州市,海珠区,113.398301,23.093948
83,顶尚时尚领域造型,生活服务,美容美发店,美容美发店,广东省,广州市,海珠区,113.398223,23.091184
84,苏古造型,生活服务,美容美发店,美容美发店,广东省,广州市,海珠区,113.396098,23.092988
85,E.V HAIRSALON烫染造型,生活服务,美容美发店,美容美发店,广东省,广州市,天河区,113.399832,23.17165
86,理想型余生有理工作室,生活服务,美容美发店,美容美发店,广东省,广州市,天河区,113.399446,23.171351
87,雪姬秀美容养生馆,生活服务,美容美发店,美容美发店,广东省,广州市,天河区,113.400177,23.170512
88,发展理念,生活服务,美容美发店,美容美发店,广东省,广州市,番禺区,113.399345,22.934081
89,女王阁,生活服务,美容美发店,美容美发店,广东省,广州市,番禺区,113.395318,23.009702
90,美乐发廊,生活服务,美容美发店,美容美发店,广东省,广州市,番禺区,113.395199,23.010818
91,名剪轩专业发型设计,生活服务,美容美发店,美容美发店,广东省,广州市,南沙区,113.390048,22.78209
92,精剪理发店,生活服务,美容美发店,美容美发店,广东省,广州市,南沙区,113.390633,22.78141
93,仙纪美容院,生活服务,美容美发店,美容美发店,广东省,广州市,南沙区,113.389753,22.863678
94,尚谦烫染店,生活服务,美容美发店,美容美发店,广东省,广州市,南沙区,113.389021,22.841978
95,天天美发,生活服务,美容美发店,美容美发店,广东省,广州市,南沙区,113.388036,22.841167
96,名燕美发,生活服务,美容美发店,美容美发店,广东省,广州市,南沙区,113.41054,22.869271
97,美美理发店,生活服务,美容美发店,美容美发店,广东省,广州市,南沙区,113.409457,22.870452
98,素研·舍业,生活服务,美容美发店,美容美发店,广东省,广州市,从化区,113.413608,23.701478
99,英田美业,生活服务,美容美发店,美容美发店,广东省,广州市,南沙区,113.40464,22.88527
100,华美丝,生活服务,美容美发店,美容美发店,广东省,广州市,南沙区,113.404454,22.885685
101,阿莲发廊,生活服务,美容美发店,美容美发店,广东省,广州市,从化区,113.409439,23.664859
102,英姐美发室,生活服务,美容美发店,美容美发店,广东省,广州市,从化区,113.415622,23.649484
103,Han流美发salon,生活服务,美容美发店,美容美发店,广东省,广州市,从化区,113.416013,23.650158
104,英子理发,生活服务,美容美发店,美容美发店,广东省,广州市,从化区,113.41489,23.667299
105,联记发屋,生活服务,美容美发店,美容美发店,广东省,广州市,从化区,113.414941,23.666978
106,格调工作室,生活服务,美容美发店,美容美发店,广东省,广州市,从化区,113.413368,23.668585
107,古贝理发店,生活服务,美容美发店,美容美发店,广东省,广州市,从化区,113.41561,23.667663
108,绣姿美容美发店,生活服务,美容美发店,美容美发店,广东省,广州市,从化区,113.414376,23.669031
109,潇洒发廊,生活服务,美容美发店,美容美发店,广东省,广州市,从化区,113.414743,23.669772
110,GH美容美体会所,生活服务,美容美发店,美容美发店,广东省,广州市,从化区,113.415255,23.668571
111,发缘地美容美发,生活服务,美容美发店,美容美发店,广东省,广州市,从化区,113.415165,23.668701
112,闺密坊,生活服务,美容美发店,美容美发店,广东省,广州市,从化区,113.415222,23.669046
113,美发店伍六七,生活服务,美容美发店,美容美发店,广东省,广州市,从化区,113.414533,23.669952
114,广州市花都区花东基本发理发店,生活服务,美容美发店,美容美发店,广东省,广州市,花都区,113.420522,23.424409
115,名发轩,生活服务,美容美发店,美容美发店,广东省,广州市,花都区,113.420765,23.422645
116,鸿运美发,生活服务,美容美发店,美容美发店,广东省,广州市,花都区,113.411848,23.408202
117,喜威燃气莘田便民服务部,生活服务,美容美发店,美容美发店,广东省,广州市,花都区,113.411003,23.407011
118,莘田美发,生活服务,美容美发店,美容美发店,广东省,广州市,花都区,113.411391,23.407445
119,漂亮寳贝6号工作室,生活服务,美容美发店,美容美发店,广东省,广州市,白云区,113.406758,23.382779
120,新生婴儿沐浴产前产后护理咨询,生活服务,美容美发店,美容美发店,广东省,广州市,花都区,113.410412,23.40357
121,白宫SPA养生会所,生活服务,美容美发店,美容美发店,广东省,广州市,花都区,113.360554,23.457373
122,乐剪,生活服务,美容美发店,美容美发店,广东省,广州市,花都区,113.358611,23.457363
123,来美容(富力金港城分店),生活服务,美容美发店,美容美发店,广东省,广州市,花都区,113.358838,23.457386
124,欧歌·美邦,生活服务,美容美发店,美容美发店,广东省,广州市,花都区,113.359118,23.457477
125,红人坊发型定制,生活服务,美容美发店,美容美发店,广东省,广州市,花都区,113.360537,23.457558
126,艾里拉美容养生会所,生活服务,美容美发店,美容美发店,广东省,广州市,花都区,113.358629,23.457106
127,e剪美,生活服务,美容美发店,美容美发店,广东省,广州市,花都区,113.360546,23.457291
128,阿兰发廊,生活服务,美容美发店,美容美发店,广东省,广州市,从化区,113.494751,23.481826
129,莲塘理发店,生活服务,美容美发店,美容美发店,广东省,广州市,从化区,113.49423,23.481938
130,皮秒洗纹身店,生活服务,美容美发店,美容美发店,广东省,广州市,从化区,113.501996,23.474642
131,致美造型,生活服务,美容美发店,美容美发店,广东省,广州市,从化区,113.495681,23.461338
132,创意理发店,生活服务,美容美发店,美容美发店,广东省,广州市,从化区,113.498329,23.461712
133,红发贵族发型专家,生活服务,美容美发店,美容美发店,广东省,广州市,花都区,113.419637,23.424446
134,一剪美陈洞专营店,生活服务,美容美发店,美容美发店,广东省,广州市,白云区,113.451186,23.328011
135,水莲花经络美容养生,生活服务,美容美发店,美容美发店,广东省,广州市,白云区,113.45093,23.327855
136,起点发艺,生活服务,美容美发店,美容美发店,广东省,广州市,白云区,113.450109,23.331723
137,莹莹发廊,生活服务,美容美发店,美容美发店,广东省,广州市,白云区,113.449981,23.329665
138,友好理发店,生活服务,美容美发店,美容美发店,广东省,广州市,白云区,113.449599,23.332482
139,闪电减肥训练营,生活服务,美容美发店,美容美发店,广东省,广州市,白云区,113.448645,23.304788
140,水芙蓉美容理疗馆,生活服务,美容美发店,美容美发店,广东省,广州市,黄埔区,113.517426,23.353731
141,AJ造型,生活服务,美容美发店,美容美发店,广东省,广州市,白云区,113.448879,23.367928
142,佳贻理发屋,生活服务,美容美发店,美容美发店,广东省,广州市,白云区,113.478368,23.411906
143,基本发理发店,生活服务,美容美发店,美容美发店,广东省,广州市,白云区,113.478,23.411439
144,桃语养生馆,生活服务,美容美发店,美容美发店,广东省,广州市,白云区,113.477171,23.409267
145,尚艺造型,生活服务,美容美发店,美容美发店,广东省,广州市,白云区,113.468632,23.416916
146,潮剪,生活服务,美容美发店,美容美发店,广东省,广州市,黄埔区,113.480149,23.168961
147,资深徒手塑形专业经络疏通,生活服务,美容美发店,美容美发店,广东省,广州市,黄埔区,113.477956,23.175776
148,BOBO烫染,生活服务,美容美发店,美容美发店,广东省,广州市,白云区,113.469152,23.253776
149,米兰造型,生活服务,美容美发店,美容美发店,广东省,广州市,白云区,113.469143,23.253792
150,发学院互联网美发,生活服务,美容美发店,美容美发店,广东省,广州市,白云区,113.469074,23.253665
151,T·M美甲造型,生活服务,美容美发店,美容美发店,广东省,广州市,白云区,113.468765,23.253887
152,创意发型屋,生活服务,美容美发店,美容美发店,广东省,广州市,白云区,113.461811,23.261551
153,曦阳纹绣美甲,生活服务,美容美发店,美容美发店,广东省,广州市,白云区,113.463375,23.262581
154,菲梵美容养生工作室,生活服务,美容美发店,美容美发店,广东省,广州市,白云区,113.46145,23.261211
155,兴丰理发店,生活服务,美容美发店,美容美发店,广东省,广州市,白云区,113.486139,23.26938
156,金玫瑰美发室,生活服务,美容美发店,美容美发店,广东省,广州市,白云区,113.460818,23.261418
157,快乐专业理发师匠,生活服务,美容美发店,美容美发店,广东省,广州市,白云区,113.460707,23.261535
158,小山羊美业,生活服务,美容美发店,美容美发店,广东省,广州市,白云区,113.457266,23.261404
159,T.NA美颜定制,生活服务,美容美发店,美容美发店,广东省,广州市,白云区,113.456988,23.261868
160,丫丫美妍机构,生活服务,美容美发店,美容美发店,广东省,广州市,白云区,113.456421,23.261803
161,沙宣造型,生活服务,美容美发店,美容美发店,广东省,广州市,白云区,113.455195,23.26181
162,喵小姐美妆台,生活服务,美容美发店,美容美发店,广东省,广州市,白云区,113.4557,23.262156
163,曼调丝理专业发型设计,生活服务,美容美发店,美容美发店,广东省,广州市,白云区,113.456183,23.261886
164,茵子美甲美睫纹身,生活服务,美容美发店,美容美发店,广东省,广州市,白云区,113.455496,23.262197
165,创意精剪,生活服务,美容美发店,美容美发店,广东省,广州市,番禺区,113.469732,23.017
166,品味美发店,生活服务,美容美发店,美容美发店,广东省,广州市,番禺区,113.46743,23.011955
167,潇洒发艺,生活服务,美容美发店,美容美发店,广东省,广州市,番禺区,113.466607,23.009536
168,雅轩名店,生活服务,美容美发店,美容美发店,广东省,广州市,黄埔区,113.479088,23.093828
169,彬彬美发美容,生活服务,美容美发店,美容美发店,广东省,广州市,黄埔区,113.478684,23.09503
170,甲壳虫,生活服务,美容美发店,美容美发店,广东省,广州市,黄埔区,113.478737,23.094255
171,仟禧美容养生,生活服务,美容美发店,美容美发店,广东省,广州市,黄埔区,113.478545,23.093953
172,源源理发店,生活服务,美容美发店,美容美发店,广东省,广州市,黄埔区,113.472507,23.097564
173,阿红理发店,生活服务,美容美发店,美容美发店,广东省,广州市,从化区,113.476518,23.656717
174,嘉年华美发美容中心,生活服务,美容美发店,美容美发店,广东省,广州市,从化区,113.473619,23.657023
175,百利美发,生活服务,美容美发店,美容美发店,广东省,广州市,从化区,113.473474,23.657325
176,艺兴造型,生活服务,美容美发店,美容美发店,广东省,广州市,从化区,113.47337,23.657337
177,扬子远红外养生光波房,生活服务,美容美发店,美容美发店,广东省,广州市,从化区,113.472195,23.656173
178,小小理发店,生活服务,美容美发店,美容美发店,广东省,广州市,从化区,113.451324,23.632823
179,环美美发店,生活服务,美容美发店,美容美发店,广东省,广州市,黄埔区,113.48075,23.090381
180,霸龙纹身洗纹身,生活服务,美容美发店,美容美发店,广东省,广州市,黄埔区,113.475439,23.094796
181,一丝风尚,生活服务,美容美发店,美容美发店,广东省,广州市,花都区,112.962211,23.434708
182,柏斯特美容美发,生活服务,美容美发店,美容美发店,广东省,广州市,黄埔区,113.470283,23.097555
183,妮尚造型,生活服务,美容美发店,美容美发店,广东省,广州市,黄埔区,113.469211,23.096001
184,创艺美发造型,生活服务,美容美发店,美容美发店,广东省,广州市,黄埔区,113.489585,23.089186
185,华姐理发店,生活服务,美容美发店,美容美发店,广东省,广州市,黄埔区,113.470764,23.0996
186,丽剪造型,生活服务,美容美发店,美容美发店,广东省,广州市,黄埔区,113.489613,23.08958
187,时尚名剪,生活服务,美容美发店,美容美发店,广东省,广州市,黄埔区,113.470627,23.099686
188,喜宝·INDIBA健康体疗中心,生活服务,美容美发店,美容美发店,广东省,广州市,黄埔区,113.468629,23.095263
189,BOB造型工作室,生活服务,美容美发店,美容美发店,广东省,广州市,黄埔区,113.469067,23.100205
190,炫发组合设计中心,生活服务,美容美发店,美容美发店,广东省,广州市,黄埔区,113.468353,23.10071
191,ESPASSE依柏诗(黄埔万科中心店),生活服务,美容美发店,美容美发店,广东省,广州市,黄埔区,113.469379,23.095798
192,美都时尚造型,生活服务,美容美发店,美容美发店,广东省,广州市,黄埔区,113.468234,23.100804
193,辛格灵美发沙龙,生活服务,美容美发店,美容美发店,广东省,广州市,黄埔区,113.469355,23.105263
194,ZLL HAIR SALON,生活服务,美容美发店,美容美发店,广东省,广州市,花都区,113.092938,23.407883
195,女神轻奢美学,生活服务,美容美发店,美容美发店,广东省,广州市,花都区,113.092332,23.406149
196,风尚造型设计,生活服务,美容美发店,美容美发店,广东省,广州市,花都区,113.081608,23.386064
197,爱尚美美容美甲造型中心,生活服务,美容美发店,美容美发店,广东省,广州市,花都区,113.092329,23.406323
198,白房子形象设计工作室,生活服务,美容美发店,美容美发店,广东省,广州市,花都区,113.093964,23.408077
199,丽雅美容美发,生活服务,美容美发店,美容美发店,广东省,广州市,花都区,113.080977,23.384922
200,丽颜坊美容养生馆,生活服务,美容美发店,美容美发店,广东省,广州市,花都区,113.104098,23.333269
201,博美美容,生活服务,美容美发店,美容美发店,广东省,广州市,花都区,113.10067,23.326456
202,艺简坊,生活服务,美容美发店,美容美发店,广东省,广州市,花都区,113.106508,23.334167
203,发现专业烫染,生活服务,美容美发店,美容美发店,广东省,广州市,花都区,113.186202,23.470372
204,名发,生活服务,美容美发店,美容美发店,广东省,广州市,花都区,113.172165,23.46278
205,精剪美发,生活服务,美容美发店,美容美发店,广东省,广州市,花都区,113.166007,23.459441
206,新发现专业烫染店,生活服务,美容美发店,美容美发店,广东省,广州市,花都区,113.164266,23.481422
207,新发现专业染烫店,生活服务,美容美发店,美容美发店,广东省,广州市,花都区,113.164289,23.481414
208,名匠美容美发纹绣(盘古北路),生活服务,美容美发店,美容美发店,广东省,广州市,花都区,113.156263,23.469364
209,群成美发店,生活服务,美容美发店,美容美发店,广东省,广州市,花都区,113.146546,23.347804
210,黑头发,生活服务,美容美发店,美容美发店,广东省,广州市,花都区,113.161384,23.409108
211,缘聚美容保健,生活服务,美容美发店,美容美发店,广东省,广州市,花都区,113.161429,23.408874
212,皮卡丘托尼,生活服务,美容美发店,美容美发店,广东省,广州市,花都区,113.161517,23.408528
213,千艺造型,生活服务,美容美发店,美容美发店,广东省,广州市,花都区,113.161687,23.408547
214,专业美发美容美甲,生活服务,美容美发店,美容美发店,广东省,广州市,花都区,113.161748,23.40853
215,执发者,生活服务,美容美发店,美容美发店,广东省,广州市,花都区,113.162166,23.408288
216,美颜坊,生活服务,美容美发店,美容美发店,广东省,广州市,花都区,113.163069,23.407183
217,创艺发型设计,生活服务,美容美发店,美容美发店,广东省,广州市,花都区,113.164025,23.407868
218,美一天时尚造型美发,生活服务,美容美发店,美容美发店,广东省,广州市,花都区,113.162791,23.407517
219,漂亮造型(新村三巷),生活服务,美容美发店,美容美发店,广东省,广州市,花都区,113.162796,23.407512
220,娇兰专业美容连锁,生活服务,美容美发店,美容美发店,广东省,广州市,花都区,113.162613,23.40733
221,丽雅轩美容护肤中心,生活服务,美容美发店,美容美发店,广东省,广州市,花都区,113.164092,23.40765
222,遇见美睫美甲,生活服务,美容美发店,美容美发店,广东省,广州市,花都区,113.164083,23.407376
223,百年雪肌专业祛斑,生活服务,美容美发店,美容美发店,广东省,广州市,花都区,113.162655,23.406143
224,瑄蓉爱之家美容养生中心,生活服务,美容美发店,美容美发店,广东省,广州市,花都区,113.16368,23.407225
225,艾尚造型(平步大道西路),生活服务,美容美发店,美容美发店,广东省,广州市,花都区,113.163692,23.407247
226,兰蔻护肤中心,生活服务,美容美发店,美容美发店,广东省,广州市,花都区,113.163158,23.406284
227,时尚丝恋,生活服务,美容美发店,美容美发店,广东省,广州市,花都区,113.163079,23.406246
228,善美专业发型设计,生活服务,美容美发店,美容美发店,广东省,广州市,花都区,113.167352,23.419256
229,阿敏美容屋,生活服务,美容美发店,美容美发店,广东省,广州市,增城区,113.796946,23.172582
230,发茹美,生活服务,美容美发店,美容美发店,广东省,广州市,增城区,113.794876,23.172677
231,KiKi美甲美睫,生活服务,美容美发店,美容美发店,广东省,广州市,增城区,113.795296,23.171387
232,前沿造型,生活服务,美容美发店,美容美发店,广东省,广州市,增城区,113.794826,23.170988
233,威美发廊,生活服务,美容美发店,美容美发店,广东省,广州市,增城区,113.795598,23.170744
234,美婷苑美容养生生活馆,生活服务,美容美发店,美容美发店,广东省,广州市,增城区,113.795617,23.170638
235,美雪理发店形象沙龙,生活服务,美容美发店,美容美发店,广东省,广州市,增城区,113.794658,23.173376
236,粤剪美发,生活服务,美容美发店,美容美发店,广东省,广州市,增城区,113.794512,23.172926
237,名典美甲,生活服务,美容美发店,美容美发店,广东省,广州市,增城区,113.794582,23.171475
238,肥仔理发店,生活服务,美容美发店,美容美发店,广东省,广州市,增城区,113.787627,23.173555
239,碧波庭专业美胸会所,生活服务,美容美发店,美容美发店,广东省,广州市,增城区,113.796207,23.170276
240,碧雅美容院,生活服务,美容美发店,美容美发店,广东省,广州市,增城区,113.79358,23.171785
241,清清美容美发,生活服务,美容美发店,美容美发店,广东省,广州市,增城区,113.795635,23.169658
242,月丽沙美发店,生活服务,美容美发店,美容美发店,广东省,广州市,增城区,113.795377,23.169823
243,康婷健康养颜馆,生活服务,美容美发店,美容美发店,广东省,广州市,增城区,113.796211,23.170263
244,仟佰惠美容养生馆,生活服务,美容美发店,美容美发店,广东省,广州市,增城区,113.793629,23.171838
245,高雅发廊总店,生活服务,美容美发店,美容美发店,广东省,广州市,增城区,113.79506,23.26226
246,豫涵造型,生活服务,美容美发店,美容美发店,广东省,广州市,增城区,113.789423,23.25833
247,广州市增城芭欧美容中心,生活服务,美容美发店,美容美发店,广东省,广州市,增城区,113.798752,23.265213
248,妍肌美容店,生活服务,美容美发店,美容美发店,广东省,广州市,增城区,113.81086,23.261141
249,宠美美甲店,生活服务,美容美发店,美容美发店,广东省,广州市,增城区,113.811494,23.263378
250,梅缘理发店,生活服务,美容美发店,美容美发店,广东省,广州市,从化区,113.786378,23.743493
251,东清理发店,生活服务,美容美发店,美容美发店,广东省,广州市,增城区,113.784843,23.489353
252,锋花发型屋,生活服务,美容美发店,美容美发店,广东省,广州市,增城区,113.78472,23.489314
253,雅丝造型,生活服务,美容美发店,美容美发店,广东省,广州市,增城区,113.783371,23.489968
254,q造型机构,生活服务,美容美发店,美容美发店,广东省,广州市,增城区,113.783844,23.488913
255,发飘扬,生活服务,美容美发店,美容美发店,广东省,广州市,增城区,113.783426,23.488217
256,理发店,生活服务,美容美发店,美容美发店,广东省,广州市,增城区,113.783556,23.488138
257,3AN工作室,生活服务,美容美发店,美容美发店,广东省,广州市,增城区,113.783476,23.488298
258,XCOL私人工作室,生活服务,美容美发店,美容美发店,广东省,广州市,增城区,113.783126,23.48907
259,CL私人工作室,生活服务,美容美发店,美容美发店,广东省,广州市,增城区,113.782991,23.489088
260,WR皮肤管理中心,生活服务,美容美发店,美容美发店,广东省,广州市,增城区,113.78291,23.488937
261,欧韩,生活服务,美容美发店,美容美发店,广东省,广州市,增城区,113.783544,23.488552
262,你我她养生馆,生活服务,美容美发店,美容美发店,广东省,广州市,增城区,113.778531,23.486631
263,爱美阁美容护肤,生活服务,美容美发店,美容美发店,广东省,广州市,增城区,113.779921,23.482228
264,StyIe,生活服务,美容美发店,美容美发店,广东省,广州市,增城区,113.780755,23.483794
265,茶氏家族养生养发馆,生活服务,美容美发店,美容美发店,广东省,广州市,增城区,113.780258,23.481346
266,绿树发艺,生活服务,美容美发店,美容美发店,广东省,广州市,增城区,113.779255,23.484279
267,凯蒂芬养生馆,生活服务,美容美发店,美容美发店,广东省,广州市,增城区,113.778785,23.483067
268,容容美发,生活服务,美容美发店,美容美发店,广东省,广州市,增城区,113.833076,23.295921
269,精艺美发,生活服务,美容美发店,美容美发店,广东省,广州市,增城区,113.819022,23.293864
270,五小时,生活服务,美容美发店,美容美发店,广东省,广州市,增城区,113.824911,23.304877
271,名雅美发,生活服务,美容美发店,美容美发店,广东省,广州市,增城区,113.828437,23.29772
272,绮捷香薰精油养生馆,生活服务,美容美发店,美容美发店,广东省,广州市,增城区,113.817475,23.303174
273,齐美发廊,生活服务,美容美发店,美容美发店,广东省,广州市,增城区,113.79306,23.416466
274,新城发廊,生活服务,美容美发店,美容美发店,广东省,广州市,增城区,113.793133,23.416607
275,光与电造型工作室,生活服务,美容美发店,美容美发店,广东省,广州市,增城区,113.793054,23.416483
276,初色美容美体养生馆,生活服务,美容美发店,美容美发店,广东省,广州市,增城区,113.792337,23.415923
277,广州美肌时光健康美容养生馆,生活服务,美容美发店,美容美发店,广东省,广州市,增城区,113.793659,23.416159
278,美威发廊,生活服务,美容美发店,美容美发店,广东省,广州市,增城区,113.792403,23.416707
279,美肌时光纹绣美容光波房养生馆,生活服务,美容美发店,美容美发店,广东省,广州市,增城区,113.793867,23.41614
280,广州市增城精剪沙,生活服务,美容美发店,美容美发店,广东省,广州市,增城区,113.792701,23.417214
281,美妍健康美容管理中心,生活服务,美容美发店,美容美发店,广东省,广州市,增城区,113.791737,23.415771
282,魅力人生,生活服务,美容美发店,美容美发店,广东省,广州市,增城区,113.792573,23.417174
283,名诗阁美容美发店,生活服务,美容美发店,美容美发店,广东省,广州市,增城区,113.791397,23.416295
284,缘来发屋,生活服务,美容美发店,美容美发店,广东省,广州市,增城区,113.791051,23.416223
285,10元快剪,生活服务,美容美发店,美容美发店,广东省,广州市,增城区,113.790851,23.415838
286,峰尚发型设计,生活服务,美容美发店,美容美发店,广东省,广州市,增城区,113.790914,23.416679
287,理发室,生活服务,美容美发店,美容美发店,广东省,广州市,增城区,113.792608,23.418475
288,榆英美容养生馆,生活服务,美容美发店,美容美发店,广东省,广州市,增城区,113.792049,23.418686
289,康雅美发,生活服务,美容美发店,美容美发店,广东省,广州市,增城区,113.792722,23.41787
290,诗媛·美妆馆,生活服务,美容美发店,美容美发店,广东省,广州市,增城区,113.791607,23.419623
291,巧美理发店,生活服务,美容美发店,美容美发店,广东省,广州市,增城区,113.8272,23.42227
292,静美理发厅造型设计,生活服务,美容美发店,美容美发店,广东省,广州市,增城区,113.892322,23.414555
293,时剪理发店,生活服务,美容美发店,美容美发店,广东省,广州市,增城区,113.892387,23.414494
294,来记理发店,生活服务,美容美发店,美容美发店,广东省,广州市,增城区,113.892249,23.415366
295,时剪发型设计,生活服务,美容美发店,美容美发店,广东省,广州市,增城区,113.892538,23.414597
296,静之秀理发店,生活服务,美容美发店,美容美发店,广东省,广州市,增城区,113.8925,23.415378
297,A6艺术造型,生活服务,美容美发店,美容美发店,广东省,广州市,增城区,113.892764,23.41301
298,高雅发廊,生活服务,美容美发店,美容美发店,广东省,广州市,增城区,113.89402,23.413433
299,彩轩美发,生活服务,美容美发店,美容美发店,广东省,广州市,增城区,113.894033,23.413721
300,雅雅美容美发,生活服务,美容美发店,美容美发店,广东省,广州市,增城区,113.894478,23.416727
301,尚赫养生美容馆,生活服务,美容美发店,美容美发店,广东省,广州市,增城区,113.89469,23.416456
302,国颐堂美发店,生活服务,美容美发店,美容美发店,广东省,广州市,增城区,113.804332,23.299833
303,健美发线,生活服务,美容美发店,美容美发店,广东省,广州市,增城区,113.806093,23.299897
304,科美美容养生中心,生活服务,美容美发店,美容美发店,广东省,广州市,增城区,113.804546,23.29961
305,百莲凯(云山店),生活服务,美容美发店,美容美发店,广东省,广州市,增城区,113.804237,23.299601
306,欧茵曼美容美体养生馆,生活服务,美容美发店,美容美发店,广东省,广州市,增城区,113.802103,23.29933
307,婷婷美容养生馆,生活服务,美容美发店,美容美发店,广东省,广州市,增城区,113.806293,23.299614
308,新美发,生活服务,美容美发店,美容美发店,广东省,广州市,增城区,113.806345,23.299542
309,米兰造型(华立18分店),生活服务,美容美发店,美容美发店,广东省,广州市,增城区,113.866258,23.23722
310,Amy造型,生活服务,美容美发店,美容美发店,广东省,广州市,增城区,113.866208,23.237149
311,顶尖美发,生活服务,美容美发店,美容美发店,广东省,广州市,增城区,113.859416,23.243928
312,胡子哥男士复古油头馆,生活服务,美容美发店,美容美发店,广东省,广州市,增城区,113.843844,23.298366
313,艾叶养生馆(康美爱家增城分店),生活服务,美容美发店,美容美发店,广东省,广州市,增城区,113.847637,23.302804
314,新刺客纹身工作室(1978创意园店),生活服务,美容美发店,美容美发店,广东省,广州市,增城区,113.84324,23.295417
315,金莎发型工作室,生活服务,美容美发店,美容美发店,广东省,广州市,增城区,113.861605,23.184806
316,阿香理发店,生活服务,美容美发店,美容美发店,广东省,广州市,增城区,113.861524,23.184825
317,明发廊,生活服务,美容美发店,美容美发店,广东省,广州市,增城区,113.857603,23.18527
318,心银理发铺,生活服务,美容美发店,美容美发店,广东省,广州市,增城区,113.859423,23.184768
319,艺文美容美发,生活服务,美容美发店,美容美发店,广东省,广州市,增城区,113.859045,23.184913
320,AK·SALON,生活服务,美容美发店,美容美发店,广东省,广州市,增城区,113.859415,23.185337
321,好旺来发型设计中心,生活服务,美容美发店,美容美发店,广东省,广州市,增城区,113.859189,23.185616
322,海涛发廊,生活服务,美容美发店,美容美发店,广东省,广州市,增城区,113.858442,23.18518
323,花花美容养生馆,生活服务,美容美发店,美容美发店,广东省,广州市,增城区,113.858531,23.185844
324,简艺发型工作室,生活服务,美容美发店,美容美发店,广东省,广州市,增城区,113.858486,23.186251
325,全意产后修复经络养生,生活服务,美容美发店,美容美发店,广东省,广州市,增城区,113.858234,23.186288
326,理想工作室,生活服务,美容美发店,美容美发店,广东省,广州市,增城区,113.858454,23.186261
327,艾丽素美容养生会所,生活服务,美容美发店,美容美发店,广东省,广州市,增城区,113.856714,23.185714
328,广州市增城如利美容店,生活服务,美容美发店,美容美发店,广东省,广州市,增城区,113.856078,23.188805
329,御尚美皮肤管理养生中心,生活服务,美容美发店,美容美发店,广东省,广州市,增城区,113.855656,23.186987
330,诗婷美容养生馆,生活服务,美容美发店,美容美发店,广东省,广州市,增城区,113.853458,23.182244
331,天天理发店,生活服务,美容美发店,美容美发店,广东省,广州市,增城区,113.855854,23.186718
332,双双理发店,生活服务,美容美发店,美容美发店,广东省,广州市,增城区,113.854541,23.18638
333,鑫相悦,生活服务,美容美发店,美容美发店,广东省,广州市,增城区,113.85269,23.185939
334,真倩美,生活服务,美容美发店,美容美发店,广东省,广州市,增城区,113.852443,23.186836
335,罗浮山泉原生态瘦身鱼,生活服务,美容美发店,美容美发店,广东省,广州市,增城区,113.850238,23.185057
336,发国发廊,生活服务,美容美发店,美容美发店,广东省,广州市,从化区,113.952461,23.811333
337,情艺美发店,生活服务,美容美发店,美容美发店,广东省,广州市,从化区,113.951462,23.811145
338,新发现专业发型设计,生活服务,美容美发店,美容美发店,广东省,广州市,从化区,113.951478,23.81077
339,惠涛美发,生活服务,美容美发店,美容美发店,广东省,广州市,从化区,113.951256,23.811007
340,真诗美发,生活服务,美容美发店,美容美发店,广东省,广州市,从化区,113.951339,23.810326
341,大众美发,生活服务,美容美发店,美容美发店,广东省,广州市,从化区,113.951407,23.81007
342,林仔发型设计,生活服务,美容美发店,美容美发店,广东省,广州市,从化区,113.950732,23.809673
343,梦云发艺(美发店),生活服务,美容美发店,美容美发店,广东省,广州市,从化区,113.924374,23.776296
344,嘉龙美发,生活服务,美容美发店,美容美发店,广东省,广州市,从化区,113.555874,23.563584
345,蒸姜沐足休闲养生,生活服务,美容美发店,美容美发店,广东省,广州市,从化区,113.544431,23.562366
346,富仔理发店,生活服务,美容美发店,美容美发店,广东省,广州市,从化区,113.559375,23.5615
347,扬子远红外养生光波房,生活服务,美容美发店,美容美发店,广东省,广州市,从化区,113.552352,23.615015
348,恒信美发,生活服务,美容美发店,美容美发店,广东省,广州市,从化区,113.563151,23.558957
349,杰森造型烫染店,生活服务,美容美发店,美容美发店,广东省,广州市,从化区,113.544318,23.561518
350,发之缘,生活服务,美容美发店,美容美发店,广东省,广州市,从化区,113.574094,23.582689
351,创美形象设计,生活服务,美容美发店,美容美发店,广东省,广州市,从化区,113.544703,23.561088
352,藏奥堂健康养生馆,生活服务,美容美发店,美容美发店,广东省,广州市,从化区,113.574384,23.583076
353,发缘地造型工作室,生活服务,美容美发店,美容美发店,广东省,广州市,从化区,113.573609,23.585029
354,美颜阁,生活服务,美容美发店,美容美发店,广东省,广州市,从化区,113.572673,23.558486
355,再来美发型设计,生活服务,美容美发店,美容美发店,广东省,广州市,从化区,113.572973,23.557549
356,奇丝妙剪烫染设计,生活服务,美容美发店,美容美发店,广东省,广州市,从化区,113.571834,23.556147
357,欧泉美业,生活服务,美容美发店,美容美发店,广东省,广州市,从化区,113.571699,23.557567
358,冬伊人养生馆,生活服务,美容美发店,美容美发店,广东省,广州市,从化区,113.571752,23.555589
359,专业开区保诺洗,生活服务,美容美发店,美容美发店,广东省,广州市,从化区,113.546181,23.494549
360,植物无氨染发理发店,生活服务,美容美发店,美容美发店,广东省,广州市,从化区,113.566033,23.503069
361,米菲儿美容美发,生活服务,美容美发店,美容美发店,广东省,广州市,从化区,113.566314,23.503445
362,尹姬美容,生活服务,美容美发店,美容美发店,广东省,广州市,从化区,113.542015,23.482754
363,领尚美业烫染连锁机构,生活服务,美容美发店,美容美发店,广东省,广州市,从化区,113.54204,23.485021
364,新艺发廊,生活服务,美容美发店,美容美发店,广东省,广州市,从化区,113.529851,23.485847
365,维娜美容,生活服务,美容美发店,美容美发店,广东省,广州市,从化区,113.535979,23.490706
366,卡尔造型,生活服务,美容美发店,美容美发店,广东省,广州市,从化区,113.535723,23.491016
367,潇洒发廊,生活服务,美容美发店,美容美发店,广东省,广州市,黄埔区,113.557379,23.268611
368,如意造型,生活服务,美容美发店,美容美发店,广东省,广州市,黄埔区,113.558358,23.270885
369,美来康美发,生活服务,美容美发店,美容美发店,广东省,广州市,黄埔区,113.546699,23.275825
370,美丽E栈(广州萝岗店),生活服务,美容美发店,美容美发店,广东省,广州市,黄埔区,113.553181,23.325822
371,沙宣形象管理工作室,生活服务,美容美发店,美容美发店,广东省,广州市,黄埔区,113.553808,23.325638
372,沙宣理发店,生活服务,美容美发店,美容美发店,广东省,广州市,黄埔区,113.553604,23.32554
373,中脉美丽,生活服务,美容美发店,美容美发店,广东省,广州市,黄埔区,113.553761,23.325271
374,梦鹿工作室(美甲美睫皮肤管理),生活服务,美容美发店,美容美发店,广东省,广州市,黄埔区,113.553578,23.325667
375,庆盛堂美容店,生活服务,美容美发店,美容美发店,广东省,广州市,南沙区,113.485213,22.860736
376,金黎一族专业发型设计,生活服务,美容美发店,美容美发店,广东省,广州市,南沙区,113.486358,22.861315
377,M+美甲屋,生活服务,美容美发店,美容美发店,广东省,广州市,番禺区,113.476256,22.939537
378,亚运城金嘉商业城三营多美发连锁总店,生活服务,美容美发店,美容美发店,广东省,广州市,番禺区,113.476234,22.93961
379,艾尚美业,生活服务,美容美发店,美容美发店,广东省,广州市,番禺区,113.476113,22.939806
380,花音美甲店,生活服务,美容美发店,美容美发店,广东省,广州市,番禺区,113.476147,22.939752
381,丽优纹绣美甲,生活服务,美容美发店,美容美发店,广东省,广州市,番禺区,113.476076,22.939847
382,鬼首刺青穿孔洗纹身,生活服务,美容美发店,美容美发店,广东省,广州市,番禺区,113.475985,22.940173
383,米亚美甲店,生活服务,美容美发店,美容美发店,广东省,广州市,番禺区,113.475756,22.940302
384,雅馨安娜美容养生馆,生活服务,美容美发店,美容美发店,广东省,广州市,番禺区,113.476723,22.94141
385,印奈儿国际美业(亚运城广场店),生活服务,美容美发店,美容美发店,广东省,广州市,番禺区,113.476544,22.941422
386,云曼美业(亚运城广场店),生活服务,美容美发店,美容美发店,广东省,广州市,番禺区,113.47594,22.941355
387,莎瑞兰美容养生馆(亚运城广场店),生活服务,美容美发店,美容美发店,广东省,广州市,番禺区,113.475262,22.940987
388,雪儿理发店,生活服务,美容美发店,美容美发店,广东省,广州市,南沙区,113.497624,22.780204
389,名剪发型工作室,生活服务,美容美发店,美容美发店,广东省,广州市,南沙区,113.493548,22.755608
390,亭亭理发店,生活服务,美容美发店,美容美发店,广东省,广州市,南沙区,113.501943,22.768017
391,花心丝,生活服务,美容美发店,美容美发店,广东省,广州市,南沙区,113.493923,22.755258
392,润夫堂皮肤健康免费试用中心,生活服务,美容美发店,美容美发店,广东省,广州市,南沙区,113.499289,22.755951
393,婷依缘美容美发,生活服务,美容美发店,美容美发店,广东省,广州市,南沙区,113.497184,22.749577
394,万洲市场理发店,生活服务,美容美发店,美容美发店,广东省,广州市,南沙区,113.474563,22.806445
395,啊新理发店,生活服务,美容美发店,美容美发店,广东省,广州市,南沙区,113.496761,22.809231
396,小淇哥美发,生活服务,美容美发店,美容美发店,广东省,广州市,南沙区,113.489019,22.73406
397,紫莲华美容养生中心,生活服务,美容美发店,美容美发店,广东省,广州市,南沙区,113.486677,22.733206
398,匠品形象定制,生活服务,美容美发店,美容美发店,广东省,广州市,南沙区,113.501331,22.807261
399,髪之缘,生活服务,美容美发店,美容美发店,广东省,广州市,南沙区,113.48992,22.733006
400,利民美容美发,生活服务,美容美发店,美容美发店,广东省,广州市,从化区,113.65596,23.644514
401,水库瘦身鱼,生活服务,美容美发店,美容美发店,广东省,广州市,从化区,113.655592,23.644614
402,美丝发型设计中心,生活服务,美容美发店,美容美发店,广东省,广州市,从化区,113.658793,23.641456
403,宝鼎会健康生活馆,生活服务,美容美发店,美容美发店,广东省,广州市,从化区,113.637464,23.629598
404,领绣健康光波排毒养生馆,生活服务,美容美发店,美容美发店,广东省,广州市,从化区,113.657691,23.641299
405,新新美发,生活服务,美容美发店,美容美发店,广东省,广州市,从化区,113.664546,23.709725
406,爱尚坊美容店,生活服务,美容美发店,美容美发店,广东省,广州市,番禺区,113.48702,22.95685
407,韩蒸王朝美容养生馆,生活服务,美容美发店,美容美发店,广东省,广州市,从化区,113.609871,23.501659
408,E造型,生活服务,美容美发店,美容美发店,广东省,广州市,从化区,113.669738,23.511175
409,海量美发,生活服务,美容美发店,美容美发店,广东省,广州市,从化区,113.65019,23.575679
410,兴梅理发,生活服务,美容美发店,美容美发店,广东省,广州市,从化区,113.617913,23.569663
411,金涛专业美发,生活服务,美容美发店,美容美发店,广东省,广州市,从化区,113.617913,23.569007
412,发拉利美容美发,生活服务,美容美发店,美容美发店,广东省,广州市,从化区,113.618703,23.587594
413,岚珊养生馆,生活服务,美容美发店,美容美发店,广东省,广州市,从化区,113.618673,23.587597
414,一新造型,生活服务,美容美发店,美容美发店,广东省,广州市,从化区,113.615298,23.558246
415,丝美美发,生活服务,美容美发店,美容美发店,广东省,广州市,黄埔区,113.557534,23.096984
416,秀丽美发屋,生活服务,美容美发店,美容美发店,广东省,广州市,黄埔区,113.557979,23.096902
417,海滨美业,生活服务,美容美发店,美容美发店,广东省,广州市,增城区,113.555756,23.100723
418,精剪美容美发,生活服务,美容美发店,美容美发店,广东省,广州市,黄埔区,113.563393,23.191655
419,火玫瑰养生馆,生活服务,美容美发店,美容美发店,广东省,广州市,黄埔区,113.56175,23.190606
420,焦点酒吧,生活服务,美容美发店,美容美发店,广东省,广州市,南沙区,113.554442,22.771865
421,涵曦纤体美容生活会馆,生活服务,美容美发店,美容美发店,广东省,广州市,南沙区,113.557839,22.769614
422,巧茜妮美容养生店,生活服务,美容美发店,美容美发店,广东省,广州市,南沙区,113.557788,22.769576
423,EGM(广州南沙区),生活服务,美容美发店,美容美发店,广东省,广州市,南沙区,113.555776,22.767896
424,雅涛发廊,生活服务,美容美发店,美容美发店,广东省,广州市,南沙区,113.556787,22.769053
425,精剪坊美发烫染连锁机构,生活服务,美容美发店,美容美发店,广东省,广州市,南沙区,113.555934,22.769337
426,发之缘发型工作室,生活服务,美容美发店,美容美发店,广东省,广州市,南沙区,113.556462,22.768646
427,丝情发艺理发店,生活服务,美容美发店,美容美发店,广东省,广州市,南沙区,113.556077,22.768622
428,塞拉菲娜(南沙共享美容旗舰店),生活服务,美容美发店,美容美发店,广东省,广州市,南沙区,113.556458,22.76782
429,百香美发,生活服务,美容美发店,美容美发店,广东省,广州市,南沙区,113.556075,22.768229
430,你型我秀专业烫染连锁店,生活服务,美容美发店,美容美发店,广东省,广州市,南沙区,113.555775,22.767902
431,亮丽人生,生活服务,美容美发店,美容美发店,广东省,广州市,南沙区,113.555772,22.768301
432,绝色发廊,生活服务,美容美发店,美容美发店,广东省,广州市,南沙区,113.556077,22.768622
433,诚艺美发,生活服务,美容美发店,美容美发店,广东省,广州市,南沙区,113.553633,22.817599
434,新天地,生活服务,美容美发店,美容美发店,广东省,广州市,南沙区,113.546884,22.704586
435,辉煌理发店,生活服务,美容美发店,美容美发店,广东省,广州市,南沙区,113.565756,22.687378
436,慧宁美容生活馆,生活服务,美容美发店,美容美发店,广东省,广州市,南沙区,113.548314,22.70145
437,辉连理发店,生活服务,美容美发店,美容美发店,广东省,广州市,南沙区,113.645462,22.688536
438,黄洲圣原工作室,生活服务,美容美发店,美容美发店,广东省,广州市,南沙区,113.64526,22.688094
439,精剪理发店,生活服务,美容美发店,美容美发店,广东省,广州市,南沙区,113.64525,22.688079
440,工友理发店,生活服务,美容美发店,美容美发店,广东省,广州市,南沙区,113.647892,22.691162
441,天姿御阁,生活服务,美容美发店,美容美发店,广东省,广州市,南沙区,113.546145,22.702201
442,金发型,生活服务,美容美发店,美容美发店,广东省,广州市,南沙区,113.547677,22.705398
443,玻妃美容塑形连锁,生活服务,美容美发店,美容美发店,广东省,广州市,南沙区,113.545244,22.702729
444,魔发师,生活服务,美容美发店,美容美发店,广东省,广州市,南沙区,113.547418,22.704893
445,资医堂,生活服务,美容美发店,美容美发店,广东省,广州市,南沙区,113.544904,22.702407
446,美之缘,生活服务,美容美发店,美容美发店,广东省,广州市,南沙区,113.544957,22.702535
447,千艺美容美发,生活服务,美容美发店,美容美发店,广东省,广州市,南沙区,113.606219,22.645717
448,水云间美容院,生活服务,美容美发店,美容美发店,广东省,广州市,南沙区,113.607134,22.647068
449,柏莎美容美发,生活服务,美容美发店,美容美发店,广东省,广州市,南沙区,113.6064,22.647012
450,美丽女人SPA馆,生活服务,美容美发店,美容美发店,广东省,广州市,南沙区,113.606436,22.647605
451,柏莎妆园美容养生馆,生活服务,美容美发店,美容美发店,广东省,广州市,南沙区,113.60641,22.647074
452,新泓能光波房养生馆(新垦店),生活服务,美容美发店,美容美发店,广东省,广州市,南沙区,113.606651,22.6461
453,益街坊理发店,生活服务,美容美发店,美容美发店,广东省,广州市,南沙区,113.605558,22.646717
454,为民理发店(新垦医院西北),生活服务,美容美发店,美容美发店,广东省,广州市,南沙区,113.606029,22.646676
455,猪猪发廊,生活服务,美容美发店,美容美发店,广东省,广州市,从化区,113.735892,23.720059
456,红霞理发店,生活服务,美容美发店,美容美发店,广东省,广州市,从化区,113.735436,23.719843
457,美姿缘专业美容美体,生活服务,美容美发店,美容美发店,广东省,广州市,从化区,113.735336,23.719761
458,贵族美容美发(从化店),生活服务,美容美发店,美容美发店,广东省,广州市,从化区,113.735588,23.719881
459,风剪云,生活服务,美容美发店,美容美发店,广东省,广州市,从化区,113.735512,23.719841
460,妍俊发型设计室,生活服务,美容美发店,美容美发店,广东省,广州市,从化区,113.735614,23.719931
461,从化の绿芽乡伴空间,生活服务,美容美发店,美容美发店,广东省,广州市,从化区,113.74118,23.7246
462,纯发剪工作室,生活服务,美容美发店,美容美发店,广东省,广州市,从化区,113.736571,23.719393
463,藏奥堂健康养生馆,生活服务,美容美发店,美容美发店,广东省,广州市,从化区,113.736589,23.719782
464,DEVARANA SPA,生活服务,美容美发店,美容美发店,广东省,广州市,从化区,113.71582,23.696133
465,集颜剪,生活服务,美容美发店,美容美发店,广东省,广州市,增城区,113.628479,23.334082
466,闺蜜坊美肤会所,生活服务,美容美发店,美容美发店,广东省,广州市,增城区,113.633731,23.346849
467,Dr ZHONG皮肤健康管理中心,生活服务,美容美发店,美容美发店,广东省,广州市,增城区,113.635974,23.353552
468,主角(特惠店),生活服务,美容美发店,美容美发店,广东省,广州市,增城区,113.632989,23.357136
469,不忘初心美容养生馆,生活服务,美容美发店,美容美发店,广东省,广州市,增城区,113.636096,23.35355
470,达美发廊,生活服务,美容美发店,美容美发店,广东省,广州市,增城区,113.633926,23.35695
471,嘉嘉美发店,生活服务,美容美发店,美容美发店,广东省,广州市,增城区,113.662001,23.326764
472,东尼造型,生活服务,美容美发店,美容美发店,广东省,广州市,增城区,113.661486,23.327073
473,强记发廊,生活服务,美容美发店,美容美发店,广东省,广州市,增城区,113.64748,23.30957
474,花纤娇秀专业纹身,生活服务,美容美发店,美容美发店,广东省,广州市,增城区,113.633262,23.358153
475,郭与郑美妆工作室,生活服务,美容美发店,美容美发店,广东省,广州市,增城区,113.632651,23.358287
476,思之范美甲店,生活服务,美容美发店,美容美发店,广东省,广州市,增城区,113.633442,23.358484
477,发彩造型,生活服务,美容美发店,美容美发店,广东省,广州市,增城区,113.632924,23.35674
478,不一样造型,生活服务,美容美发店,美容美发店,广东省,广州市,增城区,113.632642,23.358407
479,秀美阁,生活服务,美容美发店,美容美发店,广东省,广州市,增城区,113.638372,23.164583
480,丝尚烫染造型,生活服务,美容美发店,美容美发店,广东省,广州市,增城区,113.638394,23.164592
481,新感觉烫染造型,生活服务,美容美发店,美容美发店,广东省,广州市,增城区,113.638573,23.164563
482,完美蜕变健康美丽管理中心(增城总店),生活服务,美容美发店,美容美发店,广东省,广州市,增城区,113.602398,23.232781
483,兴记理发店,生活服务,美容美发店,美容美发店,广东省,广州市,从化区,113.714307,23.579157
484,七分屋发型设计,生活服务,美容美发店,美容美发店,广东省,广州市,从化区,113.713646,23.579861
485,自然美,生活服务,美容美发店,美容美发店,广东省,广州市,从化区,113.713105,23.580623
486,梦思理发店,生活服务,美容美发店,美容美发店,广东省,广州市,从化区,113.713087,23.580703
487,起点工作室,生活服务,美容美发店,美容美发店,广东省,广州市,从化区,113.712067,23.58146
488,聚尚美,生活服务,美容美发店,美容美发店,广东省,广州市,从化区,113.737485,23.581324
489,FS发型设计,生活服务,美容美发店,美容美发店,广东省,广州市,从化区,113.687093,23.577045
490,美容养生,生活服务,美容美发店,美容美发店,广东省,广州市,从化区,113.687202,23.556507
491,石古田美发店,生活服务,美容美发店,美容美发店,广东省,广州市,从化区,113.687021,23.556469
492,晓清理发,生活服务,美容美发店,美容美发店,广东省,广州市,从化区,113.687003,23.556283
493,紫珊理发,生活服务,美容美发店,美容美发店,广东省,广州市,从化区,113.686579,23.556873
494,燕子丝绣美甲,生活服务,美容美发店,美容美发店,广东省,广州市,从化区,113.687417,23.555243
495,易尚国际.设计馆,生活服务,美容美发店,美容美发店,广东省,广州市,从化区,113.681466,23.577013
496,美丽符号,生活服务,美容美发店,美容美发店,广东省,广州市,增城区,113.698927,23.274201
497,爱尚甲,生活服务,美容美发店,美容美发店,广东省,广州市,增城区,113.731182,23.27605
498,天丝度美发,生活服务,美容美发店,美容美发店,广东省,广州市,增城区,113.701119,23.273781
499,名彩发型设计,生活服务,美容美发店,美容美发店,广东省,广州市,增城区,113.719649,23.169748
500,美斯MC,生活服务,美容美发店,美容美发店,广东省,广州市,增城区,113.718961,23.169778
501,韵颐美容养生馆,生活服务,美容美发店,美容美发店,广东省,广州市,增城区,113.717427,23.170111
502,新点烫染拉发型屋,生活服务,美容美发店,美容美发店,广东省,广州市,增城区,113.719066,23.169912
503,鸿运来美发连锁(仙村店),生活服务,美容美发店,美容美发店,广东省,广州市,增城区,113.716498,23.169222
504,纯展美发沙龙,生活服务,美容美发店,美容美发店,广东省,广州市,增城区,113.719651,23.169746
505,易剪美工作室,生活服务,美容美发店,美容美发店,广东省,广州市,增城区,113.71933,23.16978
506,KT酷烫专业烫染,生活服务,美容美发店,美容美发店,广东省,广州市,增城区,113.718534,23.16966
507,新点专业发屋,生活服务,美容美发店,美容美发店,广东省,广州市,增城区,113.71867,23.169614
508,尚剪烫染造型,生活服务,美容美发店,美容美发店,广东省,广州市,增城区,113.719591,23.169749
509,四川美发,生活服务,美容美发店,美容美发店,广东省,广州市,增城区,113.718988,23.169627
510,缘囍形象管理,生活服务,美容美发店,美容美发店,广东省,广州市,增城区,113.72039,23.169523
511,梵曲造型,生活服务,美容美发店,美容美发店,广东省,广州市,增城区,113.719305,23.16977
512,纯展美业,生活服务,美容美发店,美容美发店,广东省,广州市,增城区,113.721165,23.169532
513,汇成发艺,生活服务,美容美发店,美容美发店,广东省,广州市,增城区,113.719342,23.169646
514,瑞妮造型,生活服务,美容美发店,美容美发店,广东省,广州市,增城区,113.71639,23.16914
515,蒂安绮女神打造中心,生活服务,美容美发店,美容美发店,广东省,广州市,增城区,113.719742,23.168145
516,YoYo工作室,生活服务,美容美发店,美容美发店,广东省,广州市,增城区,113.719284,23.166682
517,百美达美容养生会所,生活服务,美容美发店,美容美发店,广东省,广州市,增城区,113.718806,23.16698
518,红红素颜美工作室,生活服务,美容美发店,美容美发店,广东省,广州市,增城区,113.72006,23.165881
519,美媛美容养生馆,生活服务,美容美发店,美容美发店,广东省,广州市,增城区,113.7196,23.165731
520,美人汇美颜中心,生活服务,美容美发店,美容美发店,广东省,广州市,增城区,113.715536,23.165884
521,领绣健康沁养生馆,生活服务,美容美发店,美容美发店,广东省,广州市,增城区,113.71517,23.16533
522,养森减肥,生活服务,美容美发店,美容美发店,广东省,广州市,增城区,113.713921,23.185482
523,新剪发理发店,生活服务,美容美发店,美容美发店,广东省,广州市,增城区,113.735688,23.184089
524,90度C发型设计,生活服务,美容美发店,美容美发店,广东省,广州市,增城区,113.73594,23.185663
525,康泰美发护发,生活服务,美容美发店,美容美发店,广东省,广州市,增城区,113.729309,23.203949
526,8008发廊,生活服务,美容美发店,美容美发店,广东省,广州市,增城区,113.680461,23.172127
527,I.s发廊,生活服务,美容美发店,美容美发店,广东省,广州市,增城区,113.680458,23.172127
528,湖南理发店,生活服务,美容美发店,美容美发店,广东省,广州市,增城区,113.740217,23.203514
