,冠元推拿养生,医疗保健服务,诊所,诊所.1,广东省,广州市,花都区,113.235386,23.409007
0,花都区花城街三东村卫生站,医疗保健服务,诊所,诊所,广东省,广州市,花都区,113.234244,23.413332
1,杜丽芬诊所,医疗保健服务,诊所,诊所,广东省,广州市,花都区,113.231596,23.402916
2,冠元中医,医疗保健服务,诊所,诊所,广东省,广州市,花都区,113.235366,23.40888
3,康和医疗门诊部,医疗保健服务,诊所,诊所,广东省,广州市,花都区,113.231555,23.422071
4,益民门诊部(凤凰北路),医疗保健服务,诊所,诊所,广东省,广州市,花都区,113.233695,23.406862
5,花都区花东镇山下村卫生站分站,医疗保健服务,诊所,诊所,广东省,广州市,花都区,113.243144,23.41078
6,朱寒梅诊所,医疗保健服务,诊所,诊所,广东省,广州市,花都区,113.234266,23.421116
7,曾广键诊所,医疗保健服务,诊所,诊所,广东省,广州市,花都区,113.239174,23.403813
8,新和诊所(馨泉居北),医疗保健服务,诊所,诊所,广东省,广州市,花都区,113.247176,23.413718
9,瑞边村卫生站,医疗保健服务,诊所,诊所,广东省,广州市,花都区,113.235108,23.490953
10,花都区狮岭镇新庄卫生站,医疗保健服务,诊所,诊所,广东省,广州市,花都区,113.23594,23.479551
11,康明综合门诊部,医疗保健服务,诊所,诊所,广东省,广州市,花都区,113.224674,23.469241
12,花都旗岭综合门诊部,医疗保健服务,诊所,诊所,广东省,广州市,花都区,113.221839,23.468864
13,新民卫生所,医疗保健服务,诊所,诊所,广东省,广州市,花都区,113.223296,23.467819
14,高建宏诊所,医疗保健服务,诊所,诊所,广东省,广州市,花都区,113.223635,23.467591
15,花都区健民综合门诊部,医疗保健服务,诊所,诊所,广东省,广州市,花都区,113.220737,23.470147
16,花都农民工综合医疗门诊部,医疗保健服务,诊所,诊所,广东省,广州市,花都区,113.224617,23.469352
17,花山镇儒林村卫生站,医疗保健服务,诊所,诊所,广东省,广州市,花都区,113.258307,23.480167
18,广州市惠民门诊部(大朗中路),医疗保健服务,诊所,诊所,广东省,广州市,白云区,113.24362,23.239706
19,何智良诊所,医疗保健服务,诊所,诊所,广东省,广州市,白云区,113.228257,23.254327
20,谭德耀诊所,医疗保健服务,诊所,诊所,广东省,广州市,白云区,113.250197,23.253353
21,许兰诊所,医疗保健服务,诊所,诊所,广东省,广州市,白云区,113.250835,23.254669
22,陈沛文诊所,医疗保健服务,诊所,诊所,广东省,广州市,白云区,113.250413,23.258833
23,播创医疗门诊部,医疗保健服务,诊所,诊所,广东省,广州市,白云区,113.242346,23.239323
24,尹引连诊所,医疗保健服务,诊所,诊所,广东省,广州市,白云区,113.240255,23.239002
25,新楼社区卫生服务站,医疗保健服务,诊所,诊所,广东省,广州市,白云区,113.241782,23.335511
26,雅博医疗门诊部,医疗保健服务,诊所,诊所,广东省,广州市,花都区,113.230837,23.33976
27,雅亿囗腔,医疗保健服务,诊所,诊所,广东省,广州市,花都区,113.230485,23.340632
28,东镜村雅博门诊部,医疗保健服务,诊所,诊所,广东省,广州市,花都区,113.230778,23.339858
29,安泰门诊,医疗保健服务,诊所,诊所,广东省,广州市,花都区,113.233846,23.343617
30,东镜卫生分站,医疗保健服务,诊所,诊所,广东省,广州市,花都区,113.22939,23.339228
31,杨汉文诊所,医疗保健服务,诊所,诊所,广东省,广州市,花都区,113.227632,23.340798
32,花都区新雅街道东镜村卫生站,医疗保健服务,诊所,诊所,广东省,广州市,花都区,113.23115,23.341185
33,陈四诊所,医疗保健服务,诊所,诊所,广东省,广州市,花都区,113.227503,23.340718
34,东镜医疗门诊部,医疗保健服务,诊所,诊所,广东省,广州市,花都区,113.230752,23.340502
35,花都易康诊所,医疗保健服务,诊所,诊所,广东省,广州市,花都区,113.246308,23.347401
36,长岗村卫生站,医疗保健服务,诊所,诊所,广东省,广州市,白云区,113.258095,23.323528
37,广州市花都区新华镇东镜村卫生站,医疗保健服务,诊所,诊所,广东省,广州市,花都区,113.231158,23.341308
38,芳华门诊,医疗保健服务,诊所,诊所,广东省,广州市,荔湾区,113.237115,23.093469
39,泰健中医门诊部,医疗保健服务,诊所,诊所,广东省,广州市,荔湾区,113.237337,23.094579
40,协同诊所,医疗保健服务,诊所,诊所,广东省,广州市,荔湾区,113.23728,23.089696
41,翰阳口腔门诊,医疗保健服务,诊所,诊所,广东省,广州市,荔湾区,113.232221,23.091409
42,信德门诊部,医疗保健服务,诊所,诊所,广东省,广州市,荔湾区,113.231382,23.094119
43,馨良医疗门诊部,医疗保健服务,诊所,诊所,广东省,广州市,白云区,113.239237,23.172705
44,林鸿彪诊所,医疗保健服务,诊所,诊所,广东省,广州市,白云区,113.240289,23.173223
45,广润门诊,医疗保健服务,诊所,诊所,广东省,广州市,白云区,113.239396,23.17061
46,利德门诊部,医疗保健服务,诊所,诊所,广东省,广州市,白云区,113.236014,23.173987
47,邓林诊所,医疗保健服务,诊所,诊所,广东省,广州市,白云区,113.239427,23.170931
48,李振元诊所,医疗保健服务,诊所,诊所,广东省,广州市,白云区,113.240097,23.170329
49,洪昌工业路诊所,医疗保健服务,诊所,诊所,广东省,广州市,番禺区,113.317088,23.012648
50,大石礼村诊所,医疗保健服务,诊所,诊所,广东省,广州市,番禺区,113.31786,23.01301
51,冶金门诊部,医疗保健服务,诊所,诊所,广东省,广州市,番禺区,113.315154,23.022424
52,全国口腔连锁机构,医疗保健服务,诊所,诊所,广东省,广州市,番禺区,113.324019,23.011198
53,广州中医药第一附属医院第二门诊部,医疗保健服务,诊所,诊所,广东省,广州市,海珠区,113.311717,23.095761
54,广州市桂田门诊,医疗保健服务,诊所,诊所,广东省,广州市,海珠区,113.317524,23.090691
55,广州国良中医诊所,医疗保健服务,诊所,诊所,广东省,广州市,海珠区,113.322303,23.092711
56,周江齿科,医疗保健服务,诊所,诊所,广东省,广州市,海珠区,113.314804,23.09508
57,张松村卫生站,医疗保健服务,诊所,诊所,广东省,广州市,南沙区,113.307803,22.867832
58,甘岗村卫生站,医疗保健服务,诊所,诊所,广东省,广州市,南沙区,113.33044,22.872227
59,口腔门诊,医疗保健服务,诊所,诊所,广东省,广州市,南沙区,113.337048,22.833899
60,榄核医院牛角村卫生所,医疗保健服务,诊所,诊所,广东省,广州市,南沙区,113.343389,22.863806
61,横江村朱日其社区卫生服务站,医疗保健服务,诊所,诊所,广东省,广州市,番禺区,113.317946,22.933879
62,广州市番禺区沙头街横江村莲湖卫生站,医疗保健服务,诊所,诊所,广东省,广州市,番禺区,113.317946,22.933879
63,广州市番禺区沙头街大平村卫生站,医疗保健服务,诊所,诊所,广东省,广州市,番禺区,113.337691,22.946771
64,广州抖疤中医门诊,医疗保健服务,诊所,诊所,广东省,广州市,番禺区,113.340053,22.935977
65,小平村卫生站,医疗保健服务,诊所,诊所,广东省,广州市,番禺区,113.331941,22.952152
66,泉恩有妳健康服务,医疗保健服务,诊所,诊所,广东省,广州市,番禺区,113.334983,22.950913
67,康民诊所,医疗保健服务,诊所,诊所,广东省,广州市,番禺区,113.339302,22.948827
68,康民诊所,医疗保健服务,诊所,诊所,广东省,广州市,番禺区,113.339302,22.948827
69,爱康门诊部,医疗保健服务,诊所,诊所,广东省,广州市,番禺区,113.341503,22.949378
70,番禺区刘三珠中西医结合诊所,医疗保健服务,诊所,诊所,广东省,广州市,番禺区,113.34357,22.924218
71,黎志军内科诊所,医疗保健服务,诊所,诊所,广东省,广州市,番禺区,113.347437,22.943205
72,花东镇九子村卫生站,医疗保健服务,诊所,诊所,广东省,广州市,花都区,113.318947,23.481334
73,刘秀娟诊所(大东刘辉主诊),医疗保健服务,诊所,诊所,广东省,广州市,花都区,113.29536,23.489712
74,花山镇狮民村卫生站,医疗保健服务,诊所,诊所,广东省,广州市,花都区,113.3149,23.513577
75,花都区花东镇珠湖村卫生站,医疗保健服务,诊所,诊所,广东省,广州市,花都区,113.331711,23.474178
76,刘秀娟诊所,医疗保健服务,诊所,诊所,广东省,广州市,花都区,113.295313,23.489689
77,花城卫生站,医疗保健服务,诊所,诊所,广东省,广州市,花都区,113.293505,23.492477
78,花都区花山镇布岗村卫生站,医疗保健服务,诊所,诊所,广东省,广州市,花都区,113.301268,23.476361
79,惠民牙科,医疗保健服务,诊所,诊所,广东省,广州市,花都区,113.334651,23.4694
80,花都区花山镇花城村卫生站,医疗保健服务,诊所,诊所,广东省,广州市,花都区,113.295035,23.493073
81,花都区花东镇联安村卫生站,医疗保健服务,诊所,诊所,广东省,广州市,花都区,113.333868,23.469621
82,花山镇福源村卫生站,医疗保健服务,诊所,诊所,广东省,广州市,花都区,113.292329,23.496905
83,花都区花山镇城西村卫生站,医疗保健服务,诊所,诊所,广东省,广州市,花都区,113.286688,23.493284
84,花都区花山镇永乐村卫生站,医疗保健服务,诊所,诊所,广东省,广州市,花都区,113.293447,23.483146
85,花都区花山镇东方村卫生站,医疗保健服务,诊所,诊所,广东省,广州市,花都区,113.291596,23.461634
86,郑帮华诊所,医疗保健服务,诊所,诊所,广东省,广州市,花都区,113.357089,23.457076
87,梯面镇埔岭村卫生站,医疗保健服务,诊所,诊所,广东省,广州市,花都区,113.294726,23.550261
88,红山村卫生站,医疗保健服务,诊所,诊所,广东省,广州市,花都区,113.280007,23.579994
89,从化区鳌头镇洲洞卫生站,医疗保健服务,诊所,诊所,广东省,广州市,从化区,113.352123,23.60081
90,粱颖婉内科诊所,医疗保健服务,诊所,诊所,广东省,广州市,番禺区,113.351134,22.945977
91,赵恒茂内科诊所,医疗保健服务,诊所,诊所,广东省,广州市,番禺区,113.345722,22.910286
92,得如中医诊所,医疗保健服务,诊所,诊所,广东省,广州市,番禺区,113.355759,22.935301
93,肖家州跌打馆,医疗保健服务,诊所,诊所,广东省,广州市,番禺区,113.343148,22.908426
94,广州市番禺区沙头街榄山卫生站,医疗保健服务,诊所,诊所,广东省,广州市,番禺区,113.351136,22.946019
95,番禺区赵恒茂诊所,医疗保健服务,诊所,诊所,广东省,广州市,番禺区,113.345615,22.910279
96,古坝西村韩伯安社区卫生服务站,医疗保健服务,诊所,诊所,广东省,广州市,番禺区,113.290171,22.91719
97,颐德康中医诊所,医疗保健服务,诊所,诊所,广东省,广州市,番禺区,113.308869,22.966904
98,东华村卫生站(人和华成路),医疗保健服务,诊所,诊所,广东省,广州市,白云区,113.297119,23.348942
99,虎塘诊所,医疗保健服务,诊所,诊所,广东省,广州市,白云区,113.329464,23.331805
100,鹤亭卫生站,医疗保健服务,诊所,诊所,广东省,广州市,白云区,113.313349,23.323694
101,回生堂中医诊所,医疗保健服务,诊所,诊所,广东省,广州市,白云区,113.323683,23.343909
102,西成村卫生站,医疗保健服务,诊所,诊所,广东省,广州市,白云区,113.294626,23.343477
103,康众中西医结合诊所,医疗保健服务,诊所,诊所,广东省,广州市,白云区,113.304347,23.339876
104,人和村卫生站,医疗保健服务,诊所,诊所,广东省,广州市,白云区,113.304437,23.339712
105,大沥卫生站,医疗保健服务,诊所,诊所,广东省,广州市,白云区,113.333494,23.308552
106,回生堂中医诊所(广州)有限公司,医疗保健服务,诊所,诊所,广东省,广州市,白云区,113.323512,23.343925
107,苗乡鼻炎馆,医疗保健服务,诊所,诊所,广东省,广州市,白云区,113.300964,23.332239
108,刘承立中医诊所,医疗保健服务,诊所,诊所,广东省,广州市,白云区,113.298742,23.335102
109,高增村卫生站,医疗保健服务,诊所,诊所,广东省,广州市,白云区,113.308043,23.348199
110,钟务超诊所,医疗保健服务,诊所,诊所,广东省,广州市,白云区,113.298756,23.334328
111,花都区花东镇山下村卫生站,医疗保健服务,诊所,诊所,广东省,广州市,花都区,113.325691,23.417029
112,花都区花东镇七庄村卫生站,医疗保健服务,诊所,诊所,广东省,广州市,花都区,113.329409,23.411402
113,花都东成综合门诊部,医疗保健服务,诊所,诊所,广东省,广州市,花都区,113.319512,23.436091
114,花东镇九一村卫生站,医疗保健服务,诊所,诊所,广东省,广州市,花都区,113.316916,23.426114
115,花都区花东镇李溪村卫生站,医疗保健服务,诊所,诊所,广东省,广州市,花都区,113.341083,23.400537
116,花都区花东镇三凤村卫生站,医疗保健服务,诊所,诊所,广东省,广州市,花都区,113.311233,23.433676
117,三圆诊所,医疗保健服务,诊所,诊所,广东省,广州市,花都区,113.321903,23.436922
118,象山村卫生站,医疗保健服务,诊所,诊所,广东省,广州市,花都区,113.333525,23.440511
119,广安门诊部,医疗保健服务,诊所,诊所,广东省,广州市,天河区,113.318971,23.173534
120,广圣门诊部,医疗保健服务,诊所,诊所,广东省,广州市,天河区,113.318984,23.173479
121,静辉医疗门诊部,医疗保健服务,诊所,诊所,广东省,广州市,天河区,113.319064,23.173639
122,康鑫门诊,医疗保健服务,诊所,诊所,广东省,广州市,天河区,113.317798,23.170603
123,康林门诊,医疗保健服务,诊所,诊所,广东省,广州市,白云区,113.316876,23.255455
124,唐丽清诊所,医疗保健服务,诊所,诊所,广东省,广州市,白云区,113.315935,23.250306
125,中大口腔东平预约点,医疗保健服务,诊所,诊所,广东省,广州市,白云区,113.313856,23.253218
126,广州市黄埔区联和街天鹿湖社区卫生服务站,医疗保健服务,诊所,诊所,广东省,广州市,黄埔区,113.437198,23.259326
127,和龙卫生站,医疗保健服务,诊所,诊所,广东省,广州市,白云区,113.362581,23.288514
128,米龙村卫生站,医疗保健服务,诊所,诊所,广东省,广州市,白云区,113.363145,23.29148
129,内科诊所中心,医疗保健服务,诊所,诊所,广东省,广州市,白云区,113.361121,23.29246
130,广康门诊部,医疗保健服务,诊所,诊所,广东省,广州市,白云区,113.361073,23.292466
131,米龙医疗门诊部,医疗保健服务,诊所,诊所,广东省,广州市,白云区,113.363167,23.291401
132,文辉诊所,医疗保健服务,诊所,诊所,广东省,广州市,白云区,113.308389,23.262779
133,良田卫生站,医疗保健服务,诊所,诊所,广东省,广州市,白云区,113.386648,23.34989
134,众康诊所,医疗保健服务,诊所,诊所,广东省,广州市,白云区,113.381446,23.324251
135,金盆社区医疗,医疗保健服务,诊所,诊所,广东省,广州市,白云区,113.381428,23.324241
136,文新医疗,医疗保健服务,诊所,诊所,广东省,广州市,白云区,113.381493,23.324362
137,金盆村卫生站,医疗保健服务,诊所,诊所,广东省,广州市,白云区,113.378631,23.323907
138,良田诊所,医疗保健服务,诊所,诊所,广东省,广州市,白云区,113.39092,23.352877
139,头陂村卫生站,医疗保健服务,诊所,诊所,广东省,广州市,白云区,113.393417,23.307421
140,钟落潭镇卫生院白沙村卫生站,医疗保健服务,诊所,诊所,广东省,广州市,白云区,113.372363,23.343927
141,贺建航诊所,医疗保健服务,诊所,诊所,广东省,广州市,白云区,113.367518,23.343658
142,乌溪卫生站碎石中心,医疗保健服务,诊所,诊所,广东省,广州市,白云区,113.365824,23.343742
143,广东外语外贸大学南校区门诊部,医疗保健服务,诊所,诊所,广东省,广州市,番禺区,113.395424,23.063156
144,琶洲街社区卫生服务中心预防接种门诊,医疗保健服务,诊所,诊所,广东省,广州市,海珠区,113.406975,23.087559
145,海珠区琶洲街社区卫生服务中心门诊部,医疗保健服务,诊所,诊所,广东省,广州市,海珠区,113.406771,23.08775
146,益康诊所(西环路),医疗保健服务,诊所,诊所,广东省,广州市,天河区,113.41281,23.12262
147,泰康门诊(车陂东闸口大街),医疗保健服务,诊所,诊所,广东省,广州市,天河区,113.398656,23.117703
148,康乐诊所(车陂石灰厂路),医疗保健服务,诊所,诊所,广东省,广州市,天河区,113.398145,23.121754
149,天河门诊部,医疗保健服务,诊所,诊所,广东省,广州市,天河区,113.400517,23.169599
150,梁群清诊所,医疗保健服务,诊所,诊所,广东省,广州市,天河区,113.400066,23.170828
151,文康门诊,医疗保健服务,诊所,诊所,广东省,广州市,天河区,113.401022,23.169053
152,凌塘社区卫生服务站预防接种门诊,医疗保健服务,诊所,诊所,广东省,广州市,天河区,113.399144,23.16824
153,郑修明中医诊所,医疗保健服务,诊所,诊所,广东省,广州市,天河区,113.407174,23.16689
154,红会医院门诊,医疗保健服务,诊所,诊所,广东省,广州市,天河区,113.411812,23.157781
155,康福门诊部,医疗保健服务,诊所,诊所,广东省,广州市,天河区,113.382491,23.162371
156,寿宇堂国医馆,医疗保健服务,诊所,诊所,广东省,广州市,天河区,113.383303,23.168204
157,美心花园医务室,医疗保健服务,诊所,诊所,广东省,广州市,番禺区,113.397522,22.936421
158,顺福国医馆,医疗保健服务,诊所,诊所,广东省,广州市,番禺区,113.39768,22.937045
159,张艳中医(综合)诊所,医疗保健服务,诊所,诊所,广东省,广州市,番禺区,113.397286,22.937545
160,吴开阳诊所,医疗保健服务,诊所,诊所,广东省,广州市,番禺区,113.400864,22.937758
161,综证中医,医疗保健服务,诊所,诊所,广东省,广州市,番禺区,113.392304,22.935231
162,华宇综合门诊部,医疗保健服务,诊所,诊所,广东省,广州市,番禺区,113.395891,22.938871
163,谢玉飞门诊,医疗保健服务,诊所,诊所,广东省,广州市,番禺区,113.395657,23.010011
164,广州番禺区南村谢玉飞内科诊所,医疗保健服务,诊所,诊所,广东省,广州市,番禺区,113.395765,23.009965
165,何汉松内科诊所,医疗保健服务,诊所,诊所,广东省,广州市,番禺区,113.394354,23.009014
166,汇康牙科,医疗保健服务,诊所,诊所,广东省,广州市,番禺区,113.387526,23.0059
167,广州任晓玲诊所,医疗保健服务,诊所,诊所,广东省,广州市,番禺区,113.396009,23.006438
168,刘彦祖诊所,医疗保健服务,诊所,诊所,广东省,广州市,番禺区,113.393709,23.006914
169,中科中医诊所,医疗保健服务,诊所,诊所,广东省,广州市,番禺区,113.39366,23.006901
170,大岗镇社区卫生服务中心预防接种门诊,医疗保健服务,诊所,诊所,广东省,广州市,南沙区,113.391209,22.782705
171,佳美口腔(成康门诊部分店),医疗保健服务,诊所,诊所,广东省,广州市,南沙区,113.401007,22.804531
172,南沙区第六人民医院维毓村卫生站,医疗保健服务,诊所,诊所,广东省,广州市,南沙区,113.384777,22.783456
173,定民内科诊所,医疗保健服务,诊所,诊所,广东省,广州市,南沙区,113.402649,22.797361
174,邝雪青诊所,医疗保健服务,诊所,诊所,广东省,广州市,南沙区,113.406688,22.796764
175,吴心全中医诊所,医疗保健服务,诊所,诊所,广东省,广州市,南沙区,113.407131,22.79793
176,榄核医院沙角村卫生所,医疗保健服务,诊所,诊所,广东省,广州市,南沙区,113.39617,22.84317
177,广州市南沙区榄核镇沙角村卫生站,医疗保健服务,诊所,诊所,广东省,广州市,南沙区,113.396201,22.843272
178,九比卫生站,医疗保健服务,诊所,诊所,广东省,广州市,南沙区,113.388521,22.843464
179,榄核医院九比村卫生所,医疗保健服务,诊所,诊所,广东省,广州市,南沙区,113.389847,22.838368
180,大简社区卫生站,医疗保健服务,诊所,诊所,广东省,广州市,南沙区,113.411108,22.869602
181,榄核镇子沙村卫生站,医疗保健服务,诊所,诊所,广东省,广州市,南沙区,113.370173,22.852659
182,小乌村卫生站,医疗保健服务,诊所,诊所,广东省,广州市,南沙区,113.430141,22.863716
183,行知健康服务站,医疗保健服务,诊所,诊所,广东省,广州市,南沙区,113.401818,22.881161
184,墩塘村卫生站,医疗保健服务,诊所,诊所,广东省,广州市,南沙区,113.370485,22.836349
185,榄核医院墩塘村卫生所,医疗保健服务,诊所,诊所,广东省,广州市,南沙区,113.370486,22.836355
186,榄核医院平稳村卫生所,医疗保健服务,诊所,诊所,广东省,广州市,南沙区,113.402491,22.819338
187,顺河村卫生站,医疗保健服务,诊所,诊所,广东省,广州市,南沙区,113.383442,22.821767
188,鱼窝头医院太石村卫生所,医疗保健服务,诊所,诊所,广东省,广州市,南沙区,113.405654,22.886196
189,博盈中医门诊部,医疗保健服务,诊所,诊所,广东省,广州市,南沙区,113.404967,22.884636
190,博盈医疗门诊部,医疗保健服务,诊所,诊所,广东省,广州市,南沙区,113.403193,22.889254
191,南沙区东涌镇太石村卫生站,医疗保健服务,诊所,诊所,广东省,广州市,南沙区,113.40559,22.886159
192,南沙区东浦镇太石村卫生站,医疗保健服务,诊所,诊所,广东省,广州市,南沙区,113.405659,22.886284
193,普仁中医诊所,医疗保健服务,诊所,诊所,广东省,广州市,南沙区,113.394605,22.889865
194,西樵村卫生站,医疗保健服务,诊所,诊所,广东省,广州市,南沙区,113.379198,22.888337
195,上坭卫生站,医疗保健服务,诊所,诊所,广东省,广州市,南沙区,113.381117,22.874237
196,红十字博爱卫生站,医疗保健服务,诊所,诊所,广东省,广州市,南沙区,113.363441,22.878874
197,大坳村卫生所,医疗保健服务,诊所,诊所,广东省,广州市,南沙区,113.363329,22.878959
198,广州市从化区鳌头镇下西村卫生站,医疗保健服务,诊所,诊所,广东省,广州市,从化区,113.393854,23.716973
199,鳌头镇乌石村卫生站,医疗保健服务,诊所,诊所,广东省,广州市,从化区,113.399172,23.699243
200,从化林医生,医疗保健服务,诊所,诊所,广东省,广州市,从化区,113.413882,23.700931
201,广州市从化区鳌头镇高平村卫生站,医疗保健服务,诊所,诊所,广东省,广州市,从化区,113.41307,23.704317
202,灵山医院灵山卫生所(长堤路),医疗保健服务,诊所,诊所,广东省,广州市,南沙区,113.412533,22.806303
203,象新村卫生站,医疗保健服务,诊所,诊所,广东省,广州市,从化区,113.419954,23.584145
204,鳌头镇丁坑村卫生站,医疗保健服务,诊所,诊所,广东省,广州市,从化区,113.430506,23.553957
205,桥头卫生站,医疗保健服务,诊所,诊所,广东省,广州市,从化区,113.426077,23.612249
206,王范华诊所,医疗保健服务,诊所,诊所,广东省,广州市,番禺区,113.362899,23.019941
207,北约中医特色门诊,医疗保健服务,诊所,诊所,广东省,广州市,番禺区,113.426209,23.033577
208,嘉康诊所,医疗保健服务,诊所,诊所,广东省,广州市,番禺区,113.362825,23.019778
209,苏汉龙中医诊所,医疗保健服务,诊所,诊所,广东省,广州市,番禺区,113.370795,22.991328
210,谭玉鑫诊所,医疗保健服务,诊所,诊所,广东省,广州市,番禺区,113.367262,22.993503
211,谭医师,医疗保健服务,诊所,诊所,广东省,广州市,番禺区,113.367204,22.993355
212,龙潭医院-发热诊室,医疗保健服务,诊所,诊所,广东省,广州市,从化区,113.413158,23.66636
213,西山村卫生站,医疗保健服务,诊所,诊所,广东省,广州市,从化区,113.378848,23.657045
214,广州市从化区鳌头镇横江村卫生站,医疗保健服务,诊所,诊所,广东省,广州市,从化区,113.398857,23.684433
215,广州市从化区鳌头镇水西村卫生站,医疗保健服务,诊所,诊所,广东省,广州市,从化区,113.411011,23.622485
216,佳宜美口腔诊所,医疗保健服务,诊所,诊所,广东省,广州市,从化区,113.429357,23.61934
217,鳌山村卫生站,医疗保健服务,诊所,诊所,广东省,广州市,从化区,113.420317,23.621786
218,姚柱良口腔诊所,医疗保健服务,诊所,诊所,广东省,广州市,从化区,113.42308,23.619807
219,黄罗卫生站,医疗保健服务,诊所,诊所,广东省,广州市,从化区,113.423041,23.619274
220,新兔村卫生站,医疗保健服务,诊所,诊所,广东省,广州市,从化区,113.431944,23.618358
221,莘田二村卫生所,医疗保健服务,诊所,诊所,广东省,广州市,花都区,113.410422,23.403125
222,吉星卫生站,医疗保健服务,诊所,诊所,广东省,广州市,花都区,113.384554,23.42922
223,龙冈卫生站,医疗保健服务,诊所,诊所,广东省,广州市,白云区,113.384459,23.393382
224,惠德医疗门诊部,医疗保健服务,诊所,诊所,广东省,广州市,白云区,113.404313,23.381741
225,花都区花东镇花侨港头社区卫生站,医疗保健服务,诊所,诊所,广东省,广州市,花都区,113.405316,23.432209
226,风灵痛症调理院(华都北兴店),医疗保健服务,诊所,诊所,广东省,广州市,花都区,113.419061,23.424466
227,长腰岭卫生站,医疗保健服务,诊所,诊所,广东省,广州市,白云区,113.429555,23.384023
228,黎氏骨伤科,医疗保健服务,诊所,诊所,广东省,广州市,白云区,113.402847,23.385686
229,长沙埗村卫生站,医疗保健服务,诊所,诊所,广东省,广州市,白云区,113.41737,23.392049
230,花都区花东镇鸿鹤村卫生站,医疗保健服务,诊所,诊所,广东省,广州市,花都区,113.417868,23.455683
231,花都区花东镇七星村卫生站,医疗保健服务,诊所,诊所,广东省,广州市,花都区,113.360671,23.475792
232,方圆诊所,医疗保健服务,诊所,诊所,广东省,广州市,花都区,113.358832,23.457175
233,花东镇狮前村卫生站,医疗保健服务,诊所,诊所,广东省,广州市,花都区,113.415819,23.525113
234,陈瑞怀诊所,医疗保健服务,诊所,诊所,广东省,广州市,白云区,113.411884,23.378591
235,北兴镇卫生院-狂犬病暴露预防处置门诊,医疗保健服务,诊所,诊所,广东省,广州市,花都区,113.419294,23.42592
236,钟落潭镇卫生院预防接种门诊,医疗保健服务,诊所,诊所,广东省,广州市,白云区,113.408914,23.385428
237,翔和医疗门诊部,医疗保健服务,诊所,诊所,广东省,广州市,白云区,113.404731,23.379934
238,董钊荣诊所,医疗保健服务,诊所,诊所,广东省,广州市,白云区,113.408672,23.380628
239,太平镇银林村卫生站,医疗保健服务,诊所,诊所,广东省,广州市,从化区,113.481232,23.499633
240,广州市从化区太平镇连塘村卫生站,医疗保健服务,诊所,诊所,广东省,广州市,从化区,113.49315,23.482777
241,广州市从化区太平镇黄溪村卫生站,医疗保健服务,诊所,诊所,广东省,广州市,从化区,113.486047,23.466116
242,水南村卫生室,医疗保健服务,诊所,诊所,广东省,广州市,从化区,113.497613,23.462134
243,罗伟聪诊所,医疗保健服务,诊所,诊所,广东省,广州市,白云区,113.402806,23.377813
244,花侨医院牙科门诊部,医疗保健服务,诊所,诊所,广东省,广州市,花都区,113.374734,23.419786
245,花都区花东镇保良村卫生站,医疗保健服务,诊所,诊所,广东省,广州市,花都区,113.364225,23.417949
246,花东镇京塘村卫生站,医疗保健服务,诊所,诊所,广东省,广州市,花都区,113.426181,23.406732
247,周记跌打,医疗保健服务,诊所,诊所,广东省,广州市,白云区,113.413733,23.374365
248,洛柴岗社区卫生站,医疗保健服务,诊所,诊所,广东省,广州市,花都区,113.371133,23.419502
249,雄伟村卫生站,医疗保健服务,诊所,诊所,广东省,广州市,白云区,113.364705,23.385159
250,寮寀卫生站,医疗保健服务,诊所,诊所,广东省,广州市,白云区,113.360376,23.391052
251,大氹卫生站,医疗保健服务,诊所,诊所,广东省,广州市,从化区,113.485846,23.576942
252,从化明络堂诊所,医疗保健服务,诊所,诊所,广东省,广州市,从化区,113.504337,23.579631
253,中塘卫生站,医疗保健服务,诊所,诊所,广东省,广州市,从化区,113.445263,23.587507
254,钟清牙科,医疗保健服务,诊所,诊所,广东省,广州市,从化区,113.447212,23.601255
255,横坑卫生站,医疗保健服务,诊所,诊所,广东省,广州市,从化区,113.512776,23.594569
256,鳌头镇医院棋杆门诊部,医疗保健服务,诊所,诊所,广东省,广州市,从化区,113.506111,23.581688
257,石联村卫生站,医疗保健服务,诊所,诊所,广东省,广州市,从化区,113.47531,23.538215
258,鳌头镇西塘村卫生站,医疗保健服务,诊所,诊所,广东省,广州市,从化区,113.503623,23.608863
259,鳌头镇龙角村卫生站,医疗保健服务,诊所,诊所,广东省,广州市,从化区,113.44733,23.60172
260,奥园中医门诊部(养生广场),医疗保健服务,诊所,诊所,广东省,广州市,番禺区,113.376266,22.913262
261,陈洞卫生站,医疗保健服务,诊所,诊所,广东省,广州市,白云区,113.450851,23.328621
262,蟹庄村卫生站,医疗保健服务,诊所,诊所,广东省,广州市,黄埔区,113.4849,23.371179
263,龙湖街中心卫生院燕塘村卫生站,医疗保健服务,诊所,诊所,广东省,广州市,黄埔区,113.502353,23.344224
264,枫下村卫生站,医疗保健服务,诊所,诊所,广东省,广州市,黄埔区,113.503087,23.367808
265,广州宏大中医馆(中医门诊部),医疗保健服务,诊所,诊所,广东省,广州市,番禺区,113.366595,22.935991
266,大参林诊所,医疗保健服务,诊所,诊所,广东省,广州市,番禺区,113.36295,22.937042
267,黄俊燕诊所,医疗保健服务,诊所,诊所,广东省,广州市,番禺区,113.426551,22.953431
268,牛其合医疗美容诊所,医疗保健服务,诊所,诊所,广东省,广州市,番禺区,113.365963,22.946796
269,邝有安诊所,医疗保健服务,诊所,诊所,广东省,广州市,白云区,113.479788,23.411463
270,登塘村卫生站,医疗保健服务,诊所,诊所,广东省,广州市,白云区,113.478305,23.412837
271,白云区钟落潭镇卫生院,医疗保健服务,诊所,诊所,广东省,广州市,白云区,113.467885,23.41577
272,太平村卫生站,医疗保健服务,诊所,诊所,广东省,广州市,从化区,113.484097,23.433658
273,苗乡鼻炎馆(太平店),医疗保健服务,诊所,诊所,广东省,广州市,从化区,113.484918,23.431482
274,广州市从化区太平镇中心卫生院,医疗保健服务,诊所,诊所,广东省,广州市,从化区,113.483768,23.429385
275,贝颐美诊所,医疗保健服务,诊所,诊所,广东省,广州市,黄埔区,113.469228,23.164395
276,杨其耀诊所,医疗保健服务,诊所,诊所,广东省,广州市,黄埔区,113.489489,23.164987
277,陆彩琼诊所,医疗保健服务,诊所,诊所,广东省,广州市,黄埔区,113.485786,23.185186
278,牙科妇科,医疗保健服务,诊所,诊所,广东省,广州市,黄埔区,113.461763,23.170864
279,预防接种门诊,医疗保健服务,诊所,诊所,广东省,广州市,黄埔区,113.461924,23.171008
280,良医堂中医馆,医疗保健服务,诊所,诊所,广东省,广州市,黄埔区,113.496216,23.174432
281,郭昔斌诊所,医疗保健服务,诊所,诊所,广东省,广州市,黄埔区,113.485224,23.157052
282,兴丰卫生站,医疗保健服务,诊所,诊所,广东省,广州市,白云区,113.486539,23.269168
283,穗丰卫生站,医疗保健服务,诊所,诊所,广东省,广州市,白云区,113.454857,23.26177
284,太和镇医院穗丰村中心卫生站(装修中),医疗保健服务,诊所,诊所,广东省,广州市,白云区,113.457629,23.261329
285,广州市中健中医门诊部,医疗保健服务,诊所,诊所,广东省,广州市,黄埔区,113.484034,23.192222
286,和筋堂中医诊所(东荟店),医疗保健服务,诊所,诊所,广东省,广州市,黄埔区,113.500553,23.16232
287,覃美卖诊所,医疗保健服务,诊所,诊所,广东省,广州市,黄埔区,113.488409,23.154006
288,缪银钜口腔儿童中心店,医疗保健服务,诊所,诊所,广东省,广州市,黄埔区,113.5027,23.174686
289,水西门诊部,医疗保健服务,诊所,诊所,广东省,广州市,黄埔区,113.487344,23.193731
290,善达萝岗诊所,医疗保健服务,诊所,诊所,广东省,广州市,黄埔区,113.503682,23.177547
291,广州市番禺区化龙镇明经村卫生站,医疗保健服务,诊所,诊所,广东省,广州市,番禺区,113.468349,23.011302
292,罗勇军诊所,医疗保健服务,诊所,诊所,广东省,广州市,番禺区,113.460249,23.000128
293,潭山永年社区卫生站,医疗保健服务,诊所,诊所,广东省,广州市,番禺区,113.460173,23.000697
294,石楼镇茭东社区卫生服务站,医疗保健服务,诊所,诊所,广东省,广州市,番禺区,113.501556,23.003658
295,李伟海内科诊所,医疗保健服务,诊所,诊所,广东省,广州市,番禺区,113.449716,22.992109
296,红山国医馆,医疗保健服务,诊所,诊所,广东省,广州市,黄埔区,113.478226,23.094508
297,广育堂中医馆,医疗保健服务,诊所,诊所,广东省,广州市,黄埔区,113.47955,23.094604
298,曹静诊所,医疗保健服务,诊所,诊所,广东省,广州市,黄埔区,113.478984,23.094691
299,刘立新诊所,医疗保健服务,诊所,诊所,广东省,广州市,黄埔区,113.481029,23.095473
300,红山街社区卫生服务中心-预防接种门诊,医疗保健服务,诊所,诊所,广东省,广州市,黄埔区,113.478502,23.094524
301,康骅中医诊所,医疗保健服务,诊所,诊所,广东省,广州市,黄埔区,113.471111,23.098737
302,小电(康恩门诊部),医疗保健服务,诊所,诊所,广东省,广州市,黄埔区,113.47077,23.098414
303,康恩门诊部,医疗保健服务,诊所,诊所,广东省,广州市,黄埔区,113.470773,23.098423
304,文园跌打(庙边街4巷3号),医疗保健服务,诊所,诊所,广东省,广州市,黄埔区,113.470422,23.099764
305,鳌头镇民乐村卫生站,医疗保健服务,诊所,诊所,广东省,广州市,从化区,113.477567,23.656639
306,广州市从化区鳌头镇中心卫生院民乐门诊部,医疗保健服务,诊所,诊所,广东省,广州市,从化区,113.474193,23.657358
307,东兴村卫生站,医疗保健服务,诊所,诊所,广东省,广州市,从化区,113.465581,23.657401
308,鳌头镇车头村卫生站,医疗保健服务,诊所,诊所,广东省,广州市,从化区,113.465623,23.657339
309,鳌头镇龙田村卫生站,医疗保健服务,诊所,诊所,广东省,广州市,从化区,113.482794,23.641019
310,龙兴村卫生站,医疗保健服务,诊所,诊所,广东省,广州市,从化区,113.450625,23.63334
311,广州市从化区鳌头镇楼星村卫生站,医疗保健服务,诊所,诊所,广东省,广州市,从化区,113.441153,23.662387
312,鳌头镇龙星村卫生站,医疗保健服务,诊所,诊所,广东省,广州市,从化区,113.453677,23.640048
313,向爱华内科诊所,医疗保健服务,诊所,诊所,广东省,广州市,黄埔区,113.471588,23.107109
314,贵友诊所,医疗保健服务,诊所,诊所,广东省,广州市,黄埔区,113.459267,23.102109
315,苗恩诊所,医疗保健服务,诊所,诊所,广东省,广州市,黄埔区,113.459062,23.102102
316,詹国媛儿科诊所,医疗保健服务,诊所,诊所,广东省,广州市,黄埔区,113.455106,23.102231
317,花都区赤坭镇东升村卫生站,医疗保健服务,诊所,诊所,广东省,广州市,花都区,112.994623,23.437702
318,花都区赤坭镇珊瑚村卫生站,医疗保健服务,诊所,诊所,广东省,广州市,花都区,112.971189,23.439759
319,花都区赤坑镇鲤塘村卫生站,医疗保健服务,诊所,诊所,广东省,广州市,花都区,113.020048,23.381623
320,广州市花都区麦惠英诊所,医疗保健服务,诊所,诊所,广东省,广州市,花都区,113.002491,23.452566
321,花都区赤坭镇白石村卫生站,医疗保健服务,诊所,诊所,广东省,广州市,花都区,113.037232,23.438946
322,黄埔街社区卫生服务中心-狂犬病暴露预防处置门诊,医疗保健服务,诊所,诊所,广东省,广州市,黄埔区,113.45782,23.094832
323,佰粤园中医馆,医疗保健服务,诊所,诊所,广东省,广州市,黄埔区,113.457514,23.112178
324,杨世谊诊所,医疗保健服务,诊所,诊所,广东省,广州市,黄埔区,113.451527,23.104363
325,佰粤园中医门诊部,医疗保健服务,诊所,诊所,广东省,广州市,黄埔区,113.457492,23.112209
326,黄埔区李碧辉诊所,医疗保健服务,诊所,诊所,广东省,广州市,黄埔区,113.445733,23.105248
327,魏艳平诊所,医疗保健服务,诊所,诊所,广东省,广州市,黄埔区,113.446423,23.105798
328,黄伟个体诊所(坑头大街),医疗保健服务,诊所,诊所,广东省,广州市,黄埔区,113.442586,23.108446
329,王海青诊所,医疗保健服务,诊所,诊所,广东省,广州市,黄埔区,113.439647,23.098211
330,黄初铭内科诊所,医疗保健服务,诊所,诊所,广东省,广州市,黄埔区,113.443881,23.110881
331,成元茂诊所,医疗保健服务,诊所,诊所,广东省,广州市,黄埔区,113.516577,23.079006
332,叶志坚诊所,医疗保健服务,诊所,诊所,广东省,广州市,黄埔区,113.444317,23.111636
333,周文森诊所,医疗保健服务,诊所,诊所,广东省,广州市,黄埔区,113.440259,23.111831
334,广诚南基门诊部,医疗保健服务,诊所,诊所,广东省,广州市,黄埔区,113.513064,23.077993
335,赤坭村卫生站,医疗保健服务,诊所,诊所,广东省,广州市,花都区,113.077292,23.389735
336,下莲珠卫生站,医疗保健服务,诊所,诊所,广东省,广州市,花都区,113.052872,23.426209
337,广州市花都区赤坭镇锦山村卫生站,医疗保健服务,诊所,诊所,广东省,广州市,花都区,113.102368,23.403467
338,豪正中医,医疗保健服务,诊所,诊所,广东省,广州市,花都区,113.081747,23.381354
339,赤坭镇横沙村卫生站,医疗保健服务,诊所,诊所,广东省,广州市,花都区,113.073198,23.3836
340,赤坭镇荷塘村卫生站,医疗保健服务,诊所,诊所,广东省,广州市,花都区,113.063143,23.390573
341,花都区赤坭镇田心村卫生站,医疗保健服务,诊所,诊所,广东省,广州市,花都区,113.091811,23.446653
342,花都区赤坭镇下连珠村卫生站,医疗保健服务,诊所,诊所,广东省,广州市,花都区,113.052646,23.426412
343,广州市花都区赤坭镇丰群村卫生站,医疗保健服务,诊所,诊所,广东省,广州市,花都区,113.088842,23.434832
344,花都区赤坭镇剑岭村卫生站,医疗保健服务,诊所,诊所,广东省,广州市,花都区,113.085952,23.385747
345,赤坭镇乌石村卫生站,医疗保健服务,诊所,诊所,广东省,广州市,花都区,113.113459,23.437511
346,花都区一元看病卫生站,医疗保健服务,诊所,诊所,广东省,广州市,花都区,113.096127,23.465904
347,花都区狮岭镇联星村卫生站,医疗保健服务,诊所,诊所,广东省,广州市,花都区,113.096143,23.465897
348,花都区狮岭镇马岭村卫生站,医疗保健服务,诊所,诊所,广东省,广州市,花都区,113.113368,23.45422
349,炭步镇朗头村卫生站,医疗保健服务,诊所,诊所,广东省,广州市,花都区,113.08731,23.33924
350,黄伟杭诊所,医疗保健服务,诊所,诊所,广东省,广州市,花都区,113.103738,23.33555
351,石湖山卫生站,医疗保健服务,诊所,诊所,广东省,广州市,花都区,113.09806,23.317189
352,花都区炭步镇鸭湖村卫生站,医疗保健服务,诊所,诊所,广东省,广州市,花都区,113.10423,23.348067
353,杏林门诊,医疗保健服务,诊所,诊所,广东省,广州市,花都区,113.109085,23.334086
354,杏林医疗,医疗保健服务,诊所,诊所,广东省,广州市,花都区,113.10898,23.333958
355,炭步镇中心卫生院预防接种门诊,医疗保健服务,诊所,诊所,广东省,广州市,花都区,113.104665,23.339183
356,花都区炭步镇华岭村卫生站,医疗保健服务,诊所,诊所,广东省,广州市,花都区,113.057568,23.312214
357,花都区炭步镇茶塘村卫生站,医疗保健服务,诊所,诊所,广东省,广州市,花都区,113.104269,23.315945
358,花都区炭步镇环山村卫生站,医疗保健服务,诊所,诊所,广东省,广州市,花都区,113.095436,23.29936
359,骆启煊诊所,医疗保健服务,诊所,诊所,广东省,广州市,花都区,113.038872,23.316292
360,仁心门诊,医疗保健服务,诊所,诊所,广东省,广州市,花都区,113.171787,23.474832
361,广州花都曹勇诊所,医疗保健服务,诊所,诊所,广东省,广州市,花都区,113.156557,23.466672
362,罗教强诊所,医疗保健服务,诊所,诊所,广东省,广州市,花都区,113.150577,23.463353
363,江高镇雄丰村卫生站,医疗保健服务,诊所,诊所,广东省,广州市,白云区,113.179174,23.334191
364,江高镇五丰村卫生站,医疗保健服务,诊所,诊所,广东省,广州市,白云区,113.179627,23.32843
365,南浦村卫生站,医疗保健服务,诊所,诊所,广东省,广州市,白云区,113.177092,23.344462
366,康健诊所,医疗保健服务,诊所,诊所,广东省,广州市,花都区,113.147619,23.355107
367,汤湛基诊所,医疗保健服务,诊所,诊所,广东省,广州市,花都区,113.150884,23.354339
368,花都区秀全街马溪村卫生站,医疗保健服务,诊所,诊所,广东省,广州市,花都区,113.149255,23.355827
369,宗黄堂疼痛诊疗馆,医疗保健服务,诊所,诊所,广东省,广州市,花都区,113.147546,23.354952
370,中八村卫生站,医疗保健服务,诊所,诊所,广东省,广州市,白云区,113.184874,23.332341
371,康健门诊,医疗保健服务,诊所,诊所,广东省,广州市,花都区,113.147612,23.354989
372,花都区秀全街岐山村卫生站,医疗保健服务,诊所,诊所,广东省,广州市,花都区,113.162511,23.363278
373,协和医疗门诊大楼(瑞香路),医疗保健服务,诊所,诊所,广东省,广州市,花都区,113.164648,23.408699
374,大布村卫生站,医疗保健服务,诊所,诊所,广东省,广州市,花都区,113.160115,23.409864
375,刘贤珍诊所,医疗保健服务,诊所,诊所,广东省,广州市,花都区,113.168282,23.415435
376,新衡福诊所(原黄启斌诊所),医疗保健服务,诊所,诊所,广东省,广州市,花都区,113.162519,23.40545
377,广州市花秀全都区大布综合门诊,医疗保健服务,诊所,诊所,广东省,广州市,花都区,113.162251,23.396544
378,小美医生,医疗保健服务,诊所,诊所,广东省,广州市,花都区,113.175496,23.427102
379,广州城市理工学院卫生所,医疗保健服务,诊所,诊所,广东省,广州市,花都区,113.173296,23.428799
380,花都秀全安健综合门诊部,医疗保健服务,诊所,诊所,广东省,广州市,花都区,113.172262,23.392768
381,花都区秀全街乐同村卫生站,医疗保健服务,诊所,诊所,广东省,广州市,花都区,113.185531,23.413511
382,黄惠芝中医诊所,医疗保健服务,诊所,诊所,广东省,广州市,花都区,113.187657,23.422114
383,王中朝诊所,医疗保健服务,诊所,诊所,广东省,广州市,花都区,113.175058,23.392539
384,王中朝儿科诊所,医疗保健服务,诊所,诊所,广东省,广州市,花都区,113.175092,23.392521
385,梅广源名医工作室,医疗保健服务,诊所,诊所,广东省,广州市,花都区,113.126284,23.414173
386,建华门诊,医疗保健服务,诊所,诊所,广东省,广州市,增城区,113.794999,23.172305
387,郑开牙科诊所,医疗保健服务,诊所,诊所,广东省,广州市,增城区,113.795597,23.16956
388,石滩镇元洲村卫生站,医疗保健服务,诊所,诊所,广东省,广州市,增城区,113.801164,23.165938
389,项桂连诊所,医疗保健服务,诊所,诊所,广东省,广州市,增城区,113.792808,23.184251
390,光明村卫生站,医疗保健服务,诊所,诊所,广东省,广州市,增城区,113.789991,23.258903
391,清燕社区卫生服务站,医疗保健服务,诊所,诊所,广东省,广州市,增城区,113.790903,23.261187
392,爱牙之家口腔,医疗保健服务,诊所,诊所,广东省,广州市,增城区,113.820265,23.281663
393,道医太极三才神灸,医疗保健服务,诊所,诊所,广东省,广州市,增城区,113.825296,23.280531
394,良口镇梅树村卫生站,医疗保健服务,诊所,诊所,广东省,广州市,从化区,113.770833,23.812545
395,良平村卫生站,医疗保健服务,诊所,诊所,广东省,广州市,从化区,113.77213,23.676269
396,派潭镇派潭村卫生站,医疗保健服务,诊所,诊所,广东省,广州市,增城区,113.791716,23.485145
397,叶志华诊所,医疗保健服务,诊所,诊所,广东省,广州市,增城区,113.779687,23.487096
398,华光诊所,医疗保健服务,诊所,诊所,广东省,广州市,增城区,113.77891,23.48953
399,李应星诊所,医疗保健服务,诊所,诊所,广东省,广州市,增城区,113.780772,23.483963
400,杨年英诊所,医疗保健服务,诊所,诊所,广东省,广州市,增城区,113.777956,23.487954
401,李治良牙科(教育南路),医疗保健服务,诊所,诊所,广东省,广州市,增城区,113.779814,23.486784
402,鹏强诊所,医疗保健服务,诊所,诊所,广东省,广州市,增城区,113.779714,23.487125
403,派潭镇高村村卫生站,医疗保健服务,诊所,诊所,广东省,广州市,增城区,113.776787,23.489286
404,大埔村卫生站,医疗保健服务,诊所,诊所,广东省,广州市,增城区,113.780467,23.477847
405,派潭镇七境村卫生站,医疗保健服务,诊所,诊所,广东省,广州市,增城区,113.828327,23.531698
406,派潭镇湾吓村卫生站,医疗保健服务,诊所,诊所,广东省,广州市,增城区,113.822787,23.453224
407,派潭镇高滩村卫生站,医疗保健服务,诊所,诊所,广东省,广州市,增城区,113.775031,23.559463
408,白水寨风景名胜景区-医疗点,医疗保健服务,诊所,诊所,广东省,广州市,增城区,113.763635,23.582272
409,荔城街木潭村卫生站,医疗保健服务,诊所,诊所,广东省,广州市,增城区,113.796053,23.355986
410,元新诊所,医疗保健服务,诊所,诊所,广东省,广州市,增城区,113.805453,23.300815
411,广州增城爱群门诊部,医疗保健服务,诊所,诊所,广东省,广州市,增城区,113.828143,23.293115
412,保康堂中医馆,医疗保健服务,诊所,诊所,广东省,广州市,增城区,113.821459,23.301609
413,郭艳妍诊所,医疗保健服务,诊所,诊所,广东省,广州市,增城区,113.811282,23.296624
414,荔城街棠村村卫生站,医疗保健服务,诊所,诊所,广东省,广州市,增城区,113.832668,23.325645
415,小楼镇东境村卫生站,医疗保健服务,诊所,诊所,广东省,广州市,增城区,113.816162,23.419345
416,小楼镇约场村卫生站,医疗保健服务,诊所,诊所,广东省,广州市,增城区,113.774872,23.429455
417,庙潭村卫生站,医疗保健服务,诊所,诊所,广东省,广州市,增城区,113.827191,23.420492
418,小楼卫生院牙科,医疗保健服务,诊所,诊所,广东省,广州市,增城区,113.833781,23.380723
419,正果镇花园村卫生分站,医疗保健服务,诊所,诊所,广东省,广州市,增城区,113.831246,23.421858
420,温城强中医诊所,医疗保健服务,诊所,诊所,广东省,广州市,增城区,113.827646,23.296055
421,口腔科,医疗保健服务,诊所,诊所,广东省,广州市,增城区,113.828234,23.293166
422,城丰村社区康复站,医疗保健服务,诊所,诊所,广东省,广州市,增城区,113.834328,23.297663
423,正果医院牙科,医疗保健服务,诊所,诊所,广东省,广州市,增城区,113.894313,23.414089
424,正果镇岳村卫生站,医疗保健服务,诊所,诊所,广东省,广州市,增城区,113.849235,23.426445
425,正果镇庙尾村卫生站,医疗保健服务,诊所,诊所,广东省,广州市,增城区,113.852962,23.437331
426,正果镇麦村卫生站,医疗保健服务,诊所,诊所,广东省,广州市,增城区,113.851779,23.3781
427,正果镇和平村卫生站,医疗保健服务,诊所,诊所,广东省,广州市,增城区,113.91314,23.397011
428,派潭镇帮河坑村卫生站,医疗保健服务,诊所,诊所,广东省,广州市,增城区,113.862948,23.522567
429,正果镇汀塘村卫生站,医疗保健服务,诊所,诊所,广东省,广州市,增城区,113.917398,23.45342
430,林伯苏医师诊所,医疗保健服务,诊所,诊所,广东省,广州市,增城区,113.828519,23.295593
431,荔城街社区卫生服务中心金竹社区卫生服务站-预防接种门诊,医疗保健服务,诊所,诊所,广东省,广州市,增城区,113.806856,23.293036
432,增江街陆村村卫生站,医疗保健服务,诊所,诊所,广东省,广州市,增城区,113.847829,23.253286
433,初溪村卫生站,医疗保健服务,诊所,诊所,广东省,广州市,增城区,113.856047,23.230373
434,增江街大埔围村卫生站,医疗保健服务,诊所,诊所,广东省,广州市,增城区,113.887954,23.216501
435,伟娟门诊,医疗保健服务,诊所,诊所,广东省,广州市,增城区,113.846371,23.283854
436,杨伯铭诊所,医疗保健服务,诊所,诊所,广东省,广州市,增城区,113.84354,23.280639
437,张铁平综合门诊部,医疗保健服务,诊所,诊所,广东省,广州市,增城区,113.840326,23.280193
438,荔城街城丰村卫生站,医疗保健服务,诊所,诊所,广东省,广州市,增城区,113.841458,23.30086
439,志勇诊所,医疗保健服务,诊所,诊所,广东省,广州市,增城区,113.84042,23.294144
440,建辉诊所,医疗保健服务,诊所,诊所,广东省,广州市,增城区,113.84407,23.291637
441,廖伟成诊所,医疗保健服务,诊所,诊所,广东省,广州市,增城区,113.839708,23.290134
442,跌打驳骨站,医疗保健服务,诊所,诊所,广东省,广州市,增城区,113.864047,23.182407
443,石滩镇桥头村卫生站,医疗保健服务,诊所,诊所,广东省,广州市,增城区,113.867108,23.187982
444,姚成中医诊所,医疗保健服务,诊所,诊所,广东省,广州市,增城区,113.860072,23.184949
445,口腔诊所,医疗保健服务,诊所,诊所,广东省,广州市,增城区,113.857306,23.187035
446,石滩镇岗尾村卫生站,医疗保健服务,诊所,诊所,广东省,广州市,增城区,113.864684,23.203404
447,金兰寺村卫生站,医疗保健服务,诊所,诊所,广东省,广州市,增城区,113.851588,23.201569
448,吕田镇坪地村卫生站,医疗保健服务,诊所,诊所,广东省,广州市,从化区,113.86359,23.889049
449,良口镇溪头村卫生站,医疗保健服务,诊所,诊所,广东省,广州市,从化区,113.866922,23.714313
450,吕田镇塘田村卫生站,医疗保健服务,诊所,诊所,广东省,广州市,从化区,113.891825,23.768845
451,小杉村卫生站,医疗保健服务,诊所,诊所,广东省,广州市,从化区,113.97542,23.765356
452,正果镇西湖滩村卫生站,医疗保健服务,诊所,诊所,广东省,广州市,增城区,113.925625,23.45853
453,正果镇畲族村卫生站,医疗保健服务,诊所,诊所,广东省,广州市,增城区,113.988302,23.340448
454,正果镇亮星村卫生站,医疗保健服务,诊所,诊所,广东省,广州市,增城区,113.951028,23.400851
455,正果镇银场村卫生站,医疗保健服务,诊所,诊所,广东省,广州市,增城区,113.974587,23.395854
456,正果镇乌头石村卫生站,医疗保健服务,诊所,诊所,广东省,广州市,增城区,113.935139,23.446886
457,广州市从化区吕田镇竹坑村卫生站,医疗保健服务,诊所,诊所,广东省,广州市,从化区,113.928662,23.827515
458,吕田镇草埔村卫生站,医疗保健服务,诊所,诊所,广东省,广州市,从化区,113.919811,23.77423
459,广州市从化区城郊街新开村卫生站,医疗保健服务,诊所,诊所,广东省,广州市,从化区,113.560661,23.560908
460,大夫田村卫生站,医疗保健服务,诊所,诊所,广东省,广州市,从化区,113.544284,23.572347
461,高步卫生站,医疗保健服务,诊所,诊所,广东省,广州市,从化区,113.580872,23.56647
462,祖传跌打,医疗保健服务,诊所,诊所,广东省,广州市,从化区,113.575942,23.556564
463,城康村卫生站,医疗保健服务,诊所,诊所,广东省,广州市,从化区,113.560287,23.634196
464,广州市从化区城郊街矮岭村卫生站,医疗保健服务,诊所,诊所,广东省,广州市,从化区,113.541598,23.626232
465,广州市从化区城郊街黄场村卫生站,医疗保健服务,诊所,诊所,广东省,广州市,从化区,113.552725,23.614032
466,城郊北星卫生站,医疗保健服务,诊所,诊所,广东省,广州市,从化区,113.584604,23.554826
467,城郊北星卫生站,医疗保健服务,诊所,诊所,广东省,广州市,从化区,113.584604,23.554826
468,从化益民诊所,医疗保健服务,诊所,诊所,广东省,广州市,从化区,113.527345,23.569694
469,百家中医门诊部,医疗保健服务,诊所,诊所,广东省,广州市,从化区,113.533268,23.595129
470,李伟英筋骨调理中心(从化总店),医疗保健服务,诊所,诊所,广东省,广州市,从化区,113.586312,23.556355
471,太平镇分水村卫生站,医疗保健服务,诊所,诊所,广东省,广州市,从化区,113.565939,23.398237
472,广州市从化区太平镇秋枫村卫生站,医疗保健服务,诊所,诊所,广东省,广州市,从化区,113.550154,23.389243
473,新安村卫生站,医疗保健服务,诊所,诊所,广东省,广州市,增城区,113.58544,23.377398
474,街口街城郊村卫生站,医疗保健服务,诊所,诊所,广东省,广州市,从化区,113.580382,23.54759
475,庾元慈中医诊所,医疗保健服务,诊所,诊所,广东省,广州市,从化区,113.584712,23.545704
476,谢胜华内科诊所,医疗保健服务,诊所,诊所,广东省,广州市,从化区,113.59389,23.553487
477,惠德从化诊所,医疗保健服务,诊所,诊所,广东省,广州市,从化区,113.595301,23.553198
478,三百洞村卫生站,医疗保健服务,诊所,诊所,广东省,广州市,从化区,113.556963,23.476542
479,菜地村卫生站,医疗保健服务,诊所,诊所,广东省,广州市,从化区,113.545896,23.504966
480,从化何林吉中西医结合门诊部,医疗保健服务,诊所,诊所,广东省,广州市,从化区,113.569852,23.507111
481,神岗村卫生站,医疗保健服务,诊所,诊所,广东省,广州市,从化区,113.53017,23.484906
482,广州市从化区街口街沙贝村卫生站,医疗保健服务,诊所,诊所,广东省,广州市,从化区,113.567626,23.517493
483,太平镇元洲岗卫生站,医疗保健服务,诊所,诊所,广东省,广州市,从化区,113.541368,23.490949
484,新明卫生站,医疗保健服务,诊所,诊所,广东省,广州市,从化区,113.583522,23.522703
485,井岗村卫生站,医疗保健服务,诊所,诊所,广东省,广州市,从化区,113.531627,23.523378
486,南方村卫生站,医疗保健服务,诊所,诊所,广东省,广州市,从化区,113.582323,23.515675
487,佛岗村卫生站,医疗保健服务,诊所,诊所,广东省,广州市,从化区,113.519605,23.475462
488,均和村卫生站,医疗保健服务,诊所,诊所,广东省,广州市,黄埔区,113.554966,23.265989
489,观华诊所,医疗保健服务,诊所,诊所,广东省,广州市,黄埔区,113.575498,23.277407
490,九龙镇中心卫生院妇幼保健门诊,医疗保健服务,诊所,诊所,广东省,广州市,黄埔区,113.57111,23.277761
491,林小演诊所,医疗保健服务,诊所,诊所,广东省,广州市,黄埔区,113.585137,23.277759
492,鸣亮诊所,医疗保健服务,诊所,诊所,广东省,广州市,黄埔区,113.584889,23.278719
493,鸿亮诊所,医疗保健服务,诊所,诊所,广东省,广州市,黄埔区,113.584894,23.278696
494,朱丁吴诊所,医疗保健服务,诊所,诊所,广东省,广州市,黄埔区,113.583696,23.279422
495,华医百岁第136店,医疗保健服务,诊所,诊所,广东省,广州市,从化区,113.58647,23.53705
496,天韵社区卫生服务站,医疗保健服务,诊所,诊所,广东省,广州市,黄埔区,113.543712,23.329801
497,龙湖街中心卫生院旺村卫生站,医疗保健服务,诊所,诊所,广东省,广州市,黄埔区,113.561573,23.313168
498,埔心村卫生站,医疗保健服务,诊所,诊所,广东省,广州市,黄埔区,113.547009,23.349329
499,龙湖街中心卫生院何棠下村卫生站,医疗保健服务,诊所,诊所,广东省,广州市,黄埔区,113.541666,23.339527
500,黄埔区龙湖街幸福誉社区卫生服务站,医疗保健服务,诊所,诊所,广东省,广州市,黄埔区,113.539282,23.331014
501,洋田村卫生站,医疗保健服务,诊所,诊所,广东省,广州市,黄埔区,113.583,23.317012
502,汤村村卫生站,医疗保健服务,诊所,诊所,广东省,广州市,黄埔区,113.569082,23.299048
503,大涵村卫生站,医疗保健服务,诊所,诊所,广东省,广州市,黄埔区,113.551927,23.293819
504,黄建胜长友诊所,医疗保健服务,诊所,诊所,广东省,广州市,黄埔区,113.521083,23.353334
505,长莫村卫生站,医疗保健服务,诊所,诊所,广东省,广州市,南沙区,113.468926,22.835158
506,南沙区东涌镇长莫村卫生站,医疗保健服务,诊所,诊所,广东省,广州市,南沙区,113.475919,22.836238
507,石排村卫生站,医疗保健服务,诊所,诊所,广东省,广州市,南沙区,113.481516,22.87142
508,广州市南沙区东涌镇社区卫生服务中心,医疗保健服务,诊所,诊所,广东省,广州市,南沙区,113.452467,22.835626
509,细沥村卫生站,医疗保健服务,诊所,诊所,广东省,广州市,南沙区,113.45346,22.83549
510,东涌医院南涌村卫生所,医疗保健服务,诊所,诊所,广东省,广州市,南沙区,113.463444,22.879251
511,回景堂中医诊所,医疗保健服务,诊所,诊所,广东省,广州市,番禺区,113.468181,22.929777
512,石碁镇南浦村卫生站,医疗保健服务,诊所,诊所,广东省,广州市,番禺区,113.468524,22.961581
513,广东通用(番禺)透析中心,医疗保健服务,诊所,诊所,广东省,广州市,番禺区,113.457527,22.953568
514,庙贝农场卫生站,医疗保健服务,诊所,诊所,广东省,广州市,南沙区,113.486154,22.771113
515,大岗镇庙青社区卫生服务站,医疗保健服务,诊所,诊所,广东省,广州市,南沙区,113.469456,22.781423
516,横沥镇庙南村卫生站,医疗保健服务,诊所,诊所,广东省,广州市,南沙区,113.495467,22.772804
517,横沥社区卫生服务中心(庙南村点)-预防接种门诊,医疗保健服务,诊所,诊所,广东省,广州市,南沙区,113.495536,22.772793
518,广州市南沙区横沥镇大元卫生站,医疗保健服务,诊所,诊所,广东省,广州市,南沙区,113.495584,22.75149
519,诚美口腔门诊部,医疗保健服务,诊所,诊所,广东省,广州市,南沙区,113.496721,22.811607
520,黄阁镇亭角村卫生站,医疗保健服务,诊所,诊所,广东省,广州市,南沙区,113.496346,22.797974
521,石碁镇社区卫生服务中心预防接种门诊,医疗保健服务,诊所,诊所,广东省,广州市,番禺区,113.453904,22.950763
522,石楼人民医院第二门诊部,医疗保健服务,诊所,诊所,广东省,广州市,番禺区,113.485018,22.970595
523,邓丹综合门诊部,医疗保健服务,诊所,诊所,广东省,广州市,番禺区,113.486345,22.969054
524,沙北卫生站,医疗保健服务,诊所,诊所,广东省,广州市,番禺区,113.518382,22.919528
525,南沙区东涌镇东导村卫生站,医疗保健服务,诊所,诊所,广东省,广州市,南沙区,113.462615,22.900482
526,敬老院诊所,医疗保健服务,诊所,诊所,广东省,广州市,番禺区,113.438837,22.954937
527,广东省干部疗养院门诊部,医疗保健服务,诊所,诊所,广东省,广州市,从化区,113.654504,23.650694
528,从化明络堂温泉诊所,医疗保健服务,诊所,诊所,广东省,广州市,从化区,113.655637,23.644671
529,源湖村卫生站,医疗保健服务,诊所,诊所,广东省,广州市,从化区,113.660782,23.615386
530,米铺新卫生室,医疗保健服务,诊所,诊所,广东省,广州市,从化区,113.663171,23.693552
531,锦一村卫生站,医疗保健服务,诊所,诊所,广东省,广州市,从化区,113.620911,23.479331
532,锦二村卫生站,医疗保健服务,诊所,诊所,广东省,广州市,从化区,113.61408,23.488863
533,鹊塱村卫生站,医疗保健服务,诊所,诊所,广东省,广州市,从化区,113.644727,23.513011
534,康和中西医,医疗保健服务,诊所,诊所,广东省,广州市,从化区,113.649134,23.519144
535,江埔街下罗村卫生站,医疗保健服务,诊所,诊所,广东省,广州市,从化区,113.612133,23.515014
536,吊里村卫生站,医疗保健服务,诊所,诊所,广东省,广州市,从化区,113.656809,23.515827
537,从化天下中医诊所,医疗保健服务,诊所,诊所,广东省,广州市,从化区,113.601949,23.531093
538,广州市从化区城郊街塘下村卫生站,医疗保健服务,诊所,诊所,广东省,广州市,从化区,113.605424,23.584744
539,广州市从化区江埔街江村村卫生站,医疗保健服务,诊所,诊所,广东省,广州市,从化区,113.617467,23.568614
540,宣星卫生站,医疗保健服务,诊所,诊所,广东省,广州市,从化区,113.643291,23.59881
541,龙桥村卫生站,医疗保健服务,诊所,诊所,广东省,广州市,从化区,113.66976,23.601608
542,江埔村卫生站,医疗保健服务,诊所,诊所,广东省,广州市,从化区,113.611949,23.542778
543,李汉文内科诊所,医疗保健服务,诊所,诊所,广东省,广州市,从化区,113.61458,23.604541
544,合正中西医结合诊所,医疗保健服务,诊所,诊所,广东省,广州市,从化区,113.602353,23.545215
545,广州市从化区城郊街东风村卫生站,医疗保健服务,诊所,诊所,广东省,广州市,从化区,113.599807,23.563142
546,龙岗村卫生站,医疗保健服务,诊所,诊所,广东省,广州市,从化区,113.664781,23.598467
547,东泉门诊,医疗保健服务,诊所,诊所,广东省,广州市,从化区,113.599632,23.546148
548,麻三村卫生站,医疗保健服务,诊所,诊所,广东省,广州市,从化区,113.615709,23.611371
549,南埔村卫生站,医疗保健服务,诊所,诊所,广东省,广州市,增城区,113.566565,23.101653
550,申幼玲诊所,医疗保健服务,诊所,诊所,广东省,广州市,黄埔区,113.544753,23.093582
551,詹海松中医诊所,医疗保健服务,诊所,诊所,广东省,广州市,增城区,113.560322,23.10565
552,夏埔医疗诊所,医疗保健服务,诊所,诊所,广东省,广州市,增城区,113.566348,23.102943
553,谢志斌中西医结合诊所,医疗保健服务,诊所,诊所,广东省,广州市,增城区,113.553407,23.104105
554,潘端梅个体诊所,医疗保健服务,诊所,诊所,广东省,广州市,黄埔区,113.54477,23.093374
555,袁大军诊所,医疗保健服务,诊所,诊所,广东省,广州市,增城区,113.567151,23.104218
556,健业阳光医疗,医疗保健服务,诊所,诊所,广东省,广州市,黄埔区,113.563304,23.191309
557,惠明诊所,医疗保健服务,诊所,诊所,广东省,广州市,黄埔区,113.557998,23.198251
558,新庄社区医疗,医疗保健服务,诊所,诊所,广东省,广州市,黄埔区,113.563093,23.188067
559,富强诊所(新庄店),医疗保健服务,诊所,诊所,广东省,广州市,黄埔区,113.563069,23.18808
560,鸿运东区综合门诊部,医疗保健服务,诊所,诊所,广东省,广州市,黄埔区,113.529778,23.135838
561,圣仁诊所,医疗保健服务,诊所,诊所,广东省,广州市,黄埔区,113.570669,23.185409
562,阳光诊所,医疗保健服务,诊所,诊所,广东省,广州市,黄埔区,113.56348,23.191274
563,黄浦区张立东诊所,医疗保健服务,诊所,诊所,广东省,广州市,黄埔区,113.566063,23.190609
564,永康医疗(桑田一路店),医疗保健服务,诊所,诊所,广东省,广州市,黄埔区,113.56906,23.187985
565,广州开发区医院永和门诊部,医疗保健服务,诊所,诊所,广东省,广州市,黄埔区,113.556772,23.190775
566,国成诊所(新庄二路),医疗保健服务,诊所,诊所,广东省,广州市,黄埔区,113.564566,23.191239
567,种植牙中心,医疗保健服务,诊所,诊所,广东省,广州市,黄埔区,113.566615,23.191375
568,牙医世家,医疗保健服务,诊所,诊所,广东省,广州市,黄埔区,113.566654,23.191488
569,广州市番禺区石楼镇沙北村卫生站,医疗保健服务,诊所,诊所,广东省,广州市,番禺区,113.519818,22.919216
570,秋月宏妙国际,医疗保健服务,诊所,诊所,广东省,广州市,增城区,113.583562,23.161254
571,广州幸康嘉园门诊部,医疗保健服务,诊所,诊所,广东省,广州市,黄埔区,113.559097,23.196567
572,忠生诊所,医疗保健服务,诊所,诊所,广东省,广州市,黄埔区,113.55941,23.197435
573,缪氏牙医世家,医疗保健服务,诊所,诊所,广东省,广州市,黄埔区,113.560078,23.199483
574,富强诊所,医疗保健服务,诊所,诊所,广东省,广州市,黄埔区,113.560732,23.197949
575,下由冚,医疗保健服务,诊所,诊所,广东省,广州市,黄埔区,113.545653,23.193795
576,源地中医堂,医疗保健服务,诊所,诊所,广东省,广州市,增城区,113.583598,23.161478
577,康源地中医馆,医疗保健服务,诊所,诊所,广东省,广州市,增城区,113.583674,23.161573
578,培元堂中医诊所,医疗保健服务,诊所,诊所,广东省,广州市,黄埔区,113.533816,23.160569
579,崇正诊所,医疗保健服务,诊所,诊所,广东省,广州市,增城区,113.583121,23.159961
580,碧珊诊所,医疗保健服务,诊所,诊所,广东省,广州市,增城区,113.587579,23.179971
581,和众教育行知健康服务站,医疗保健服务,诊所,诊所,广东省,广州市,南沙区,113.557599,22.769431
582,广州市南沙区南沙街板头卫生站,医疗保健服务,诊所,诊所,广东省,广州市,南沙区,113.54876,22.788727
583,广州市南沙区黄阁镇沙仔村卫生站,医疗保健服务,诊所,诊所,广东省,广州市,南沙区,113.54976,22.855335
584,南沙区黄阁镇东风农场卫生站,医疗保健服务,诊所,诊所,广东省,广州市,南沙区,113.519839,22.863475
585,南沙区黄阁镇东湾村卫生站,医疗保健服务,诊所,诊所,广东省,广州市,南沙区,113.528877,22.826975
586,牙齿矫正,医疗保健服务,诊所,诊所,广东省,广州市,南沙区,113.552988,22.799402
587,南北台诊所,医疗保健服务,诊所,诊所,广东省,广州市,南沙区,113.596267,22.778229
588,康美汇中医,医疗保健服务,诊所,诊所,广东省,广州市,南沙区,113.549186,22.800165
589,睛亮眼科诊所,医疗保健服务,诊所,诊所,广东省,广州市,南沙区,113.531953,22.787779
590,广州市南沙区横沥镇新村卫生站,医疗保健服务,诊所,诊所,广东省,广州市,南沙区,113.525863,22.705524
591,珠江街社区卫生服务中心预防接种门诊,医疗保健服务,诊所,诊所,广东省,广州市,南沙区,113.536186,22.702996
592,新安村卫生站,医疗保健服务,诊所,诊所,广东省,广州市,南沙区,113.558923,22.662631
593,南沙区第三人民医院新村卫生所,医疗保健服务,诊所,诊所,广东省,广州市,南沙区,113.525962,22.705543
594,沙尾二卫生站,医疗保健服务,诊所,诊所,广东省,广州市,南沙区,113.592513,22.657765
595,万顷沙医院龙穴岛卫生站,医疗保健服务,诊所,诊所,广东省,广州市,南沙区,113.645419,22.687539
596,南沙区第一人民医院龙穴(门诊部),医疗保健服务,诊所,诊所,广东省,广州市,南沙区,113.645482,22.687804
597,南沙区第一人民医院龙穴门诊部急诊,医疗保健服务,诊所,诊所,广东省,广州市,南沙区,113.64548,22.687803
598,南京同仁堂中医诊所,医疗保健服务,诊所,诊所,广东省,广州市,南沙区,113.531712,22.795665
599,中医馆,医疗保健服务,诊所,诊所,广东省,广州市,南沙区,113.531687,22.795756
600,标至口腔,医疗保健服务,诊所,诊所,广东省,广州市,南沙区,113.523686,22.790819
601,健强门诊部,医疗保健服务,诊所,诊所,广东省,广州市,南沙区,113.575304,22.746809
602,达康诊所,医疗保健服务,诊所,诊所,广东省,广州市,南沙区,113.583739,22.747236
603,百万葵园-医务室,医疗保健服务,诊所,诊所,广东省,广州市,南沙区,113.619983,22.630668
604,发热诊室,医疗保健服务,诊所,诊所,广东省,广州市,南沙区,113.606138,22.645377
605,万顷沙社区卫生服务中心预防接种门诊,医疗保健服务,诊所,诊所,广东省,广州市,南沙区,113.606057,22.645403
606,肖北发儿科诊所,医疗保健服务,诊所,诊所,广东省,广州市,南沙区,113.605179,22.758137
607,广州市南沙区南沙街鹿颈社区卫生服务站,医疗保健服务,诊所,诊所,广东省,广州市,南沙区,113.60203,22.756469
608,南沙区妇幼保健院南横卫生所,医疗保健服务,诊所,诊所,广东省,广州市,南沙区,113.602377,22.750926
609,南沙区妇女保健院鹿颈村卫生所,医疗保健服务,诊所,诊所,广东省,广州市,南沙区,113.601885,22.756466
610,广州市南沙区南沙街南横村卫生站,医疗保健服务,诊所,诊所,广东省,广州市,南沙区,113.602377,22.750926
611,中新镇三迳村卫生站,医疗保健服务,诊所,诊所,广东省,广州市,增城区,113.62723,23.331827
612,中新镇心岭村卫生站,医疗保健服务,诊所,诊所,广东省,广州市,增城区,113.653718,23.343649
613,谭明诊所,医疗保健服务,诊所,诊所,广东省,广州市,增城区,113.6344,23.35899
614,中新镇田美村卫生站,医疗保健服务,诊所,诊所,广东省,广州市,增城区,113.642724,23.360023
615,福和镇田美村卫生站,医疗保健服务,诊所,诊所,广东省,广州市,增城区,113.643018,23.359788
616,五联村卫生站,医疗保健服务,诊所,诊所,广东省,广州市,增城区,113.661641,23.326699
617,大田卫生站,医疗保健服务,诊所,诊所,广东省,广州市,增城区,113.627854,23.297379
618,中新镇山美村卫生站,医疗保健服务,诊所,诊所,广东省,广州市,增城区,113.605856,23.318349
619,中新镇合益村卫生站,医疗保健服务,诊所,诊所,广东省,广州市,增城区,113.670746,23.365744
620,三星村卫生站,医疗保健服务,诊所,诊所,广东省,广州市,增城区,113.677091,23.361392
621,泮霞村卫生站,医疗保健服务,诊所,诊所,广东省,广州市,增城区,113.63325,23.36206
622,福和镇官塘村卫生站,医疗保健服务,诊所,诊所,广东省,广州市,增城区,113.618377,23.370881
623,坳头村卫生站,医疗保健服务,诊所,诊所,广东省,广州市,增城区,113.632427,23.404756
624,福和镇双塘村卫生站,医疗保健服务,诊所,诊所,广东省,广州市,增城区,113.647882,23.388778
625,大安村卫生站(407乡道),医疗保健服务,诊所,诊所,广东省,广州市,增城区,113.604099,23.38824
626,永和镇九如村卫生站,医疗保健服务,诊所,诊所,广东省,广州市,增城区,113.633757,23.1835
627,永宁街道九如村卫生站,医疗保健服务,诊所,诊所,广东省,广州市,增城区,113.634,23.183682
628,邵医堂诊所,医疗保健服务,诊所,诊所,广东省,广州市,增城区,113.643313,23.158283
629,上邵卫生站,医疗保健服务,诊所,诊所,广东省,广州市,增城区,113.646886,23.158098
630,为忠门诊部,医疗保健服务,诊所,诊所,广东省,广州市,增城区,113.642409,23.155056
631,上岭村敬老院医务室,医疗保健服务,诊所,诊所,广东省,广州市,增城区,113.66225,23.169431
632,康众诊所,医疗保健服务,诊所,诊所,广东省,广州市,增城区,113.659213,23.161344
633,赵小军中西医诊所,医疗保健服务,诊所,诊所,广东省,广州市,增城区,113.659199,23.161341
634,永宁街陂头村卫生站,医疗保健服务,诊所,诊所,广东省,广州市,增城区,113.61319,23.1765
635,巷口村卫生站(探头沙片街),医疗保健服务,诊所,诊所,广东省,广州市,增城区,113.659334,23.165156
636,王志良诊所,医疗保健服务,诊所,诊所,广东省,广州市,增城区,113.652232,23.153283
637,中新镇联丰村卫生站,医疗保健服务,诊所,诊所,广东省,广州市,增城区,113.626467,23.24205
638,坑贝村卫生站,医疗保健服务,诊所,诊所,广东省,广州市,增城区,113.647222,23.277148
639,广州市增城区宁西街冯村村卫生站,医疗保健服务,诊所,诊所,广东省,广州市,增城区,113.644696,23.231522
640,九和村卫生站,医疗保健服务,诊所,诊所,广东省,广州市,增城区,113.613034,23.260558
641,集丰村卫生站,医疗保健服务,诊所,诊所,广东省,广州市,增城区,113.623739,23.27489
642,中新镇莲塘村卫生站,医疗保健服务,诊所,诊所,广东省,广州市,增城区,113.668083,23.266598
643,范月友诊室,医疗保健服务,诊所,诊所,广东省,广州市,增城区,113.6206,23.285892
644,中新镇乌石村卫生站,医疗保健服务,诊所,诊所,广东省,广州市,增城区,113.643136,23.290874
645,沅素堂中医馆,医疗保健服务,诊所,诊所,广东省,广州市,增城区,113.661042,23.22006
646,宁西街石迳村卫生站,医疗保健服务,诊所,诊所,广东省,广州市,增城区,113.675332,23.233677
647,钟生牙科门诊,医疗保健服务,诊所,诊所,广东省,广州市,增城区,113.621076,23.289444
648,永宁街叶岭村卫生站,医疗保健服务,诊所,诊所,广东省,广州市,增城区,113.600627,23.232939
649,惠民诊所,医疗保健服务,诊所,诊所,广东省,广州市,增城区,113.621705,23.290222
650,港村卫生院,医疗保健服务,诊所,诊所,广东省,广州市,从化区,113.713948,23.579625
651,中田村卫生站,医疗保健服务,诊所,诊所,广东省,广州市,从化区,113.71202,23.61997
652,桃莲村卫生站,医疗保健服务,诊所,诊所,广东省,广州市,从化区,113.727172,23.621482
653,小楼镇秀水村卫生站,医疗保健服务,诊所,诊所,广东省,广州市,增城区,113.735753,23.431664
654,小楼黄村卫生站,医疗保健服务,诊所,诊所,广东省,广州市,增城区,113.716522,23.376521
655,小楼镇长岭村卫生站,医疗保健服务,诊所,诊所,广东省,广州市,增城区,113.754888,23.434577
656,派潭镇佳松岭卫生站,医疗保健服务,诊所,诊所,广东省,广州市,增城区,113.737803,23.489762
657,派潭镇高埔村卫生站,医疗保健服务,诊所,诊所,广东省,广州市,增城区,113.735278,23.463588
658,派潭镇车洞村卫生站,医疗保健服务,诊所,诊所,广东省,广州市,增城区,113.754093,23.507073
659,横塱村卫生站,医疗保健服务,诊所,诊所,广东省,广州市,增城区,113.715796,23.25694
660,南岗医疗站,医疗保健服务,诊所,诊所,广东省,广州市,增城区,113.715957,23.274914
661,增城新塘镇斯庄村卫生站,医疗保健服务,诊所,诊所,广东省,广州市,增城区,113.695845,23.242128
662,李丽芳诊所,医疗保健服务,诊所,诊所,广东省,广州市,增城区,113.699562,23.274189
663,添友诊所,医疗保健服务,诊所,诊所,广东省,广州市,增城区,113.699528,23.274216
664,吓岗村卫生站,医疗保健服务,诊所,诊所,广东省,广州市,增城区,113.736005,23.229658
665,朱村村卫生站,医疗保健服务,诊所,诊所,广东省,广州市,增城区,113.694948,23.276564
666,朱村村卫生站,医疗保健服务,诊所,诊所,广东省,广州市,增城区,113.692175,23.273014
667,朱村街山田村卫生站,医疗保健服务,诊所,诊所,广东省,广州市,增城区,113.753596,23.270141
668,小楼镇邓山村卫生站,医疗保健服务,诊所,诊所,广东省,广州市,增城区,113.740963,23.350772
669,丹邱村卫生站,医疗保健服务,诊所,诊所,广东省,广州市,增城区,113.724546,23.300013
670,睿康中西医诊所(朱村店),医疗保健服务,诊所,诊所,广东省,广州市,增城区,113.67876,23.274276
671,仙村镇上境村卫生站,医疗保健服务,诊所,诊所,广东省,广州市,增城区,113.719388,23.172623
672,鸭仔佬跌打,医疗保健服务,诊所,诊所,广东省,广州市,增城区,113.717323,23.170545
673,怡晴中医诊所,医疗保健服务,诊所,诊所,广东省,广州市,增城区,113.721252,23.164731
674,列姚巧中医妇科诊所,医疗保健服务,诊所,诊所,广东省,广州市,增城区,113.719538,23.166329
675,基岗卫生站,医疗保健服务,诊所,诊所,广东省,广州市,增城区,113.715065,23.181249
676,江结娣诊所,医疗保健服务,诊所,诊所,广东省,广州市,增城区,113.719132,23.163232
677,卫生路,医疗保健服务,诊所,诊所,广东省,广州市,增城区,113.718448,23.163885
678,广州市增城区仙村镇卫生院,医疗保健服务,诊所,诊所,广东省,广州市,增城区,113.716819,23.163936
679,仙村镇西南村卫生站,医疗保健服务,诊所,诊所,广东省,广州市,增城区,113.702674,23.166265
680,蓝山卫生站,医疗保健服务,诊所,诊所,广东省,广州市,增城区,113.735393,23.184899
681,仙村镇沙头村卫生站,医疗保健服务,诊所,诊所,广东省,广州市,增城区,113.705639,23.168031
682,竹元村卫生站(装修中),医疗保健服务,诊所,诊所,广东省,广州市,增城区,113.735839,23.164689
683,仙村镇沙角村卫生站,医疗保健服务,诊所,诊所,广东省,广州市,增城区,113.695262,23.14238
684,石滩镇沙陇村卫生站,医疗保健服务,诊所,诊所,广东省,广州市,增城区,113.75844,23.204709
685,增城新塘镇湖东卫生站,医疗保健服务,诊所,诊所,广东省,广州市,增城区,113.678786,23.206827
