,铭阳启慧国际教育中心,科教文化服务,培训机构,培训机构.1,广东省,深圳市,宝安区,113.775689,22.732589
0,江湖舞林(沙井和一分校),科教文化服务,培训机构,培训机构,广东省,深圳市,宝安区,113.784702,22.716657
1,扬名体育培训有限公司,科教文化服务,培训机构,培训机构,广东省,深圳市,宝安区,113.784738,22.716645
2,7818纹绣培训,科教文化服务,培训机构,培训机构,广东省,深圳市,宝安区,113.784631,22.728106
3,天韵琴行,科教文化服务,培训机构,培训机构,广东省,深圳市,宝安区,113.784256,22.71135
4,顺意汽车驾驶培训中心,科教文化服务,培训机构,培训机构,广东省,深圳市,宝安区,113.785118,22.715639
5,辉龙培训,科教文化服务,培训机构,培训机构,广东省,深圳市,宝安区,113.784724,22.716923
6,正弘教育,科教文化服务,培训机构,培训机构,广东省,深圳市,宝安区,113.785783,22.715763
7,萌宝宝舞蹈,科教文化服务,培训机构,培训机构,广东省,深圳市,宝安区,113.784598,22.713641
8,TY舞蹈,科教文化服务,培训机构,培训机构,广东省,深圳市,宝安区,113.784247,22.711483
9,岗前培训中心,科教文化服务,培训机构,培训机构,广东省,深圳市,宝安区,113.78814,22.724723
10,弘毅艺术培训中心,科教文化服务,培训机构,培训机构,广东省,深圳市,宝安区,113.786239,22.733416
11,艺心国际综合艺术中心,科教文化服务,培训机构,培训机构,广东省,深圳市,宝安区,113.785724,22.688114
12,女王舞蹈连锁(福永和平全国总部),科教文化服务,培训机构,培训机构,广东省,深圳市,宝安区,113.7878,22.688063
13,全兴培训职校(和平分校),科教文化服务,培训机构,培训机构,广东省,深圳市,宝安区,113.788174,22.688919
14,乐茶道培训中心,科教文化服务,培训机构,培训机构,广东省,深圳市,宝安区,113.78999,22.735772
15,宝安区法制教育培训基地,科教文化服务,培训机构,培训机构,广东省,深圳市,宝安区,113.788946,22.708263
16,深加速培训(沙井锦程分校),科教文化服务,培训机构,培训机构,广东省,深圳市,宝安区,113.785877,22.739844
17,领航培训,科教文化服务,培训机构,培训机构,广东省,深圳市,宝安区,113.786963,22.702625
18,笙艺音乐教育培训中心,科教文化服务,培训机构,培训机构,广东省,深圳市,宝安区,113.787048,22.741511
19,好老师培训,科教文化服务,培训机构,培训机构,广东省,深圳市,宝安区,113.788825,22.740917
20,慧星培训(兴裕路),科教文化服务,培训机构,培训机构,广东省,深圳市,宝安区,113.810585,22.758887
21,慧通教育,科教文化服务,培训机构,培训机构,广东省,深圳市,宝安区,113.809042,22.759244
22,美人源,科教文化服务,培训机构,培训机构,广东省,深圳市,宝安区,113.811294,22.75888
23,JS舞蹈(沙井新万众店),科教文化服务,培训机构,培训机构,广东省,深圳市,宝安区,113.810281,22.758927
24,瑜晓少儿艺术,科教文化服务,培训机构,培训机构,广东省,深圳市,宝安区,113.810487,22.758721
25,育乐艺术教育,科教文化服务,培训机构,培训机构,广东省,深圳市,宝安区,113.808486,22.759959
26,瑜晓少儿艺术培训中心,科教文化服务,培训机构,培训机构,广东省,深圳市,宝安区,113.810709,22.75855
27,蓝途数控培训学院,科教文化服务,培训机构,培训机构,广东省,深圳市,宝安区,113.810712,22.758547
28,平和飞悦健身培训学校,科教文化服务,培训机构,培训机构,广东省,深圳市,宝安区,113.808816,22.759314
29,美程美学艺术学院(步涌校区),科教文化服务,培训机构,培训机构,广东省,深圳市,宝安区,113.810256,22.758869
30,国际RS流行舞蹈步涌校区,科教文化服务,培训机构,培训机构,广东省,深圳市,宝安区,113.81144,22.758207
31,JS舞蹈新万众校区(深圳运营总部),科教文化服务,培训机构,培训机构,广东省,深圳市,宝安区,113.810256,22.758869
32,品子学堂文化艺术培训,科教文化服务,培训机构,培训机构,广东省,深圳市,宝安区,113.806007,22.760363
33,转折·国际舞蹈培训机构(沙井校区),科教文化服务,培训机构,培训机构,广东省,深圳市,宝安区,113.809075,22.759589
34,金贝壳艺术中心,科教文化服务,培训机构,培训机构,广东省,深圳市,宝安区,113.807884,22.724694
35,达闻培训(新沙路),科教文化服务,培训机构,培训机构,广东省,深圳市,宝安区,113.809525,22.732014
36,西觅亚机器人高手,科教文化服务,培训机构,培训机构,广东省,深圳市,宝安区,113.806934,22.722217
37,超人英语(沙井星河店),科教文化服务,培训机构,培训机构,广东省,深圳市,宝安区,113.806966,22.722627
38,贝蕾舞蹈艺术教育,科教文化服务,培训机构,培训机构,广东省,深圳市,宝安区,113.806859,22.723067
39,多乐小熊日托早教(沙中路店),科教文化服务,培训机构,培训机构,广东省,深圳市,宝安区,113.807008,22.722439
40,国际RS流行舞蹈(沙井校区),科教文化服务,培训机构,培训机构,广东省,深圳市,宝安区,113.811518,22.726523
41,远航教育(第8分校),科教文化服务,培训机构,培训机构,广东省,深圳市,宝安区,113.811737,22.726503
42,萌奇乐乐国际早教中心,科教文化服务,培训机构,培训机构,广东省,深圳市,宝安区,113.811075,22.726563
43,创想麦田国际美术学校,科教文化服务,培训机构,培训机构,广东省,深圳市,宝安区,113.811477,22.726729
44,大脑地图(福永店),科教文化服务,培训机构,培训机构,广东省,深圳市,宝安区,113.81203,22.678748
45,闯盟跨境电商学院,科教文化服务,培训机构,培训机构,广东省,深圳市,宝安区,113.811819,22.678654
46,森琴艺术培训,科教文化服务,培训机构,培训机构,广东省,深圳市,宝安区,113.811302,22.678524
47,灵洪培训班,科教文化服务,培训机构,培训机构,广东省,深圳市,宝安区,113.810054,22.685247
48,博宇教育综合楼,科教文化服务,培训机构,培训机构,广东省,深圳市,宝安区,113.813619,22.672129
49,红舞鞋艺术培训中心(桥头教学点),科教文化服务,培训机构,培训机构,广东省,深圳市,宝安区,113.810469,22.685126
50,深圳市机场保安服务有限公司(宝安大道),科教文化服务,培训机构,培训机构,广东省,深圳市,宝安区,113.82021,22.652518
51,智慧教育,科教文化服务,培训机构,培训机构,广东省,深圳市,宝安区,113.825356,22.648025
52,深圳市企业首席文化官培训中心,科教文化服务,培训机构,培训机构,广东省,深圳市,宝安区,113.824306,22.647549
53,北大百年家教中心,科教文化服务,培训机构,培训机构,广东省,深圳市,宝安区,113.822881,22.653406
54,诗玛特教育,科教文化服务,培训机构,培训机构,广东省,深圳市,宝安区,113.821455,22.653052
55,宝贝家舞蹈培训,科教文化服务,培训机构,培训机构,广东省,深圳市,宝安区,113.821472,22.653068
56,小水仙艺术培训中心,科教文化服务,培训机构,培训机构,广东省,深圳市,宝安区,113.82431,22.651456
57,童画家少儿美术(机场校区),科教文化服务,培训机构,培训机构,广东省,深圳市,宝安区,113.823538,22.653105
58,祝博士学习吧(福围商业街店),科教文化服务,培训机构,培训机构,广东省,深圳市,宝安区,113.821814,22.654242
59,大榕树少儿美术,科教文化服务,培训机构,培训机构,广东省,深圳市,宝安区,113.815777,22.659073
60,全国民航公安大数据战训中心,科教文化服务,培训机构,培训机构,广东省,深圳市,宝安区,113.819297,22.621209
61,金刚猴机器人,科教文化服务,培训机构,培训机构,广东省,深圳市,宝安区,113.819551,22.659942
62,乐加儿童编程创意中心,科教文化服务,培训机构,培训机构,广东省,深圳市,宝安区,113.831395,22.643541
63,爱琴海艺术培训中心(机场店),科教文化服务,培训机构,培训机构,广东省,深圳市,宝安区,113.830368,22.644243
64,学壹学堂,科教文化服务,培训机构,培训机构,广东省,深圳市,宝安区,113.820073,22.659238
65,怀德教育招商中心,科教文化服务,培训机构,培训机构,广东省,深圳市,宝安区,113.819848,22.659577
66,红舞鞋童舞缤纷舞蹈团,科教文化服务,培训机构,培训机构,广东省,深圳市,宝安区,113.819819,22.659676
67,学了先文教中心,科教文化服务,培训机构,培训机构,广东省,深圳市,宝安区,113.819557,22.659964
68,麦咭儿童之家金色领域校区,科教文化服务,培训机构,培训机构,广东省,深圳市,宝安区,113.817602,22.659318
69,品茗轩书法培训中心,科教文化服务,培训机构,培训机构,广东省,深圳市,宝安区,113.819005,22.660689
70,威威机器人(怀德店),科教文化服务,培训机构,培训机构,广东省,深圳市,宝安区,113.818695,22.661249
71,奥科莱教育,科教文化服务,培训机构,培训机构,广东省,深圳市,宝安区,113.818845,22.661605
72,1688深圳分校,科教文化服务,培训机构,培训机构,广东省,深圳市,宝安区,113.825789,22.658393
73,深圳航空维修培训中心,科教文化服务,培训机构,培训机构,广东省,深圳市,宝安区,113.830868,22.626091
74,棒棒弹艺术学塾(万科金色领域店),科教文化服务,培训机构,培训机构,广东省,深圳市,宝安区,113.815705,22.659199
75,胡贝儿形体礼仪女子学堂(福永同泰校区),科教文化服务,培训机构,培训机构,广东省,深圳市,宝安区,113.804549,22.678939
76,JS国际舞蹈连锁(桥头旗舰店),科教文化服务,培训机构,培训机构,广东省,深圳市,宝安区,113.806664,22.689191
77,希望之星才艺培训中心,科教文化服务,培训机构,培训机构,广东省,深圳市,宝安区,113.810929,22.690408
78,香港现代青少儿英语宝安福永城佳校区,科教文化服务,培训机构,培训机构,广东省,深圳市,宝安区,113.812447,22.675464
79,心心艺术培训,科教文化服务,培训机构,培训机构,广东省,深圳市,宝安区,113.810551,22.69062
80,乐学爱思教育(福永校区),科教文化服务,培训机构,培训机构,广东省,深圳市,宝安区,113.808104,22.673809
81,中科教育,科教文化服务,培训机构,培训机构,广东省,深圳市,宝安区,113.812229,22.691026
82,漫艺典美业培训,科教文化服务,培训机构,培训机构,广东省,深圳市,宝安区,113.820986,22.676145
83,宏图腾国际少儿教育机构(福永校区),科教文化服务,培训机构,培训机构,广东省,深圳市,宝安区,113.813263,22.674295
84,木森培训,科教文化服务,培训机构,培训机构,广东省,深圳市,宝安区,113.811193,22.691841
85,成仁教育,科教文化服务,培训机构,培训机构,广东省,深圳市,宝安区,113.805493,22.673917
86,纳斯维教育基地,科教文化服务,培训机构,培训机构,广东省,深圳市,宝安区,113.806603,22.690366
87,学前乐园幼儿学前教育中心,科教文化服务,培训机构,培训机构,广东省,深圳市,宝安区,113.808002,22.673582
88,小米艺术培训,科教文化服务,培训机构,培训机构,广东省,深圳市,宝安区,113.820983,22.675366
89,新起点艺术培训中心,科教文化服务,培训机构,培训机构,广东省,深圳市,宝安区,113.813583,22.672153
90,爱之星艺术培训(桥头店),科教文化服务,培训机构,培训机构,广东省,深圳市,宝安区,113.806126,22.689657
91,鹏程东龙艺术中心,科教文化服务,培训机构,培训机构,广东省,深圳市,宝安区,113.81125,22.670628
92,鑫晨阳培训中心,科教文化服务,培训机构,培训机构,广东省,深圳市,宝安区,113.811037,22.693049
93,学富辅导(桥头校区),科教文化服务,培训机构,培训机构,广东省,深圳市,宝安区,113.811093,22.693159
94,天之美少儿成人美术书法,科教文化服务,培训机构,培训机构,广东省,深圳市,宝安区,113.811384,22.692606
95,原野美妆学院,科教文化服务,培训机构,培训机构,广东省,深圳市,宝安区,113.799381,22.674714
96,深圳八方汇PLC培训学院,科教文化服务,培训机构,培训机构,广东省,深圳市,宝安区,113.804415,22.673492
97,亲子教育,科教文化服务,培训机构,培训机构,广东省,深圳市,宝安区,113.802506,22.688453
98,优肯教育,科教文化服务,培训机构,培训机构,广东省,深圳市,宝安区,113.811379,22.69259
99,蒙氏宝宝早教亲子园(学前乐园校区),科教文化服务,培训机构,培训机构,广东省,深圳市,宝安区,113.808018,22.673585
100,红箭琴行,科教文化服务,培训机构,培训机构,广东省,深圳市,宝安区,113.798408,22.688143
101,HIBEAR嗨熊国际儿童成长中心(早教英语),科教文化服务,培训机构,培训机构,广东省,深圳市,宝安区,113.808956,22.673619
102,岭东培训(福永分校),科教文化服务,培训机构,培训机构,广东省,深圳市,宝安区,113.826317,22.672232
103,有好课培训中心,科教文化服务,培训机构,培训机构,广东省,深圳市,宝安区,113.811258,22.692978
104,三分书画培训,科教文化服务,培训机构,培训机构,广东省,深圳市,宝安区,113.813429,22.692838
105,乾方教育,科教文化服务,培训机构,培训机构,广东省,深圳市,宝安区,113.809487,22.692892
106,拳道美术,科教文化服务,培训机构,培训机构,广东省,深圳市,宝安区,113.81164,22.693046
107,桥南教育,科教文化服务,培训机构,培训机构,广东省,深圳市,宝安区,113.809995,22.69295
108,弈贤培训,科教文化服务,培训机构,培训机构,广东省,深圳市,宝安区,113.811186,22.692858
109,智汇营创客教育,科教文化服务,培训机构,培训机构,广东省,深圳市,宝安区,113.803707,22.690666
110,深圳华图教育宝安分校,科教文化服务,培训机构,培训机构,广东省,深圳市,宝安区,113.805178,22.671725
111,东方培训,科教文化服务,培训机构,培训机构,广东省,深圳市,宝安区,113.829788,22.674509
112,昕活古典音乐,科教文化服务,培训机构,培训机构,广东省,深圳市,宝安区,113.805181,22.671578
113,紫杉艺术中心(桥头分店),科教文化服务,培训机构,培训机构,广东省,深圳市,宝安区,113.81101,22.693049
114,启源文化教育(福永店),科教文化服务,培训机构,培训机构,广东省,深圳市,宝安区,113.81408,22.668072
115,燕乐琴行,科教文化服务,培训机构,培训机构,广东省,深圳市,宝安区,113.858662,22.803544
116,恒温婴幼儿SPA早教中心,科教文化服务,培训机构,培训机构,广东省,深圳市,宝安区,113.847003,22.799203
117,爱豆艺术空间,科教文化服务,培训机构,培训机构,广东省,深圳市,宝安区,113.846543,22.798893
118,新启程教育,科教文化服务,培训机构,培训机构,广东省,深圳市,宝安区,113.845305,22.805343
119,月亮湾培训,科教文化服务,培训机构,培训机构,广东省,深圳市,宝安区,113.842808,22.801211
120,嘉艺艺术吉他架子鼓教学,科教文化服务,培训机构,培训机构,广东省,深圳市,宝安区,113.844982,22.798218
121,星韵艺术培训,科教文化服务,培训机构,培训机构,广东省,深圳市,宝安区,113.859319,22.803509
122,小海豚艺术培训中心,科教文化服务,培训机构,培训机构,广东省,深圳市,宝安区,113.859555,22.79735
123,叮当艺术培训,科教文化服务,培训机构,培训机构,广东省,深圳市,宝安区,113.859826,22.803602
124,思诚教育培训中心,科教文化服务,培训机构,培训机构,广东省,深圳市,宝安区,113.857373,22.795676
125,童艺之星培训中心,科教文化服务,培训机构,培训机构,广东省,深圳市,宝安区,113.842642,22.797499
126,贝思佳(国际)教育,科教文化服务,培训机构,培训机构,广东省,深圳市,宝安区,113.860476,22.800299
127,爱在寻常里,科教文化服务,培训机构,培训机构,广东省,深圳市,宝安区,113.859399,22.803545
128,塘艺教育,科教文化服务,培训机构,培训机构,广东省,深圳市,宝安区,113.842778,22.797335
129,龙辅导英语,科教文化服务,培训机构,培训机构,广东省,深圳市,宝安区,113.852862,22.762564
130,博师教育(立业路),科教文化服务,培训机构,培训机构,广东省,深圳市,宝安区,113.853814,22.76179
131,蔓舞倾蝶,科教文化服务,培训机构,培训机构,广东省,深圳市,宝安区,113.85286,22.76318
132,深艺舞蹈,科教文化服务,培训机构,培训机构,广东省,深圳市,宝安区,113.852829,22.763264
133,胡贝儿形体礼仪女子学堂松岗分校,科教文化服务,培训机构,培训机构,广东省,深圳市,宝安区,113.852843,22.762639
134,壹心托管中心,科教文化服务,培训机构,培训机构,广东省,深圳市,宝安区,113.860419,22.761386
135,勇客教育培训,科教文化服务,培训机构,培训机构,广东省,深圳市,宝安区,113.853629,22.762432
136,舞池百合(松岗天虹基地),科教文化服务,培训机构,培训机构,广东省,深圳市,宝安区,113.852826,22.763577
137,玖石教育总校区,科教文化服务,培训机构,培训机构,广东省,深圳市,宝安区,113.854301,22.762593
138,The ONE,科教文化服务,培训机构,培训机构,广东省,深圳市,宝安区,113.853391,22.764173
139,广雅琴行,科教文化服务,培训机构,培训机构,广东省,深圳市,宝安区,113.849741,22.765716
140,金曙光文化艺术培训学校,科教文化服务,培训机构,培训机构,广东省,深圳市,宝安区,113.852952,22.76502
141,雅乐教育,科教文化服务,培训机构,培训机构,广东省,深圳市,宝安区,113.851066,22.76535
142,坤元驾校(沙井德昌分部),科教文化服务,培训机构,培训机构,广东省,深圳市,宝安区,113.848993,22.723789
143,成辉电脑培训,科教文化服务,培训机构,培训机构,广东省,深圳市,宝安区,113.857575,22.722914
144,食为先小吃培训,科教文化服务,培训机构,培训机构,广东省,深圳市,宝安区,113.85668,22.719891
145,深圳市致远培训教育有限公司,科教文化服务,培训机构,培训机构,广东省,深圳市,宝安区,113.856032,22.723179
146,上南教育,科教文化服务,培训机构,培训机构,广东省,深圳市,宝安区,113.844082,22.719303
147,悦声琴行艺术培训中心,科教文化服务,培训机构,培训机构,广东省,深圳市,宝安区,113.843734,22.719115
148,艺歌琴行艺术培训,科教文化服务,培训机构,培训机构,广东省,深圳市,宝安区,113.844454,22.71958
149,雅蒙儿童之家,科教文化服务,培训机构,培训机构,广东省,深圳市,宝安区,113.843357,22.682861
150,白天鹅艺术中心,科教文化服务,培训机构,培训机构,广东省,深圳市,宝安区,113.840064,22.687669
151,小召琴行音乐培训,科教文化服务,培训机构,培训机构,广东省,深圳市,宝安区,113.839423,22.687207
152,1102电脑职业培训,科教文化服务,培训机构,培训机构,广东省,深圳市,宝安区,113.838864,22.689026
153,舞凤凰文化艺术城,科教文化服务,培训机构,培训机构,广东省,深圳市,宝安区,113.83811,22.688898
154,协音琴行,科教文化服务,培训机构,培训机构,广东省,深圳市,宝安区,113.83767,22.695052
155,金凤凰教育培训中心,科教文化服务,培训机构,培训机构,广东省,深圳市,宝安区,113.841009,22.694715
156,宏图腾国际少儿教育机构(福永三店),科教文化服务,培训机构,培训机构,广东省,深圳市,宝安区,113.839972,22.688473
157,悦蝶人瑜伽培训工作室,科教文化服务,培训机构,培训机构,广东省,深圳市,宝安区,113.834767,22.692116
158,凤鸣教育(为盛百货),科教文化服务,培训机构,培训机构,广东省,深圳市,宝安区,113.838498,22.694703
159,鹏腾武道,科教文化服务,培训机构,培训机构,广东省,深圳市,宝安区,113.849938,22.60347
160,渤乐教育,科教文化服务,培训机构,培训机构,广东省,深圳市,宝安区,113.847851,22.600574
161,哈哈福保姆大学(固戍分校),科教文化服务,培训机构,培训机构,广东省,深圳市,宝安区,113.853377,22.604731
162,航星培训学校,科教文化服务,培训机构,培训机构,广东省,深圳市,宝安区,113.852296,22.59965
163,百闻画院,科教文化服务,培训机构,培训机构,广东省,深圳市,宝安区,113.851278,22.604135
164,BESTIE舞蹈工作室,科教文化服务,培训机构,培训机构,广东省,深圳市,宝安区,113.847844,22.600553
165,奥尔美术空间(固戍店),科教文化服务,培训机构,培训机构,广东省,深圳市,宝安区,113.851673,22.604256
166,羽墨轩书法教育(固戍校区),科教文化服务,培训机构,培训机构,广东省,深圳市,宝安区,113.849359,22.603322
167,独角兽阅美乐英语,科教文化服务,培训机构,培训机构,广东省,深圳市,宝安区,113.851748,22.605175
168,锦盟艺术中心,科教文化服务,培训机构,培训机构,广东省,深圳市,宝安区,113.847715,22.601898
169,升大培优,科教文化服务,培训机构,培训机构,广东省,深圳市,宝安区,113.859838,22.562849
170,优德教育(悦和路),科教文化服务,培训机构,培训机构,广东省,深圳市,宝安区,113.854741,22.567259
171,格林塾国际早托私塾(富通城店),科教文化服务,培训机构,培训机构,广东省,深圳市,宝安区,113.854647,22.567688
172,金地喆思迪学院富通城校区,科教文化服务,培训机构,培训机构,广东省,深圳市,宝安区,113.854909,22.567823
173,格林学堂,科教文化服务,培训机构,培训机构,广东省,深圳市,宝安区,113.854657,22.567812
174,立图教育(共乐路),科教文化服务,培训机构,培训机构,广东省,深圳市,宝安区,113.859984,22.578132
175,弦音艺术中心,科教文化服务,培训机构,培训机构,广东省,深圳市,宝安区,113.859472,22.561994
176,鸿升教育,科教文化服务,培训机构,培训机构,广东省,深圳市,宝安区,113.859583,22.56207
177,拓辅教育,科教文化服务,培训机构,培训机构,广东省,深圳市,宝安区,113.859827,22.562651
178,嘻哈帮街舞(宝安校区),科教文化服务,培训机构,培训机构,广东省,深圳市,宝安区,113.854822,22.567837
179,Otto2艺术美学会馆(悦和路),科教文化服务,培训机构,培训机构,广东省,深圳市,宝安区,113.854824,22.567981
180,十年艺术培训,科教文化服务,培训机构,培训机构,广东省,深圳市,宝安区,113.855364,22.567809
181,监子国,科教文化服务,培训机构,培训机构,广东省,深圳市,宝安区,113.855222,22.568375
182,七彩鱼少儿美术,科教文化服务,培训机构,培训机构,广东省,深圳市,宝安区,113.859472,22.561994
183,恐龙艺学,科教文化服务,培训机构,培训机构,广东省,深圳市,宝安区,113.855986,22.569676
184,国光琴行(兴业路),科教文化服务,培训机构,培训机构,广东省,深圳市,宝安区,113.860327,22.564335
185,DASH编程学院,科教文化服务,培训机构,培训机构,广东省,深圳市,宝安区,113.856751,22.568994
186,苏菲国际艺术教育,科教文化服务,培训机构,培训机构,广东省,深圳市,宝安区,113.85653,22.569677
187,道善苑文化,科教文化服务,培训机构,培训机构,广东省,深圳市,宝安区,113.859544,22.562093
188,金蓝指艺术培训基地,科教文化服务,培训机构,培训机构,广东省,深圳市,宝安区,113.860446,22.564313
189,七田真体验中心(宝安中心),科教文化服务,培训机构,培训机构,广东省,深圳市,宝安区,113.856922,22.568848
190,陶笛公社宝安店,科教文化服务,培训机构,培训机构,广东省,深圳市,宝安区,113.859535,22.56509
191,辛巴星钢琴(西乡分店),科教文化服务,培训机构,培训机构,广东省,深圳市,宝安区,113.860885,22.564005
192,小马快跑(西乡富通城全日制中心),科教文化服务,培训机构,培训机构,广东省,深圳市,宝安区,113.854816,22.568825
193,启茁教育,科教文化服务,培训机构,培训机构,广东省,深圳市,宝安区,113.850864,22.569979
194,蓝蜗牛英语,科教文化服务,培训机构,培训机构,广东省,深圳市,宝安区,113.859238,22.567285
195,精锐教育(宝安富通城学习中心),科教文化服务,培训机构,培训机构,广东省,深圳市,宝安区,113.854805,22.567844
196,海乐琴行(汇智盒子北),科教文化服务,培训机构,培训机构,广东省,深圳市,宝安区,113.857966,22.568721
197,美国学乐英语(宝安店),科教文化服务,培训机构,培训机构,广东省,深圳市,宝安区,113.856972,22.569468
198,超级少年说青少年演讲教育中心,科教文化服务,培训机构,培训机构,广东省,深圳市,宝安区,113.854936,22.567838
199,雅马哈音乐中心(碧海店),科教文化服务,培训机构,培训机构,广东省,深圳市,宝安区,113.856765,22.568884
200,梦拉艺术培训中心,科教文化服务,培训机构,培训机构,广东省,深圳市,宝安区,113.860201,22.564565
201,学韵阁教育,科教文化服务,培训机构,培训机构,广东省,深圳市,宝安区,113.85127,22.570326
202,善鼓听艺术学苑,科教文化服务,培训机构,培训机构,广东省,深圳市,宝安区,113.860223,22.564571
203,红樱桃托管中心,科教文化服务,培训机构,培训机构,广东省,深圳市,宝安区,113.851453,22.570336
204,珠江威腾博士钢琴,科教文化服务,培训机构,培训机构,广东省,深圳市,宝安区,113.860427,22.564317
205,全优加(碧海城购物中心),科教文化服务,培训机构,培训机构,广东省,深圳市,宝安区,113.856513,22.569678
206,思学佳教育,科教文化服务,培训机构,培训机构,广东省,深圳市,宝安区,113.856947,22.568846
207,舞林大会,科教文化服务,培训机构,培训机构,广东省,深圳市,宝安区,113.851472,22.570502
208,思考乐教育(西乡碧海分校),科教文化服务,培训机构,培训机构,广东省,深圳市,宝安区,113.8569,22.568831
209,优胜教育(碧海城购物中心),科教文化服务,培训机构,培训机构,广东省,深圳市,宝安区,113.856836,22.568881
210,七田真国际教育(七巧国中心),科教文化服务,培训机构,培训机构,广东省,深圳市,宝安区,113.856759,22.569207
211,和河教育(碧海城购物中心),科教文化服务,培训机构,培训机构,广东省,深圳市,宝安区,113.855886,22.568995
212,学乐教育(碧海校区),科教文化服务,培训机构,培训机构,广东省,深圳市,宝安区,113.852758,22.571595
213,善鼓听古筝馆,科教文化服务,培训机构,培训机构,广东省,深圳市,宝安区,113.861126,22.563733
214,清华轩书法(缤纷世界店),科教文化服务,培训机构,培训机构,广东省,深圳市,宝安区,113.860403,22.564316
215,思学佳教育(碧海分校),科教文化服务,培训机构,培训机构,广东省,深圳市,宝安区,113.856489,22.569654
216,深圳市国子监教育(富通城校区),科教文化服务,培训机构,培训机构,广东省,深圳市,宝安区,113.855203,22.568357
217,畅艺童年美术教育(畅艺童年碧海校区),科教文化服务,培训机构,培训机构,广东省,深圳市,宝安区,113.854544,22.569035
218,南枫书院,科教文化服务,培训机构,培训机构,广东省,深圳市,宝安区,113.859818,22.566869
219,诚艺琴行(玉湖湾店),科教文化服务,培训机构,培训机构,广东省,深圳市,宝安区,113.848666,22.571617
220,萝拉艺术培训中心(兴业路),科教文化服务,培训机构,培训机构,广东省,深圳市,宝安区,113.860244,22.564372
221,丫丫英语阅读馆(碧海馆),科教文化服务,培训机构,培训机构,广东省,深圳市,宝安区,113.858271,22.568318
222,因特·美术教育,科教文化服务,培训机构,培训机构,广东省,深圳市,宝安区,113.848848,22.572109
223,阳光屋教育(西乡店),科教文化服务,培训机构,培训机构,广东省,深圳市,宝安区,113.854768,22.572107
224,传音钢琴教育中心,科教文化服务,培训机构,培训机构,广东省,深圳市,宝安区,113.854577,22.572212
225,思考乐教育(西乡碧海高中部),科教文化服务,培训机构,培训机构,广东省,深圳市,宝安区,113.856599,22.568996
226,舞加舞少儿舞蹈团,科教文化服务,培训机构,培训机构,广东省,深圳市,宝安区,113.857231,22.570254
227,星华教育,科教文化服务,培训机构,培训机构,广东省,深圳市,宝安区,113.859195,22.568842
228,杨梅红国际私立美校(深圳碧海校区),科教文化服务,培训机构,培训机构,广东省,深圳市,宝安区,113.85642,22.569572
229,小明家,科教文化服务,培训机构,培训机构,广东省,深圳市,宝安区,113.85455,22.572157
230,梦荷堂美术教育,科教文化服务,培训机构,培训机构,广东省,深圳市,宝安区,113.862194,22.564269
231,小荷艺馨艺术培训中心,科教文化服务,培训机构,培训机构,广东省,深圳市,宝安区,113.84875,22.571671
232,优可英语(玉湖湾校区),科教文化服务,培训机构,培训机构,广东省,深圳市,宝安区,113.848914,22.571751
233,星之翼国际舞蹈(富通城校区),科教文化服务,培训机构,培训机构,广东省,深圳市,宝安区,113.859544,22.567552
234,佐拉国际少儿美术(富通城店),科教文化服务,培训机构,培训机构,广东省,深圳市,宝安区,113.858133,22.568565
235,向日葵绘画工作室,科教文化服务,培训机构,培训机构,广东省,深圳市,宝安区,113.862496,22.559861
236,布谷自习室,科教文化服务,培训机构,培训机构,广东省,深圳市,宝安区,113.856855,22.572541
237,钰垣古筝社,科教文化服务,培训机构,培训机构,广东省,深圳市,宝安区,113.848704,22.571883
238,符氏书法(阳光海分部),科教文化服务,培训机构,培训机构,广东省,深圳市,宝安区,113.854844,22.572026
239,碧海艺术培训中心,科教文化服务,培训机构,培训机构,广东省,深圳市,宝安区,113.856932,22.570743
240,山雄教育,科教文化服务,培训机构,培训机构,广东省,深圳市,宝安区,113.849114,22.572108
241,深港驾校阳光海·服务店,科教文化服务,培训机构,培训机构,广东省,深圳市,宝安区,113.856759,22.573866
242,海沃登英语,科教文化服务,培训机构,培训机构,广东省,深圳市,宝安区,113.848929,22.572158
243,柚塔少儿美院,科教文化服务,培训机构,培训机构,广东省,深圳市,宝安区,113.854979,22.571917
244,松鼠AI智适应教育七巧国碧海校区,科教文化服务,培训机构,培训机构,广东省,深圳市,宝安区,113.856765,22.569088
245,TheLiveAcademy艺能学院流行舞,科教文化服务,培训机构,培训机构,广东省,深圳市,宝安区,113.858008,22.568613
246,霖院书法教育(十号路),科教文化服务,培训机构,培训机构,广东省,深圳市,宝安区,113.855159,22.573061
247,霖院书法教育(悦和四街),科教文化服务,培训机构,培训机构,广东省,深圳市,宝安区,113.855152,22.571694
248,艺雅琴行,科教文化服务,培训机构,培训机构,广东省,深圳市,宝安区,113.86587,22.560702
249,茵莱特教育(西乡分校),科教文化服务,培训机构,培训机构,广东省,深圳市,宝安区,113.857446,22.573244
250,数理文化碧海湾分校,科教文化服务,培训机构,培训机构,广东省,深圳市,宝安区,113.856094,22.574055
251,智德文化,科教文化服务,培训机构,培训机构,广东省,深圳市,宝安区,113.8563,22.577177
252,多多熊艺术家园(泰华阳光海教学中心),科教文化服务,培训机构,培训机构,广东省,深圳市,宝安区,113.857637,22.573121
253,添华教育,科教文化服务,培训机构,培训机构,广东省,深圳市,宝安区,113.861292,22.571285
254,翔宇棋艺艺术中心,科教文化服务,培训机构,培训机构,广东省,深圳市,宝安区,113.856545,22.574012
255,幑微文化艺术,科教文化服务,培训机构,培训机构,广东省,深圳市,宝安区,113.866939,22.562533
256,哆哆艺术中心,科教文化服务,培训机构,培训机构,广东省,深圳市,宝安区,113.856221,22.577055
257,广电小记者(西乡校区),科教文化服务,培训机构,培训机构,广东省,深圳市,宝安区,113.865294,22.562681
258,SK英国皇家少儿英语(西乡碧海富通城分校),科教文化服务,培训机构,培训机构,广东省,深圳市,宝安区,113.859348,22.568986
259,玉之音琴行,科教文化服务,培训机构,培训机构,广东省,深圳市,宝安区,113.85938,22.574779
260,思越文化,科教文化服务,培训机构,培训机构,广东省,深圳市,宝安区,113.863239,22.568623
261,蜂窝教育,科教文化服务,培训机构,培训机构,广东省,深圳市,宝安区,113.866066,22.56769
262,青柠檬画室,科教文化服务,培训机构,培训机构,广东省,深圳市,宝安区,113.859428,22.574843
263,超脑科技(宝安店),科教文化服务,培训机构,培训机构,广东省,深圳市,宝安区,113.8675,22.562213
264,前海创客教育学院公明分院,科教文化服务,培训机构,培训机构,广东省,深圳市,光明区,113.891395,22.801217
265,学之舟教育,科教文化服务,培训机构,培训机构,广东省,深圳市,光明区,113.890268,22.801561
266,深圳市汇名文化艺术培训中心,科教文化服务,培训机构,培训机构,广东省,深圳市,光明区,113.891363,22.801259
267,巨蛋创想艺术中心(李松朗校区),科教文化服务,培训机构,培训机构,广东省,深圳市,光明区,113.890306,22.801634
268,春阳中小学托管文化辅导中心,科教文化服务,培训机构,培训机构,广东省,深圳市,光明区,113.890341,22.801695
269,优博文化艺术教育,科教文化服务,培训机构,培训机构,广东省,深圳市,光明区,113.894101,22.802971
270,优童艺术,科教文化服务,培训机构,培训机构,广东省,深圳市,光明区,113.888128,22.799186
271,启蒙培训,科教文化服务,培训机构,培训机构,广东省,深圳市,光明区,113.885638,22.799477
272,儿童轮滑成长中心,科教文化服务,培训机构,培训机构,广东省,深圳市,光明区,113.893154,22.765356
273,艺树音乐教育,科教文化服务,培训机构,培训机构,广东省,深圳市,光明区,113.892314,22.765385
274,德诚教育,科教文化服务,培训机构,培训机构,广东省,深圳市,光明区,113.894836,22.763034
275,静到书法(锦鸿花园店),科教文化服务,培训机构,培训机构,广东省,深圳市,光明区,113.892603,22.765439
276,六艺琴行(第六校区),科教文化服务,培训机构,培训机构,广东省,深圳市,光明区,113.892744,22.765443
277,爱绘风美术教育,科教文化服务,培训机构,培训机构,广东省,深圳市,光明区,113.897826,22.764139
278,思考乐教育(光明峰荟分校),科教文化服务,培训机构,培训机构,广东省,深圳市,光明区,113.898012,22.763758
279,乐之舟艺术文化中心,科教文化服务,培训机构,培训机构,广东省,深圳市,光明区,113.907815,22.755223
280,悦思书画教育(峰荟花园校区),科教文化服务,培训机构,培训机构,广东省,深圳市,光明区,113.89794,22.763943
281,景程教育(玉律分校),科教文化服务,培训机构,培训机构,广东省,深圳市,光明区,113.893858,22.715711
282,爱琴坊艺术中心(玉律分店),科教文化服务,培训机构,培训机构,广东省,深圳市,光明区,113.895443,22.717621
283,景程教育,科教文化服务,培训机构,培训机构,广东省,深圳市,光明区,113.895052,22.716574
284,琦·舞少儿艺术教育,科教文化服务,培训机构,培训机构,广东省,深圳市,光明区,113.896384,22.717072
285,星之缘艺术培训(玉律店),科教文化服务,培训机构,培训机构,广东省,深圳市,光明区,113.896507,22.717068
286,深加速培训(光明分校),科教文化服务,培训机构,培训机构,广东省,深圳市,光明区,113.900137,22.717486
287,国际JS舞蹈玉律校区,科教文化服务,培训机构,培训机构,广东省,深圳市,光明区,113.899607,22.718029
288,JS舞蹈(舞蹈全国玉律分店),科教文化服务,培训机构,培训机构,广东省,深圳市,光明区,113.899287,22.717119
289,新起点,科教文化服务,培训机构,培训机构,广东省,深圳市,光明区,113.90044,22.729022
290,国际js舞蹈连锁培训(玉律JS校区),科教文化服务,培训机构,培训机构,广东省,深圳市,光明区,113.899272,22.717121
291,一画美术,科教文化服务,培训机构,培训机构,广东省,深圳市,光明区,113.899913,22.717612
292,领航星艺术文化教育,科教文化服务,培训机构,培训机构,广东省,深圳市,光明区,113.899803,22.727457
293,浩学教育(文明路),科教文化服务,培训机构,培训机构,广东省,深圳市,光明区,113.901206,22.727957
294,高材生教育,科教文化服务,培训机构,培训机构,广东省,深圳市,光明区,113.900635,22.729014
295,深圳市星之缘少儿口才(玉律校区),科教文化服务,培训机构,培训机构,广东省,深圳市,光明区,113.896482,22.717032
296,新华培训,科教文化服务,培训机构,培训机构,广东省,深圳市,宝安区,113.888886,22.669721
297,新华职业技能培训中心,科教文化服务,培训机构,培训机构,广东省,深圳市,宝安区,113.888804,22.669777
298,料坑学校-金禾苗教育,科教文化服务,培训机构,培训机构,广东省,深圳市,宝安区,113.89594,22.67077
299,新华职业技能培训中心,科教文化服务,培训机构,培训机构,广东省,深圳市,宝安区,113.88879,22.669824
300,深圳奋达职业教育发展有限公司,科教文化服务,培训机构,培训机构,广东省,深圳市,宝安区,113.896853,22.669443
301,玫琳凯美丽课堂,科教文化服务,培训机构,培训机构,广东省,深圳市,宝安区,113.889743,22.665993
302,料坑社区以案释法教育中心,科教文化服务,培训机构,培训机构,广东省,深圳市,宝安区,113.88846,22.665655
303,新森源培训(环田路店),科教文化服务,培训机构,培训机构,广东省,深圳市,光明区,113.902041,22.731398
304,远东学校,科教文化服务,培训机构,培训机构,广东省,深圳市,光明区,113.903805,22.728007
305,灵子舞蹈(田寮分校),科教文化服务,培训机构,培训机构,广东省,深圳市,光明区,113.904392,22.729611
306,丽人堂培训,科教文化服务,培训机构,培训机构,广东省,深圳市,光明区,113.9011,22.731448
307,百灵鸟艺术中心,科教文化服务,培训机构,培训机构,广东省,深圳市,光明区,113.902904,22.729612
308,灿灵舞蹈瑜伽,科教文化服务,培训机构,培训机构,广东省,深圳市,光明区,113.904194,22.728073
309,远东培训学校(公明校区),科教文化服务,培训机构,培训机构,广东省,深圳市,光明区,113.903805,22.728007
310,华维培训,科教文化服务,培训机构,培训机构,广东省,深圳市,光明区,113.903634,22.72959
311,明达教育(文明路),科教文化服务,培训机构,培训机构,广东省,深圳市,光明区,113.904596,22.730496
312,深加速培训金田湾分校,科教文化服务,培训机构,培训机构,广东省,深圳市,光明区,113.90405,22.729286
313,精英学校,科教文化服务,培训机构,培训机构,广东省,深圳市,光明区,113.904525,22.730752
314,新光明舞蹈,科教文化服务,培训机构,培训机构,广东省,深圳市,光明区,113.904142,22.729891
315,四季艺术,科教文化服务,培训机构,培训机构,广东省,深圳市,光明区,113.904178,22.73046
316,风语者流行舞蹈,科教文化服务,培训机构,培训机构,广东省,深圳市,光明区,113.904199,22.731061
317,卓驰人力,科教文化服务,培训机构,培训机构,广东省,深圳市,光明区,113.907794,22.717468
318,鹏城K9快乐训犬基地,科教文化服务,培训机构,培训机构,广东省,深圳市,光明区,113.903993,22.733446
319,红星书画苑,科教文化服务,培训机构,培训机构,广东省,深圳市,光明区,113.90598,22.706666
320,蒙田画室,科教文化服务,培训机构,培训机构,广东省,深圳市,光明区,113.906818,22.707159
321,嘉艺舞蹈培训中心,科教文化服务,培训机构,培训机构,广东省,深圳市,光明区,113.90043,22.773887
322,韋红艺术儿童美术馆,科教文化服务,培训机构,培训机构,广东省,深圳市,光明区,113.888003,22.776229
323,塘尾幼儿园家长学校,科教文化服务,培训机构,培训机构,广东省,深圳市,光明区,113.901536,22.750114
324,深圳市主流星国际艺术教育中心(将石路校区),科教文化服务,培训机构,培训机构,广东省,深圳市,光明区,113.905161,22.755882
325,贝思佳教育(马田校区),科教文化服务,培训机构,培训机构,广东省,深圳市,光明区,113.886388,22.777274
326,领袖小玩家(公明中心店),科教文化服务,培训机构,培训机构,广东省,深圳市,光明区,113.886744,22.775415
327,启点音乐工作室,科教文化服务,培训机构,培训机构,广东省,深圳市,光明区,113.905545,22.769365
328,深圳蘑菇音乐早教,科教文化服务,培训机构,培训机构,广东省,深圳市,光明区,113.89846,22.777153
329,袁庆华书法工作室,科教文化服务,培训机构,培训机构,广东省,深圳市,光明区,113.901687,22.773529
330,跃进教育,科教文化服务,培训机构,培训机构,广东省,深圳市,光明区,113.907749,22.755458
331,深圳百灵艺术中心,科教文化服务,培训机构,培训机构,广东省,深圳市,宝安区,113.887731,22.600233
332,博学幼小培训中心,科教文化服务,培训机构,培训机构,广东省,深圳市,宝安区,113.887624,22.59949
333,元象教育(中海九号公馆校区),科教文化服务,培训机构,培训机构,广东省,深圳市,宝安区,113.896429,22.601795
334,学优教育,科教文化服务,培训机构,培训机构,广东省,深圳市,宝安区,113.882024,22.597597
335,泽霖教育,科教文化服务,培训机构,培训机构,广东省,深圳市,宝安区,113.881993,22.597567
336,贝尔辅导中心,科教文化服务,培训机构,培训机构,广东省,深圳市,宝安区,113.881123,22.598735
337,青叶子教育(西乡店),科教文化服务,培训机构,培训机构,广东省,深圳市,宝安区,113.881759,22.597401
338,精锐高端辅导(宝安学习中心),科教文化服务,培训机构,培训机构,广东省,深圳市,宝安区,113.893635,22.560492
339,蓝天音乐艺术中心,科教文化服务,培训机构,培训机构,广东省,深圳市,宝安区,113.891134,22.561807
340,艺启慧美术教育,科教文化服务,培训机构,培训机构,广东省,深圳市,宝安区,113.890713,22.562165
341,贝利单瑟舞蹈瑜伽生活馆,科教文化服务,培训机构,培训机构,广东省,深圳市,宝安区,113.890487,22.562391
342,瀚林舞道培训,科教文化服务,培训机构,培训机构,广东省,深圳市,宝安区,113.891016,22.561946
343,时光轴自习室,科教文化服务,培训机构,培训机构,广东省,深圳市,宝安区,113.892889,22.561866
344,百·变·创·享,科教文化服务,培训机构,培训机构,广东省,深圳市,宝安区,113.890056,22.561381
345,鑫舞国际,科教文化服务,培训机构,培训机构,广东省,深圳市,宝安区,113.891645,22.560992
346,童话琴行丨吉他尤克里里教学(翻身店),科教文化服务,培训机构,培训机构,广东省,深圳市,宝安区,113.891631,22.560971
347,K13教育中心,科教文化服务,培训机构,培训机构,广东省,深圳市,南山区,113.884846,22.524049
348,符氏书画教育,科教文化服务,培训机构,培训机构,广东省,深圳市,南山区,113.884846,22.524049
349,中西国际教育,科教文化服务,培训机构,培训机构,广东省,深圳市,南山区,113.884846,22.524049
350,汇世国际书院,科教文化服务,培训机构,培训机构,广东省,深圳市,南山区,113.899946,22.515757
351,南山棋院,科教文化服务,培训机构,培训机构,广东省,深圳市,南山区,113.910951,22.523671
352,喜乐学唱吧(前海店),科教文化服务,培训机构,培训机构,广东省,深圳市,南山区,113.910285,22.534466
353,星艺艺术中心(前海路店),科教文化服务,培训机构,培训机构,广东省,深圳市,南山区,113.895167,22.500053
354,琴音艺术工作室,科教文化服务,培训机构,培训机构,广东省,深圳市,南山区,113.888618,22.490769
355,本真森林儿童之家,科教文化服务,培训机构,培训机构,广东省,深圳市,南山区,113.900098,22.497191
356,招商蛇口学院,科教文化服务,培训机构,培训机构,广东省,深圳市,南山区,113.899515,22.467241
357,翰墨圆成书法(前海校区),科教文化服务,培训机构,培训机构,广东省,深圳市,南山区,113.892655,22.49437
358,孩知堡儿童学院,科教文化服务,培训机构,培训机构,广东省,深圳市,南山区,113.893314,22.495345
359,威威机器人(鼎太风华教学点),科教文化服务,培训机构,培训机构,广东省,深圳市,南山区,113.910538,22.516343
360,蓝精灵培训中心(前星路),科教文化服务,培训机构,培训机构,广东省,深圳市,南山区,113.91065,22.534967
361,卓越嗓音(科学研究所南山分店),科教文化服务,培训机构,培训机构,广东省,深圳市,南山区,113.910448,22.516248
362,巴罗克(星海名城分校),科教文化服务,培训机构,培训机构,广东省,深圳市,南山区,113.910379,22.53685
363,艺腾音乐,科教文化服务,培训机构,培训机构,广东省,深圳市,南山区,113.910846,22.53784
364,腾飞艺术培训中心,科教文化服务,培训机构,培训机构,广东省,深圳市,南山区,113.911067,22.538256
365,龙海家园1栋B单元,科教文化服务,培训机构,培训机构,广东省,深圳市,南山区,113.905885,22.540478
366,圣吉利英语,科教文化服务,培训机构,培训机构,广东省,深圳市,南山区,113.911445,22.535915
367,正面新思维学习中心,科教文化服务,培训机构,培训机构,广东省,深圳市,南山区,113.910685,22.537642
368,优思教育培训中心(星海名城分校),科教文化服务,培训机构,培训机构,广东省,深圳市,南山区,113.910155,22.536577
369,前海时代教育iEngIish(深圳旗舰店),科教文化服务,培训机构,培训机构,广东省,深圳市,南山区,113.905304,22.537526
370,深圳市中西教育投资发展有限公司,科教文化服务,培训机构,培训机构,广东省,深圳市,南山区,113.905499,22.53798
371,巴罗克钢琴艺术教育(星海名城分校),科教文化服务,培训机构,培训机构,广东省,深圳市,南山区,113.91027,22.536885
372,敬南轩-书法艺课,科教文化服务,培训机构,培训机构,广东省,深圳市,宝安区,113.885318,22.561497
373,清林学堂,科教文化服务,培训机构,培训机构,广东省,深圳市,宝安区,113.886476,22.565061
374,锦绣教育(建安一路),科教文化服务,培训机构,培训机构,广东省,深圳市,宝安区,113.8971,22.570915
375,畅艺童年美术教育(宝中校区),科教文化服务,培训机构,培训机构,广东省,深圳市,宝安区,113.890254,22.556501
376,新蕾艺术培训中心,科教文化服务,培训机构,培训机构,广东省,深圳市,宝安区,113.89242,22.555343
377,深圳智德文化教育研学基地,科教文化服务,培训机构,培训机构,广东省,深圳市,光明区,113.936083,22.811742
378,春苗教育,科教文化服务,培训机构,培训机构,广东省,深圳市,光明区,113.94352,22.797554
379,夏乐艺术中心,科教文化服务,培训机构,培训机构,广东省,深圳市,光明区,113.943593,22.797569
380,JS舞蹈(楼村校区),科教文化服务,培训机构,培训机构,广东省,深圳市,光明区,113.928088,22.783754
381,向尚艺术,科教文化服务,培训机构,培训机构,广东省,深圳市,光明区,113.945666,22.7896
382,深圳学易知教育,科教文化服务,培训机构,培训机构,广东省,深圳市,光明区,113.930597,22.783524
383,战狼谷拓展培训有限公司,科教文化服务,培训机构,培训机构,广东省,深圳市,光明区,113.939478,22.818685
384,奥乐奥新一代乐教园,科教文化服务,培训机构,培训机构,广东省,深圳市,光明区,113.930308,22.782217
385,小荷雨露教育培训,科教文化服务,培训机构,培训机构,广东省,深圳市,光明区,113.931767,22.782112
386,蘑菇的小店,科教文化服务,培训机构,培训机构,广东省,深圳市,光明区,113.935007,22.761488
387,清大学习吧(光明总部),科教文化服务,培训机构,培训机构,广东省,深圳市,光明区,113.937273,22.759756
388,彩虹午托中心,科教文化服务,培训机构,培训机构,广东省,深圳市,光明区,113.937366,22.760178
389,万邦教育,科教文化服务,培训机构,培训机构,广东省,深圳市,光明区,113.944784,22.76012
390,学而立文化艺术培训中心,科教文化服务,培训机构,培训机构,广东省,深圳市,光明区,113.924247,22.719303
391,森源培训(塘家大道),科教文化服务,培训机构,培训机构,广东省,深圳市,光明区,113.937822,22.731772
392,新森源美妆培训,科教文化服务,培训机构,培训机构,广东省,深圳市,光明区,113.937792,22.731817
393,弘乐文化艺术教育,科教文化服务,培训机构,培训机构,广东省,深圳市,光明区,113.920518,22.718133
394,食为先小吃实训全国连锁,科教文化服务,培训机构,培训机构,广东省,深圳市,光明区,113.938329,22.730377
395,明达教育(长圳校区),科教文化服务,培训机构,培训机构,广东省,深圳市,光明区,113.918299,22.718184
396,晨馨舞蹈培训中心,科教文化服务,培训机构,培训机构,广东省,深圳市,光明区,113.93725,22.733639
397,国际JS舞蹈(塘家校区),科教文化服务,培训机构,培训机构,广东省,深圳市,光明区,113.937206,22.733657
398,晓果智学,科教文化服务,培训机构,培训机构,广东省,深圳市,光明区,113.918683,22.718271
399,晓果智学,科教文化服务,培训机构,培训机构,广东省,深圳市,光明区,113.936626,22.733437
400,海腾培训,科教文化服务,培训机构,培训机构,广东省,深圳市,宝安区,113.93211,22.681718
401,未来少儿文化艺术中心,科教文化服务,培训机构,培训机构,广东省,深圳市,宝安区,113.932569,22.681539
402,昌军教育,科教文化服务,培训机构,培训机构,广东省,深圳市,宝安区,113.932611,22.681538
403,邦学教育,科教文化服务,培训机构,培训机构,广东省,深圳市,宝安区,113.92908,22.682692
404,力型Style街舞工作室,科教文化服务,培训机构,培训机构,广东省,深圳市,宝安区,113.933208,22.681648
405,创翔世纪教育,科教文化服务,培训机构,培训机构,广东省,深圳市,宝安区,113.931999,22.683449
406,通歌琴行,科教文化服务,培训机构,培训机构,广东省,深圳市,宝安区,113.932825,22.679631
407,JS舞蹈(石岩万联校区),科教文化服务,培训机构,培训机构,广东省,深圳市,宝安区,113.934024,22.680672
408,兴扬教育,科教文化服务,培训机构,培训机构,广东省,深圳市,宝安区,113.93401,22.680505
409,鑫厵国际教育,科教文化服务,培训机构,培训机构,广东省,深圳市,宝安区,113.929652,22.683244
410,童心传媒教育,科教文化服务,培训机构,培训机构,广东省,深圳市,宝安区,113.933675,22.681078
411,华邦教育,科教文化服务,培训机构,培训机构,广东省,深圳市,宝安区,113.929119,22.682876
412,智汇城教育培训,科教文化服务,培训机构,培训机构,广东省,深圳市,宝安区,113.933323,22.681136
413,深圳兴扬教育服务中心,科教文化服务,培训机构,培训机构,广东省,深圳市,宝安区,113.933882,22.680019
414,睿思教育,科教文化服务,培训机构,培训机构,广东省,深圳市,宝安区,113.925884,22.64483
415,曼哈顿教育城,科教文化服务,培训机构,培训机构,广东省,深圳市,宝安区,113.925256,22.644793
416,启迪少儿艺术培训学校,科教文化服务,培训机构,培训机构,广东省,深圳市,宝安区,113.924219,22.646237
417,大专本科学历深户,科教文化服务,培训机构,培训机构,广东省,深圳市,南山区,113.932962,22.633706
418,新世纪教育培训学校(年年好应人石购物广场),科教文化服务,培训机构,培训机构,广东省,深圳市,宝安区,113.925901,22.644832
419,JS舞蹈连锁应人石分校,科教文化服务,培训机构,培训机构,广东省,深圳市,宝安区,113.923459,22.646465
420,先行教育(石鼓路校区),科教文化服务,培训机构,培训机构,广东省,深圳市,南山区,113.948445,22.583751
421,宝安区保安服务公司培训中心,科教文化服务,培训机构,培训机构,广东省,深圳市,宝安区,113.923399,22.59543
422,宝安区政法队伍培训基地,科教文化服务,培训机构,培训机构,广东省,深圳市,宝安区,113.922643,22.595613
423,宝安区保安服务公司培训基地,科教文化服务,培训机构,培训机构,广东省,深圳市,宝安区,113.922458,22.595636
424,科爱赛国际学校,科教文化服务,培训机构,培训机构,广东省,深圳市,南山区,113.930918,22.569271
425,深圳市受业堂教育科技有限公司,科教文化服务,培训机构,培训机构,广东省,深圳市,南山区,113.938117,22.560689
426,深圳清华大学研究院,科教文化服务,培训机构,培训机构,广东省,深圳市,南山区,113.942681,22.533036
427,蓝天教育(南山文心分校),科教文化服务,培训机构,培训机构,广东省,深圳市,南山区,113.931348,22.520419
428,苏菲国际艺术教育(后海校区),科教文化服务,培训机构,培训机构,广东省,深圳市,南山区,113.931488,22.520996
429,EagleGolf雄鹰高尔夫学院(南山校区),科教文化服务,培训机构,培训机构,广东省,深圳市,南山区,113.931508,22.520984
430,半岛宝贝,科教文化服务,培训机构,培训机构,广东省,深圳市,南山区,113.931192,22.481882
431,维思顿国际教育中心,科教文化服务,培训机构,培训机构,广东省,深圳市,南山区,113.93025,22.479656
432,艺心阁,科教文化服务,培训机构,培训机构,广东省,深圳市,南山区,113.926177,22.48601
433,芭蕾娜国际教育(春树里校区),科教文化服务,培训机构,培训机构,广东省,深圳市,南山区,113.933913,22.487036
434,百优教育(围仔东校区),科教文化服务,培训机构,培训机构,广东省,深圳市,南山区,113.930193,22.48834
435,叮咚现代音乐,科教文化服务,培训机构,培训机构,广东省,深圳市,南山区,113.93343,22.4878
436,乐学教育城(蛇口分校),科教文化服务,培训机构,培训机构,广东省,深圳市,南山区,113.933129,22.487899
437,舞+武艺术中心,科教文化服务,培训机构,培训机构,广东省,深圳市,南山区,113.92897,22.487963
438,哈罗宝贝早教中心,科教文化服务,培训机构,培训机构,广东省,深圳市,南山区,113.940903,22.48966
439,科翰教育(蛇口分校),科教文化服务,培训机构,培训机构,广东省,深圳市,南山区,113.93319,22.487984
440,睿丁英语(蛇口校区),科教文化服务,培训机构,培训机构,广东省,深圳市,南山区,113.932395,22.488165
441,弘艺艺术培训中心(德隆广场分店),科教文化服务,培训机构,培训机构,广东省,深圳市,南山区,113.927714,22.487276
442,海派童心国际学堂,科教文化服务,培训机构,培训机构,广东省,深圳市,南山区,113.927705,22.487314
443,易学堂教育(蛇囗校区),科教文化服务,培训机构,培训机构,广东省,深圳市,南山区,113.925367,22.485679
444,AME Education Center,科教文化服务,培训机构,培训机构,广东省,深圳市,南山区,113.926181,22.485379
445,指南针教育(蛇口辅导中心),科教文化服务,培训机构,培训机构,广东省,深圳市,南山区,113.929976,22.488476
446,敦善艺术培训,科教文化服务,培训机构,培训机构,广东省,深圳市,南山区,113.925789,22.487193
447,SK英国皇家少儿英语(蛇口校区),科教文化服务,培训机构,培训机构,广东省,深圳市,南山区,113.933347,22.487802
448,童梦教育,科教文化服务,培训机构,培训机构,广东省,深圳市,光明区,113.959073,22.791206
449,科恩全脑早教,科教文化服务,培训机构,培训机构,广东省,深圳市,南山区,113.938483,22.488963
450,鸿鹄校外托管中心,科教文化服务,培训机构,培训机构,广东省,深圳市,南山区,113.927457,22.490868
451,天翌教育,科教文化服务,培训机构,培训机构,广东省,深圳市,南山区,113.938938,22.490359
452,启蒙早教英语,科教文化服务,培训机构,培训机构,广东省,深圳市,南山区,113.938656,22.489017
453,启邦国际美术教育(蛇口湾厦校区),科教文化服务,培训机构,培训机构,广东省,深圳市,南山区,113.935704,22.490113
454,阳光翰艺学堂,科教文化服务,培训机构,培训机构,广东省,深圳市,南山区,113.935924,22.490856
455,无阶现代音乐教室(后海店),科教文化服务,培训机构,培训机构,广东省,深圳市,南山区,113.936257,22.49084
456,飞德拉音乐工作室(南山店),科教文化服务,培训机构,培训机构,广东省,深圳市,南山区,113.923411,22.488363
457,NMCC南海蒙特梭利儿童之家,科教文化服务,培训机构,培训机构,广东省,深圳市,南山区,113.921518,22.481482
458,邦德教育(四海分校),科教文化服务,培训机构,培训机构,广东省,深圳市,南山区,113.93126,22.49429
459,河马哒哒儿童运动及潜能发展中心(蛇口中心),科教文化服务,培训机构,培训机构,广东省,深圳市,南山区,113.924071,22.486339
460,深圳市光明新区碧水路骑训中队,科教文化服务,培训机构,培训机构,广东省,深圳市,光明区,113.958665,22.759342
461,戴伽美术学院,科教文化服务,培训机构,培训机构,广东省,深圳市,南山区,113.939689,22.489546
462,艺多教育,科教文化服务,培训机构,培训机构,广东省,深圳市,南山区,113.920926,22.488852
463,深圳招行培训中心,科教文化服务,培训机构,培训机构,广东省,深圳市,南山区,113.91155,22.488663
464,午后画室,科教文化服务,培训机构,培训机构,广东省,深圳市,南山区,113.918701,22.487073
465,QSI INTERNATIONAL SCHOOL OF SHENZHEN,科教文化服务,培训机构,培训机构,广东省,深圳市,南山区,113.912961,22.478946
466,乐学乐园早教中心(厚德店),科教文化服务,培训机构,培训机构,广东省,深圳市,南山区,113.941623,22.488439
467,北辰星音乐艺术中心,科教文化服务,培训机构,培训机构,广东省,深圳市,南山区,113.932029,22.494226
468,英卓思教育中心,科教文化服务,培训机构,培训机构,广东省,深圳市,南山区,113.939539,22.490039
469,整合瑜伽普拉提培训中心,科教文化服务,培训机构,培训机构,广东省,深圳市,南山区,113.942585,22.491733
470,梵比画室(后海校区),科教文化服务,培训机构,培训机构,广东省,深圳市,南山区,113.934686,22.494955
471,蜂语蜜教育(恒裕滨城分店),科教文化服务,培训机构,培训机构,广东省,深圳市,南山区,113.941611,22.488415
472,冉艺艺术,科教文化服务,培训机构,培训机构,广东省,深圳市,宝安区,113.970342,22.701775
473,三槐书画社,科教文化服务,培训机构,培训机构,广东省,深圳市,光明区,113.99113,22.738565
474,稷下学堂,科教文化服务,培训机构,培训机构,广东省,深圳市,光明区,113.991284,22.736138
475,艾立方教育(白花校区),科教文化服务,培训机构,培训机构,广东省,深圳市,光明区,113.990948,22.738098
476,深圳华制道场教育培训有限公司,科教文化服务,培训机构,培训机构,广东省,深圳市,龙华区,113.985343,22.702385
477,心园·米罗儿童触觉绘画光明校区,科教文化服务,培训机构,培训机构,广东省,深圳市,光明区,113.991335,22.7396
478,海上钢琴,科教文化服务,培训机构,培训机构,广东省,深圳市,南山区,113.916235,22.483714
479,红砖海外英语,科教文化服务,培训机构,培训机构,广东省,深圳市,南山区,113.916807,22.483712
480,酷童学未来技能南山旗舰学习馆,科教文化服务,培训机构,培训机构,广东省,深圳市,南山区,113.935829,22.493107
481,名师苑教育,科教文化服务,培训机构,培训机构,广东省,深圳市,南山区,113.942548,22.488842
482,树童英语,科教文化服务,培训机构,培训机构,广东省,深圳市,南山区,113.942608,22.488851
483,迪普教育(蛇口中心),科教文化服务,培训机构,培训机构,广东省,深圳市,南山区,113.917742,22.487169
484,长城电脑石岩基地,科教文化服务,培训机构,培训机构,广东省,深圳市,宝安区,113.954917,22.687697
485,长燊博士教育(同胜店),科教文化服务,培训机构,培训机构,广东省,深圳市,龙华区,113.981939,22.679879
486,赛普健身学院中安校区,科教文化服务,培训机构,培训机构,广东省,深圳市,龙华区,113.978719,22.688738
487,超神学院(华宁路),科教文化服务,培训机构,培训机构,广东省,深圳市,龙华区,113.979692,22.689721
488,新芭梦舞蹈艺术,科教文化服务,培训机构,培训机构,广东省,深圳市,宝安区,113.971534,22.692252
489,奕曙艺灵舞蹈培训中心,科教文化服务,培训机构,培训机构,广东省,深圳市,宝安区,113.971579,22.692361
490,壹佰分教育,科教文化服务,培训机构,培训机构,广东省,深圳市,宝安区,113.971632,22.692487
491,荷蜓儿童之家,科教文化服务,培训机构,培训机构,广东省,深圳市,宝安区,113.970213,22.692667
492,跆舞艺术培训中心,科教文化服务,培训机构,培训机构,广东省,深圳市,龙华区,113.983086,22.678595
493,都荟城(石岩汇邦名都店),科教文化服务,培训机构,培训机构,广东省,深圳市,宝安区,113.971633,22.692487
494,栾志江画室(大磡分校),科教文化服务,培训机构,培训机构,广东省,深圳市,南山区,113.977392,22.621999
495,乐学派教育,科教文化服务,培训机构,培训机构,广东省,深圳市,南山区,113.973747,22.622573
496,领舞国际,科教文化服务,培训机构,培训机构,广东省,深圳市,龙华区,113.990067,22.678354
497,众尚学院,科教文化服务,培训机构,培训机构,广东省,深圳市,龙华区,113.985999,22.67846
498,慧创美妆培训,科教文化服务,培训机构,培训机构,广东省,深圳市,龙华区,113.986448,22.678445
499,慧创培训学校,科教文化服务,培训机构,培训机构,广东省,深圳市,宝安区,113.970215,22.696863
500,石龙仔艺术培训中心,科教文化服务,培训机构,培训机构,广东省,深圳市,宝安区,113.967512,22.698245
501,深圳市弘福文化艺术培训中心,科教文化服务,培训机构,培训机构,广东省,深圳市,宝安区,113.972945,22.696807
502,深圳麒麟山户外训练中心,科教文化服务,培训机构,培训机构,广东省,深圳市,南山区,113.971328,22.609021
503,更强琴行,科教文化服务,培训机构,培训机构,广东省,深圳市,南山区,113.965888,22.593351
504,深圳市旅游职业训练学校,科教文化服务,培训机构,培训机构,广东省,深圳市,南山区,113.9637,22.595894
505,交通安全教育培训中心,科教文化服务,培训机构,培训机构,广东省,深圳市,南山区,113.971797,22.563168
506,金牌教育(桃源分部),科教文化服务,培训机构,培训机构,广东省,深圳市,南山区,113.980637,22.559436
507,拾光艺术,科教文化服务,培训机构,培训机构,广东省,深圳市,南山区,113.974531,22.561735
508,棕榈泉国际高尔夫学院,科教文化服务,培训机构,培训机构,广东省,深圳市,南山区,113.96274,22.532215
509,侨香 高尔夫学院,科教文化服务,培训机构,培训机构,广东省,深圳市,南山区,113.963082,22.533389
510,乐高活动中心(南山京基百纳店),科教文化服务,培训机构,培训机构,广东省,深圳市,南山区,113.969035,22.530791
511,思课教育(SK MATH),科教文化服务,培训机构,培训机构,广东省,深圳市,南山区,113.96576,22.528362
512,音悦之声(京基百纳广场南山店),科教文化服务,培训机构,培训机构,广东省,深圳市,南山区,113.969672,22.530436
513,关键词青少儿英语京基百纳校区,科教文化服务,培训机构,培训机构,广东省,深圳市,南山区,113.969556,22.530542
514,深圳璀璨年代高尔夫学院,科教文化服务,培训机构,培训机构,广东省,深圳市,南山区,113.965526,22.527819
515,瑾鸿少儿英语,科教文化服务,培训机构,培训机构,广东省,深圳市,南山区,113.967874,22.530812
516,i3A教育(京基百纳广场),科教文化服务,培训机构,培训机构,广东省,深圳市,南山区,113.970043,22.530438
517,德嘉国际象棋俱乐部(京基百纳广场南山店),科教文化服务,培训机构,培训机构,广东省,深圳市,南山区,113.970048,22.530636
518,深圳罗斯菲儿德儿童成长中心,科教文化服务,培训机构,培训机构,广东省,深圳市,南山区,113.965615,22.527875
519,奥利维亚芭蕾舞(京基百纳校区),科教文化服务,培训机构,培训机构,广东省,深圳市,南山区,113.969354,22.530612
520,杨梅红国际私立美校(深圳红树湾校区),科教文化服务,培训机构,培训机构,广东省,深圳市,南山区,113.968773,22.530806
521,创艺宝贝早教中心(白石路),科教文化服务,培训机构,培训机构,广东省,深圳市,南山区,113.969181,22.530566
522,朗文青少年英语培训(京基百纳校区),科教文化服务,培训机构,培训机构,广东省,深圳市,南山区,113.969696,22.53058
523,鑫淼学无怃教育,科教文化服务,培训机构,培训机构,广东省,深圳市,南山区,113.967382,22.531307
524,思考乐教育(世纪分校),科教文化服务,培训机构,培训机构,广东省,深圳市,南山区,113.966676,22.532288
525,索艺达国际艺术教育(京基百纳广场南山店),科教文化服务,培训机构,培训机构,广东省,深圳市,南山区,113.969459,22.530585
526,中科乐机器人(弘文校区),科教文化服务,培训机构,培训机构,广东省,深圳市,南山区,113.966689,22.532278
527,海伦爱乐艺术教育,科教文化服务,培训机构,培训机构,广东省,深圳市,南山区,113.966707,22.532122
528,力豆力豆(京基百纳广场南山店),科教文化服务,培训机构,培训机构,广东省,深圳市,南山区,113.968906,22.530924
529,博翰林教育培训(白石洲分校),科教文化服务,培训机构,培训机构,广东省,深圳市,南山区,113.967372,22.531631
530,溪枫琴艺(艺术培训),科教文化服务,培训机构,培训机构,广东省,深圳市,南山区,113.966679,22.532094
531,溪枫琴艺(艺术培训),科教文化服务,培训机构,培训机构,广东省,深圳市,南山区,113.966679,22.532094
532,东风华艺音乐培训中心,科教文化服务,培训机构,培训机构,广东省,深圳市,南山区,113.967142,22.540935
533,星舞卓萌艺术教育(石洲中路),科教文化服务,培训机构,培训机构,广东省,深圳市,南山区,113.966717,22.53226
534,雨莼英皇钢琴工作室,科教文化服务,培训机构,培训机构,广东省,深圳市,南山区,113.965084,22.531964
535,郎朗音乐世界,科教文化服务,培训机构,培训机构,广东省,深圳市,南山区,113.97607,22.537946
536,美国科蒂思维学科英语(红树湾校区),科教文化服务,培训机构,培训机构,广东省,深圳市,南山区,113.966498,22.532004
537,可高国际托育成长中心(世纪村校区),科教文化服务,培训机构,培训机构,广东省,深圳市,南山区,113.966647,22.53232
538,华夏文化艺术学校(兴隆街),科教文化服务,培训机构,培训机构,广东省,深圳市,南山区,113.985067,22.534868
539,金紫荆舞蹈艺术中心,科教文化服务,培训机构,培训机构,广东省,深圳市,南山区,113.972293,22.538614
540,仁和会计培训(深南校区),科教文化服务,培训机构,培训机构,广东省,深圳市,南山区,113.973152,22.538181
541,深圳市上水居古琴馆,科教文化服务,培训机构,培训机构,广东省,深圳市,南山区,113.97785,22.538371
542,蓝茵高尔夫学院(沙河校区),科教文化服务,培训机构,培训机构,广东省,深圳市,南山区,113.962743,22.533248
543,维克多利亚舞蹈瑜伽,科教文化服务,培训机构,培训机构,广东省,深圳市,南山区,113.97244,22.538433
544,迪亚芭蕾(华·生活馆店),科教文化服务,培训机构,培训机构,广东省,深圳市,南山区,113.98245,22.536053
545,东乾国际教育,科教文化服务,培训机构,培训机构,广东省,深圳市,南山区,113.968821,22.540052
546,圳音国际(世界之窗校区),科教文化服务,培训机构,培训机构,广东省,深圳市,南山区,113.972641,22.538279
547,邦德教育(华侨城分校),科教文化服务,培训机构,培训机构,广东省,深圳市,南山区,113.983154,22.537055
548,关键词青少儿英语(华侨城校区),科教文化服务,培训机构,培训机构,广东省,深圳市,南山区,113.973775,22.537844
549,关键词青少儿英语(益田假日广场),科教文化服务,培训机构,培训机构,广东省,深圳市,南山区,113.973871,22.538116
550,中广传媒艺考培训(南山校区),科教文化服务,培训机构,培训机构,广东省,深圳市,南山区,113.972764,22.538481
551,天晴画室(华·生活馆北区),科教文化服务,培训机构,培训机构,广东省,深圳市,南山区,113.982744,22.536277
552,肥肥先森钢琴工作室,科教文化服务,培训机构,培训机构,广东省,深圳市,南山区,113.985039,22.536526
553,深圳市礼乐艺术传媒有限公司,科教文化服务,培训机构,培训机构,广东省,深圳市,南山区,113.966453,22.53878
554,路石教育,科教文化服务,培训机构,培训机构,广东省,深圳市,南山区,113.977817,22.538309
555,博绅文化艺术中心,科教文化服务,培训机构,培训机构,广东省,深圳市,龙华区,114.021268,22.747903
556,Js舞蹈龙华校区,科教文化服务,培训机构,培训机构,广东省,深圳市,龙华区,114.0197,22.745287
557,翔翎艺术教育中心,科教文化服务,培训机构,培训机构,广东省,深圳市,龙华区,114.02228,22.746283
558,李强舞蹈,科教文化服务,培训机构,培训机构,广东省,深圳市,龙华区,114.017306,22.743653
559,品艺景泰蓝画院,科教文化服务,培训机构,培训机构,广东省,深圳市,龙华区,114.019974,22.744199
560,康泰培训,科教文化服务,培训机构,培训机构,广东省,深圳市,龙华区,114.016304,22.742513
561,菲尚舞蹈,科教文化服务,培训机构,培训机构,广东省,深圳市,龙华区,114.018931,22.743675
562,孙健空中舞蹈(章阁校区),科教文化服务,培训机构,培训机构,广东省,深圳市,龙华区,114.016844,22.742257
563,燕舞飞扬舞蹈连锁培训(龙华校区),科教文化服务,培训机构,培训机构,广东省,深圳市,龙华区,114.019677,22.745217
564,雅诗迪美妆学院(观澜章阁分校),科教文化服务,培训机构,培训机构,广东省,深圳市,龙华区,114.018525,22.74373
565,浪朵朵舞蹈艺术教育(观澜章阁分店),科教文化服务,培训机构,培训机构,广东省,深圳市,龙华区,114.020575,22.745108
566,深圳市龙华区诺德安达双语学校,科教文化服务,培训机构,培训机构,广东省,深圳市,龙华区,114.028351,22.747562
567,慧舍,科教文化服务,培训机构,培训机构,广东省,深圳市,南山区,113.954035,22.531262
568,ALV一等国际教育(南山分校),科教文化服务,培训机构,培训机构,广东省,深圳市,南山区,113.977794,22.537816
569,四季艺术培训中心,科教文化服务,培训机构,培训机构,广东省,深圳市,南山区,113.983858,22.538903
570,快乐宝宝母婴连锁,科教文化服务,培训机构,培训机构,广东省,深圳市,龙华区,114.012367,22.729709
571,语航教育,科教文化服务,培训机构,培训机构,广东省,深圳市,龙华区,114.014956,22.730223
572,深乐艺术培训机构,科教文化服务,培训机构,培训机构,广东省,深圳市,龙华区,114.015796,22.728762
573,友友画室,科教文化服务,培训机构,培训机构,广东省,深圳市,龙华区,114.016863,22.728382
574,观澜科目一科目四理论培训,科教文化服务,培训机构,培训机构,广东省,深圳市,龙华区,114.006506,22.727827
575,皇家少儿舞蹈学校(大水坑校区),科教文化服务,培训机构,培训机构,广东省,深圳市,龙华区,114.016708,22.728072
576,深圳市公安局龙华分局辅警培训基地,科教文化服务,培训机构,培训机构,广东省,深圳市,龙华区,114.01011,22.682678
577,舞之韵艺术中心(浪口校区),科教文化服务,培训机构,培训机构,广东省,深圳市,龙华区,114.008814,22.677658
578,博雅琴行(爱义路店),科教文化服务,培训机构,培训机构,广东省,深圳市,龙华区,114.006147,22.677504
579,谦·瑜伽舞蹈,科教文化服务,培训机构,培训机构,广东省,深圳市,龙华区,114.00617,22.677892
580,宝龙国际私塾,科教文化服务,培训机构,培训机构,广东省,深圳市,龙华区,114.01675,22.676793
581,达达美术,科教文化服务,培训机构,培训机构,广东省,深圳市,龙华区,114.005963,22.677344
582,微课堂成长空间,科教文化服务,培训机构,培训机构,广东省,深圳市,龙华区,114.004829,22.67716
583,小飞象少儿美术教育,科教文化服务,培训机构,培训机构,广东省,深圳市,龙华区,114.002462,22.67803
584,新乐琴行艺术培训中心,科教文化服务,培训机构,培训机构,广东省,深圳市,龙华区,114.011738,22.643407
585,彼优兔STEAM国际教育,科教文化服务,培训机构,培训机构,广东省,深圳市,龙华区,114.011063,22.640474
586,育培优学,科教文化服务,培训机构,培训机构,广东省,深圳市,龙华区,114.011466,22.640836
587,画画星球,科教文化服务,培训机构,培训机构,广东省,深圳市,龙华区,114.011826,22.639801
588,艺布艺画美术教育(龙胜校区),科教文化服务,培训机构,培训机构,广东省,深圳市,龙华区,114.013204,22.643473
589,琴琅钢琴教育,科教文化服务,培训机构,培训机构,广东省,深圳市,龙华区,114.009746,22.640634
590,浮木教育,科教文化服务,培训机构,培训机构,广东省,深圳市,龙华区,114.009326,22.63926
591,汤姆客跨学科英语(腾龙路校区),科教文化服务,培训机构,培训机构,广东省,深圳市,龙华区,114.010615,22.639359
592,华翎舞蹈学校龙华校区,科教文化服务,培训机构,培训机构,广东省,深圳市,龙华区,114.01162,22.639632
593,见真画室,科教文化服务,培训机构,培训机构,广东省,深圳市,龙华区,114.011577,22.639557
594,小天鹅艺术教育,科教文化服务,培训机构,培训机构,广东省,深圳市,龙华区,114.012149,22.644005
595,歌瑞思教育中心(第二分店),科教文化服务,培训机构,培训机构,广东省,深圳市,龙华区,114.010508,22.639564
596,圣帕国际儿童公学龙华园区,科教文化服务,培训机构,培训机构,广东省,深圳市,龙华区,114.012966,22.644016
597,百纳艺术中心,科教文化服务,培训机构,培训机构,广东省,深圳市,龙华区,114.012551,22.644176
598,风迷音乐工作室,科教文化服务,培训机构,培训机构,广东省,深圳市,南山区,114.010513,22.59668
599,优必选教育,科教文化服务,培训机构,培训机构,广东省,深圳市,南山区,114.004574,22.594914
600,南方科技大学-树礼书院,科教文化服务,培训机构,培训机构,广东省,深圳市,南山区,113.99942,22.605298
601,南方科技大学-致诚书院,科教文化服务,培训机构,培训机构,广东省,深圳市,南山区,113.999004,22.599597
602,南方科技大学-致新书院,科教文化服务,培训机构,培训机构,广东省,深圳市,南山区,113.999553,22.605186
603,智汇英语(南科大校区),科教文化服务,培训机构,培训机构,广东省,深圳市,南山区,114.001519,22.592546
604,熊掌雪梨钢琴屋,科教文化服务,培训机构,培训机构,广东省,深圳市,南山区,114.001287,22.589699
605,深圳市优橙教育连锁咨询文化发展有限公司,科教文化服务,培训机构,培训机构,广东省,深圳市,南山区,114.004591,22.593384
606,东方童梦绘,科教文化服务,培训机构,培训机构,广东省,深圳市,南山区,114.001455,22.592712
607,BeneBaby国际学院(福田校区),科教文化服务,培训机构,培训机构,广东省,深圳市,福田区,114.014452,22.564362
608,英伦威廉王子公学(山语校区),科教文化服务,培训机构,培训机构,广东省,深圳市,福田区,114.015927,22.563707
609,美联英语深国投中心,科教文化服务,培训机构,培训机构,广东省,深圳市,福田区,114.010927,22.5446
610,春诵园,科教文化服务,培训机构,培训机构,广东省,深圳市,福田区,114.015669,22.551932
611,乐想美学Club,科教文化服务,培训机构,培训机构,广东省,深圳市,福田区,114.01527,22.551962
612,蒙依贝国际蒙特梭利儿童之家(香蜜分园),科教文化服务,培训机构,培训机构,广东省,深圳市,福田区,114.018446,22.556267
613,七田真早期教育(侨香中心),科教文化服务,培训机构,培训机构,广东省,深圳市,福田区,114.01265,22.551024
614,梦想+创意空间,科教文化服务,培训机构,培训机构,广东省,深圳市,福田区,114.015527,22.5515
615,新东方(香蜜湖校区),科教文化服务,培训机构,培训机构,广东省,深圳市,福田区,114.017682,22.53794
616,精锐教育(高级中学学习中心),科教文化服务,培训机构,培训机构,广东省,深圳市,福田区,114.017689,22.537835
617,卓越教育(香蜜湖校区),科教文化服务,培训机构,培训机构,广东省,深圳市,福田区,114.017679,22.537941
618,思在教育(丰田路店),科教文化服务,培训机构,培训机构,广东省,深圳市,福田区,114.018174,22.540833
619,天天教育,科教文化服务,培训机构,培训机构,广东省,深圳市,福田区,114.018972,22.541031
620,Micha l,科教文化服务,培训机构,培训机构,广东省,深圳市,福田区,114.007958,22.531201
621,众安安全培训实操基地,科教文化服务,培训机构,培训机构,广东省,深圳市,龙华区,114.04714,22.74869
622,茗语轩少儿书画,科教文化服务,培训机构,培训机构,广东省,深圳市,龙华区,114.032952,22.753673
623,强林教育城,科教文化服务,培训机构,培训机构,广东省,深圳市,龙华区,114.058507,22.742626
624,平安金融管理学院,科教文化服务,培训机构,培训机构,广东省,深圳市,龙华区,114.041892,22.731747
625,万兴日课馆,科教文化服务,培训机构,培训机构,广东省,深圳市,龙华区,114.054912,22.720438
626,升华教育,科教文化服务,培训机构,培训机构,广东省,深圳市,龙华区,114.054711,22.718183
627,墨宝轩书画,科教文化服务,培训机构,培训机构,广东省,深圳市,龙华区,114.053644,22.717361
628,得艺音乐工作室,科教文化服务,培训机构,培训机构,广东省,深圳市,龙华区,114.054861,22.718485
629,升华培训中心龙华观澜校区,科教文化服务,培训机构,培训机构,广东省,深圳市,龙华区,114.054734,22.718328
630,曲芳艺术教育(龙华观澜店),科教文化服务,培训机构,培训机构,广东省,深圳市,龙华区,114.054669,22.718153
631,智仁文化艺术培训中心,科教文化服务,培训机构,培训机构,广东省,深圳市,龙华区,114.05656,22.720619
632,启蒙画室,科教文化服务,培训机构,培训机构,广东省,深圳市,龙华区,114.054518,22.717385
633,杰奏艺术教育(龙华观澜店),科教文化服务,培训机构,培训机构,广东省,深圳市,龙华区,114.05467,22.718155
634,卓越文化教育观澜校区,科教文化服务,培训机构,培训机构,广东省,深圳市,龙华区,114.054132,22.717739
635,深圳博洋体验教育,科教文化服务,培训机构,培训机构,广东省,深圳市,龙华区,114.045663,22.722832
636,乐舞星舞蹈艺术,科教文化服务,培训机构,培训机构,广东省,深圳市,龙华区,114.049014,22.686645
637,启智教育早教中心(招商澜园店),科教文化服务,培训机构,培训机构,广东省,深圳市,龙华区,114.047493,22.685381
638,优才思学教育培训中心,科教文化服务,培训机构,培训机构,广东省,深圳市,龙华区,114.049265,22.686617
639,艺珈乐少儿创意美术培训,科教文化服务,培训机构,培训机构,广东省,深圳市,龙华区,114.047218,22.686685
640,晓语,科教文化服务,培训机构,培训机构,广东省,深圳市,龙华区,114.048667,22.686633
641,富士康科技集团工业互联网学院,科教文化服务,培训机构,培训机构,广东省,深圳市,龙华区,114.053634,22.650321
642,华为深圳基地J区培训中心,科教文化服务,培训机构,培训机构,广东省,深圳市,龙岗区,114.063335,22.651729
643,三藏智投咨询管理有限公司,科教文化服务,培训机构,培训机构,广东省,深圳市,龙华区,114.051262,22.639428
644,王者少儿电视艺术基地,科教文化服务,培训机构,培训机构,广东省,深圳市,龙华区,114.049967,22.600721
645,艺淼文化,科教文化服务,培训机构,培训机构,广东省,深圳市,龙华区,114.054454,22.60099
646,学无涯英语,科教文化服务,培训机构,培训机构,广东省,深圳市,龙华区,114.054908,22.601486
647,新理念教育(莲花北分校区),科教文化服务,培训机构,培训机构,广东省,深圳市,福田区,114.054202,22.560412
648,深圳燃气学院,科教文化服务,培训机构,培训机构,广东省,深圳市,福田区,114.054379,22.562949
649,邦德教育(莲花北分校),科教文化服务,培训机构,培训机构,广东省,深圳市,福田区,114.054363,22.559894
650,大音琴院(福田店),科教文化服务,培训机构,培训机构,广东省,深圳市,福田区,114.057238,22.546832
651,深圳市交通运输培训中心,科教文化服务,培训机构,培训机构,广东省,深圳市,福田区,114.06774,22.568727
652,深圳书画艺术学院,科教文化服务,培训机构,培训机构,广东省,深圳市,福田区,114.05973,22.561697
653,卓越嗓音,科教文化服务,培训机构,培训机构,广东省,深圳市,福田区,114.054318,22.560016
654,丹青创想画室,科教文化服务,培训机构,培训机构,广东省,深圳市,福田区,114.05155,22.564874
655,思考乐教育(梅林分校),科教文化服务,培训机构,培训机构,广东省,深圳市,福田区,114.051498,22.564863
656,童谣琴行(梅林店),科教文化服务,培训机构,培训机构,广东省,深圳市,福田区,114.05162,22.564832
657,张云煦钢琴工作室,科教文化服务,培训机构,培训机构,广东省,深圳市,福田区,114.050384,22.560026
658,梦妮希语(马成时代广场店),科教文化服务,培训机构,培训机构,广东省,深圳市,福田区,114.051329,22.521463
659,艺尚舞蹈福田总校区,科教文化服务,培训机构,培训机构,广东省,深圳市,福田区,114.052949,22.521008
660,深圳市提分快线教育,科教文化服务,培训机构,培训机构,广东省,深圳市,福田区,114.052291,22.522494
661,喔噢启蒙教育,科教文化服务,培训机构,培训机构,广东省,深圳市,福田区,114.052001,22.522174
662,北京恒安卫士地铁安检培训中心,科教文化服务,培训机构,培训机构,广东省,深圳市,龙华区,114.087182,22.721201
663,音乐人钢琴培训,科教文化服务,培训机构,培训机构,广东省,深圳市,龙华区,114.090542,22.727722
664,唯爱拉丁舞艺术中心,科教文化服务,培训机构,培训机构,广东省,深圳市,龙华区,114.086359,22.726668
665,点智点教育,科教文化服务,培训机构,培训机构,广东省,深圳市,龙华区,114.086351,22.72669
666,唯爱拉丁舞牛湖校区,科教文化服务,培训机构,培训机构,广东省,深圳市,龙华区,114.086404,22.726783
667,好舞艺艺术中心(君子布君新路店),科教文化服务,培训机构,培训机构,广东省,深圳市,龙华区,114.097842,22.71734
668,深圳市一诚文化艺术培训中心,科教文化服务,培训机构,培训机构,广东省,深圳市,龙华区,114.090759,22.727736
669,游鱼出听钢琴音乐工作室,科教文化服务,培训机构,培训机构,广东省,深圳市,龙华区,114.094953,22.715825
670,华粤培训,科教文化服务,培训机构,培训机构,广东省,深圳市,龙华区,114.083097,22.72387
671,房田自然艺术空间,科教文化服务,培训机构,培训机构,广东省,深圳市,龙华区,114.083173,22.68005
672,星萌少儿培训,科教文化服务,培训机构,培训机构,广东省,深圳市,龙华区,114.078163,22.685747
673,长城教育职业技能培训学校(樟坑径校区),科教文化服务,培训机构,培训机构,广东省,深圳市,龙华区,114.078641,22.683737
674,深圳市国防教育训练基地,科教文化服务,培训机构,培训机构,广东省,深圳市,龙岗区,114.097003,22.637371
675,大川琴行上品雅园店,科教文化服务,培训机构,培训机构,广东省,深圳市,龙岗区,114.083289,22.633457
676,勤若尔文化艺术培训,科教文化服务,培训机构,培训机构,广东省,深圳市,龙岗区,114.082747,22.633833
677,深圳市森鑫源职业培训学校,科教文化服务,培训机构,培训机构,广东省,深圳市,龙岗区,114.111378,22.607076
678,艺趣宫少儿创艺美术馆,科教文化服务,培训机构,培训机构,广东省,深圳市,龙岗区,114.101698,22.611682
679,漫耕文化,科教文化服务,培训机构,培训机构,广东省,深圳市,龙岗区,114.101701,22.60385
680,中管院周易文化教育中心,科教文化服务,培训机构,培训机构,广东省,深圳市,龙岗区,114.102773,22.604166
681,广东深圳职业训练学院,科教文化服务,培训机构,培训机构,广东省,深圳市,福田区,114.097107,22.557896
682,深圳赛格人才培训中心,科教文化服务,培训机构,培训机构,广东省,深圳市,福田区,114.087307,22.546883
683,梦舞台舞蹈中心,科教文化服务,培训机构,培训机构,广东省,深圳市,福田区,114.093916,22.56143
684,深圳市保龄球训练基地,科教文化服务,培训机构,培训机构,广东省,深圳市,福田区,114.088622,22.55647
685,柏斯琴行(百花店),科教文化服务,培训机构,培训机构,广东省,深圳市,福田区,114.094004,22.551967
686,深通教育,科教文化服务,培训机构,培训机构,广东省,深圳市,福田区,114.094008,22.561556
687,雅马哈音乐中心(福田店),科教文化服务,培训机构,培训机构,广东省,深圳市,福田区,114.09604,22.538543
688,狮王教育(福田校区),科教文化服务,培训机构,培训机构,广东省,深圳市,福田区,114.085518,22.533256
689,怡海教育(东园路),科教文化服务,培训机构,培训机构,广东省,深圳市,福田区,114.103262,22.537166
690,立刻说(深圳店),科教文化服务,培训机构,培训机构,广东省,深圳市,龙岗区,114.13142,22.679453
691,新梅艺术,科教文化服务,培训机构,培训机构,广东省,深圳市,龙岗区,114.135644,22.681198
692,阅橙英语,科教文化服务,培训机构,培训机构,广东省,深圳市,龙岗区,114.135657,22.682283
693,新梅艺街体验式国际美术教育,科教文化服务,培训机构,培训机构,广东省,深圳市,龙岗区,114.135544,22.681355
694,货拉拉深圳龙岗培训点,科教文化服务,培训机构,培训机构,广东省,深圳市,龙岗区,114.131292,22.677538
695,舞蹈瑜伽(熙璟城购物中心),科教文化服务,培训机构,培训机构,广东省,深圳市,龙岗区,114.135515,22.682031
696,水灵子舞蹈李朗校区,科教文化服务,培训机构,培训机构,广东省,深圳市,龙岗区,114.12637,22.641201
697,星天舞艺术学苑,科教文化服务,培训机构,培训机构,广东省,深圳市,龙岗区,114.135159,22.63839
698,指尖少儿艺术教育-钢琴-吉他-音乐,科教文化服务,培训机构,培训机构,广东省,深圳市,龙岗区,114.135665,22.639846
699,广明灯智慧学苑,科教文化服务,培训机构,培训机构,广东省,深圳市,龙岗区,114.124916,22.648544
700,卡觅国际艺术教育,科教文化服务,培训机构,培训机构,广东省,深圳市,龙岗区,114.125862,22.649859
701,三经书院,科教文化服务,培训机构,培训机构,广东省,深圳市,龙岗区,114.130385,22.652421
702,领乐舞蹈,科教文化服务,培训机构,培训机构,广东省,深圳市,龙岗区,114.135224,22.629545
703,龙珠培训,科教文化服务,培训机构,培训机构,广东省,深圳市,龙岗区,114.124803,22.601
704,亚煋远景舞蹈工作室,科教文化服务,培训机构,培训机构,广东省,深圳市,龙岗区,114.129906,22.601713
705,安佳咨询,科教文化服务,培训机构,培训机构,广东省,深圳市,龙岗区,114.129761,22.601167
706,爱婴早教(信鸽路),科教文化服务,培训机构,培训机构,广东省,深圳市,龙岗区,114.127599,22.592525
707,太阳山艺术中心,科教文化服务,培训机构,培训机构,广东省,深圳市,龙岗区,114.135901,22.609835
708,鼎棠国际儿童学院,科教文化服务,培训机构,培训机构,广东省,深圳市,龙岗区,114.135491,22.602612
709,理想教育(翠竹路),科教文化服务,培训机构,培训机构,广东省,深圳市,罗湖区,114.130084,22.561407
710,理想琴行器乐培训中心,科教文化服务,培训机构,培训机构,广东省,深圳市,罗湖区,114.133195,22.55848
711,常春藤英语(罗湖分校),科教文化服务,培训机构,培训机构,广东省,深圳市,罗湖区,114.13006,22.560856
712,博思教育(高标大厦),科教文化服务,培训机构,培训机构,广东省,深圳市,罗湖区,114.130061,22.560548
713,百技培训(田贝校区),科教文化服务,培训机构,培训机构,广东省,深圳市,罗湖区,114.12524,22.567005
714,ICAN自习室,科教文化服务,培训机构,培训机构,广东省,深圳市,罗湖区,114.130387,22.561981
715,环球原著英语,科教文化服务,培训机构,培训机构,广东省,深圳市,罗湖区,114.130382,22.561991
716,蓝天教育(罗湖翠竹分校),科教文化服务,培训机构,培训机构,广东省,深圳市,罗湖区,114.127987,22.553951
717,原典英语,科教文化服务,培训机构,培训机构,广东省,深圳市,罗湖区,114.133049,22.558374
718,鼎誉教育,科教文化服务,培训机构,培训机构,广东省,深圳市,罗湖区,114.133045,22.55848
719,蒲公英教育(中学部),科教文化服务,培训机构,培训机构,广东省,深圳市,罗湖区,114.129343,22.564799
720,新东方学校(翠竹校区),科教文化服务,培训机构,培训机构,广东省,深圳市,罗湖区,114.130359,22.557612
721,优乐汇音乐教室,科教文化服务,培训机构,培训机构,广东省,深圳市,罗湖区,114.130844,22.558247
722,言之星教育,科教文化服务,培训机构,培训机构,广东省,深圳市,龙岗区,114.17518,22.64025
723,柏晟教育,科教文化服务,培训机构,培训机构,广东省,深圳市,龙岗区,114.175213,22.640297
724,佳瑞艺术培训中心,科教文化服务,培训机构,培训机构,广东省,深圳市,龙岗区,114.175841,22.64304
725,花儿教育(深华街),科教文化服务,培训机构,培训机构,广东省,深圳市,龙岗区,114.175778,22.64016
726,深圳国仁堂中医培训,科教文化服务,培训机构,培训机构,广东省,深圳市,龙岗区,114.175884,22.643053
727,领健艺术教育,科教文化服务,培训机构,培训机构,广东省,深圳市,龙岗区,114.1757,22.638962
728,童园牧歌特殊儿童发展中心,科教文化服务,培训机构,培训机构,广东省,深圳市,龙岗区,114.175795,22.643059
729,红黄蓝亲子园(横岗店),科教文化服务,培训机构,培训机构,广东省,深圳市,龙岗区,114.181803,22.643384
730,绿洲英语,科教文化服务,培训机构,培训机构,广东省,深圳市,龙岗区,114.177657,22.644861
731,阿菠罗艺术培训中心,科教文化服务,培训机构,培训机构,广东省,深圳市,龙岗区,114.178721,22.638861
732,嘉壹教育,科教文化服务,培训机构,培训机构,广东省,深圳市,龙岗区,114.179825,22.63889
733,卓艺国际艺术教育,科教文化服务,培训机构,培训机构,广东省,深圳市,龙岗区,114.179363,22.638828
734,鹏宇职业资格培训,科教文化服务,培训机构,培训机构,广东省,深圳市,龙岗区,114.178344,22.634616
735,智造家创客教育(振业城校区),科教文化服务,培训机构,培训机构,广东省,深圳市,龙岗区,114.178748,22.63886
736,尚美画室,科教文化服务,培训机构,培训机构,广东省,深圳市,罗湖区,114.169116,22.603784
737,迪恩琴行(大望店),科教文化服务,培训机构,培训机构,广东省,深圳市,罗湖区,114.17556,22.601814
738,书法创作体验馆,科教文化服务,培训机构,培训机构,广东省,深圳市,罗湖区,114.171816,22.605582
739,汉林文化·友友画室,科教文化服务,培训机构,培训机构,广东省,深圳市,罗湖区,114.175154,22.600512
740,新设绘艺术,科教文化服务,培训机构,培训机构,广东省,深圳市,罗湖区,114.175146,22.600473
741,新田教育培训中心,科教文化服务,培训机构,培训机构,广东省,深圳市,罗湖区,114.175943,22.603156
742,深圳市谷风画院,科教文化服务,培训机构,培训机构,广东省,深圳市,罗湖区,114.177633,22.603525
743,佳音乐坊,科教文化服务,培训机构,培训机构,广东省,深圳市,罗湖区,114.178289,22.600017
744,闲庭居茶书院,科教文化服务,培训机构,培训机构,广东省,深圳市,罗湖区,114.170683,22.593946
745,耕读讲堂,科教文化服务,培训机构,培训机构,广东省,深圳市,罗湖区,114.162183,22.603616
746,邦德教育(莲塘分校),科教文化服务,培训机构,培训机构,广东省,深圳市,罗湖区,114.169672,22.561754
747,聚宝教育,科教文化服务,培训机构,培训机构,广东省,深圳市,罗湖区,114.173595,22.563436
748,莱恩心阅教育(聚宝路店),科教文化服务,培训机构,培训机构,广东省,深圳市,罗湖区,114.169764,22.562475
749,学优教育(莲塘路),科教文化服务,培训机构,培训机构,广东省,深圳市,罗湖区,114.169844,22.561805
750,爱尚瑜伽(国威店),科教文化服务,培训机构,培训机构,广东省,深圳市,罗湖区,114.170665,22.563743
751,爱华(莲塘校区),科教文化服务,培训机构,培训机构,广东省,深圳市,罗湖区,114.169271,22.561861
752,舞艺春天美术室,科教文化服务,培训机构,培训机构,广东省,深圳市,罗湖区,114.173531,22.561189
753,一点创意美术,科教文化服务,培训机构,培训机构,广东省,深圳市,罗湖区,114.171112,22.559079
754,森博教育,科教文化服务,培训机构,培训机构,广东省,深圳市,罗湖区,114.171522,22.56387
755,阳光英语(聚福分校),科教文化服务,培训机构,培训机构,广东省,深圳市,罗湖区,114.171616,22.560464
756,博睿舞蹈,科教文化服务,培训机构,培训机构,广东省,深圳市,罗湖区,114.172858,22.55912
757,九瓴教育,科教文化服务,培训机构,培训机构,广东省,深圳市,罗湖区,114.17307,22.564728
758,深圳舞艺春天艺术团(聚宝店),科教文化服务,培训机构,培训机构,广东省,深圳市,罗湖区,114.169618,22.562018
759,思考乐教育(莲塘分校),科教文化服务,培训机构,培训机构,广东省,深圳市,罗湖区,114.167473,22.561334
760,先锋派钢琴教室,科教文化服务,培训机构,培训机构,广东省,深圳市,罗湖区,114.169314,22.558567
761,先锋派钢琴教室,科教文化服务,培训机构,培训机构,广东省,深圳市,罗湖区,114.169314,22.558567
762,莲塘玄龙武道教育中心,科教文化服务,培训机构,培训机构,广东省,深圳市,罗湖区,114.170866,22.565474
763,多多熊艺术家园(聚宝商业教学中心),科教文化服务,培训机构,培训机构,广东省,深圳市,罗湖区,114.169949,22.56256
764,哈罗.莫里斯英文阅读馆,科教文化服务,培训机构,培训机构,广东省,深圳市,罗湖区,114.175297,22.56479
765,乐写乐莲塘校区,科教文化服务,培训机构,培训机构,广东省,深圳市,罗湖区,114.167139,22.561323
766,爱蓓儿国际早教中心,科教文化服务,培训机构,培训机构,广东省,深圳市,罗湖区,114.169261,22.558114
767,几维阅读成长馆英语学习基地,科教文化服务,培训机构,培训机构,广东省,深圳市,罗湖区,114.169251,22.559248
768,蓬勃小明星学院,科教文化服务,培训机构,培训机构,广东省,深圳市,罗湖区,114.167291,22.561238
769,金色羽翼棋院,科教文化服务,培训机构,培训机构,广东省,深圳市,罗湖区,114.166855,22.561319
770,壹佰度书画院,科教文化服务,培训机构,培训机构,广东省,深圳市,罗湖区,114.169274,22.55792
771,火柴教育·学创乐园,科教文化服务,培训机构,培训机构,广东省,深圳市,龙岗区,114.218005,22.750711
772,星耀百合艺术中心,科教文化服务,培训机构,培训机构,广东省,深圳市,龙岗区,114.218063,22.75061
773,星美画苑,科教文化服务,培训机构,培训机构,广东省,深圳市,龙岗区,114.216982,22.75011
774,新星教育,科教文化服务,培训机构,培训机构,广东省,深圳市,龙岗区,114.217178,22.75011
775,麦乐田少儿美术,科教文化服务,培训机构,培训机构,广东省,深圳市,龙岗区,114.218434,22.750605
776,洣可音乐中心,科教文化服务,培训机构,培训机构,广东省,深圳市,龙岗区,114.219514,22.750736
777,卡乐美术,科教文化服务,培训机构,培训机构,广东省,深圳市,龙岗区,114.219364,22.750596
778,新星教育(朱古石路店),科教文化服务,培训机构,培训机构,广东省,深圳市,龙岗区,114.229371,22.748867
779,塔谷教育,科教文化服务,培训机构,培训机构,广东省,深圳市,龙岗区,114.230118,22.749113
780,高斯数学,科教文化服务,培训机构,培训机构,广东省,深圳市,龙岗区,114.229014,22.748926
781,宗正吉他工作室,科教文化服务,培训机构,培训机构,广东省,深圳市,龙岗区,114.229753,22.749208
782,温馨弘筝行,科教文化服务,培训机构,培训机构,广东省,深圳市,龙岗区,114.230003,22.748898
783,朗程作文(五联校区),科教文化服务,培训机构,培训机构,广东省,深圳市,龙岗区,114.230478,22.748797
784,爱莲舞蹈舞蹈,科教文化服务,培训机构,培训机构,广东省,深圳市,龙岗区,114.230675,22.74898
785,其乐儿童之家,科教文化服务,培训机构,培训机构,广东省,深圳市,龙岗区,114.230401,22.74888
786,爱尚课教育,科教文化服务,培训机构,培训机构,广东省,深圳市,龙岗区,114.23036,22.746195
787,翠微教育,科教文化服务,培训机构,培训机构,广东省,深圳市,龙岗区,114.230799,22.747176
788,五联教育,科教文化服务,培训机构,培训机构,广东省,深圳市,龙岗区,114.230536,22.747203
789,博诗教育,科教文化服务,培训机构,培训机构,广东省,深圳市,龙岗区,114.23115,22.74463
790,深圳市启点教育发展有限公司,科教文化服务,培训机构,培训机构,广东省,深圳市,龙岗区,114.229679,22.744129
791,华师国际教育,科教文化服务,培训机构,培训机构,广东省,深圳市,龙岗区,114.222905,22.719804
792,花雨星工坊,科教文化服务,培训机构,培训机构,广东省,深圳市,龙岗区,114.217112,22.719711
793,龙岗花雨音乐剧学校,科教文化服务,培训机构,培训机构,广东省,深圳市,龙岗区,114.21711,22.719429
794,李白书法,科教文化服务,培训机构,培训机构,广东省,深圳市,龙岗区,114.230831,22.723393
795,黄阁翠苑午托中心,科教文化服务,培训机构,培训机构,广东省,深圳市,龙岗区,114.217236,22.713807
796,瀟湘書苑,科教文化服务,培训机构,培训机构,广东省,深圳市,龙岗区,114.223918,22.683372
797,学而乐教育,科教文化服务,培训机构,培训机构,广东省,深圳市,龙岗区,114.223114,22.68073
798,德艺书画教育,科教文化服务,培训机构,培训机构,广东省,深圳市,龙岗区,114.223081,22.680804
799,汉之行教育,科教文化服务,培训机构,培训机构,广东省,深圳市,龙岗区,114.222952,22.68094
800,JS舞蹈(横岗中心校区),科教文化服务,培训机构,培训机构,广东省,深圳市,龙岗区,114.210013,22.6439
801,菲菲美妆教育,科教文化服务,培训机构,培训机构,广东省,深圳市,龙岗区,114.2101,22.643996
802,博优教育,科教文化服务,培训机构,培训机构,广东省,深圳市,龙岗区,114.211687,22.638613
803,文武社艺术培训中心,科教文化服务,培训机构,培训机构,广东省,深圳市,龙岗区,114.207912,22.6427
804,青英数控培训中心,科教文化服务,培训机构,培训机构,广东省,深圳市,龙岗区,114.212238,22.638055
805,德胜篮球体能培训营,科教文化服务,培训机构,培训机构,广东省,深圳市,龙岗区,114.214813,22.639501
806,龙腾培训学校,科教文化服务,培训机构,培训机构,广东省,深圳市,龙岗区,114.212659,22.637983
807,丹青书法培训,科教文化服务,培训机构,培训机构,广东省,深圳市,龙岗区,114.210641,22.646038
808,星迪艺术培训,科教文化服务,培训机构,培训机构,广东省,深圳市,龙岗区,114.210727,22.646059
809,家长学校,科教文化服务,培训机构,培训机构,广东省,深圳市,龙岗区,114.214636,22.645408
810,光与色画室,科教文化服务,培训机构,培训机构,广东省,深圳市,罗湖区,114.19849,22.593766
811,明诚学堂,科教文化服务,培训机构,培训机构,广东省,深圳市,罗湖区,114.19739,22.591833
812,乔丰攀岩培训基地,科教文化服务,培训机构,培训机构,广东省,深圳市,龙岗区,114.223628,22.615025
813,蜂鸟走读空间,科教文化服务,培训机构,培训机构,广东省,深圳市,罗湖区,114.194507,22.590477
814,佑生书院,科教文化服务,培训机构,培训机构,广东省,深圳市,罗湖区,114.1918,22.592812
815,谢福言艺术工作室,科教文化服务,培训机构,培训机构,广东省,深圳市,罗湖区,114.193655,22.590659
816,家政培训,科教文化服务,培训机构,培训机构,广东省,深圳市,龙岗区,114.205137,22.644649
817,英凡教育,科教文化服务,培训机构,培训机构,广东省,深圳市,龙岗区,114.207519,22.648245
818,杰奏文化艺术培训盐田基地,科教文化服务,培训机构,培训机构,广东省,深圳市,盐田区,114.22246,22.556284
819,星荟园蒙特梭利工作室,科教文化服务,培训机构,培训机构,广东省,深圳市,盐田区,114.220962,22.553445
820,深圳尚文教育中心,科教文化服务,培训机构,培训机构,广东省,深圳市,盐田区,114.227778,22.550768
821,全艺培训,科教文化服务,培训机构,培训机构,广东省,深圳市,盐田区,114.228248,22.552643
822,艺奇乐少儿培训,科教文化服务,培训机构,培训机构,广东省,深圳市,盐田区,114.226414,22.553574
823,小龙书法培训中心,科教文化服务,培训机构,培训机构,广东省,深圳市,盐田区,114.22993,22.552273
824,佳南午托,科教文化服务,培训机构,培训机构,广东省,深圳市,盐田区,114.229384,22.552972
825,德林培训,科教文化服务,培训机构,培训机构,广东省,深圳市,盐田区,114.229801,22.549384
826,弘音琴行(金融路一巷),科教文化服务,培训机构,培训机构,广东省,深圳市,盐田区,114.229851,22.549229
827,小海豚艺术培训中心,科教文化服务,培训机构,培训机构,广东省,深圳市,盐田区,114.228688,22.549611
828,华智教育,科教文化服务,培训机构,培训机构,广东省,深圳市,盐田区,114.229814,22.54776
829,习学书院,科教文化服务,培训机构,培训机构,广东省,深圳市,盐田区,114.231161,22.552563
830,卓慧教育,科教文化服务,培训机构,培训机构,广东省,深圳市,盐田区,114.229262,22.549014
831,星舞卓萌,科教文化服务,培训机构,培训机构,广东省,深圳市,盐田区,114.229304,22.549733
832,培英社,科教文化服务,培训机构,培训机构,广东省,深圳市,盐田区,114.229821,22.547718
833,巴赫琴行(金融路二巷),科教文化服务,培训机构,培训机构,广东省,深圳市,盐田区,114.231153,22.549724
834,优越教育,科教文化服务,培训机构,培训机构,广东省,深圳市,盐田区,114.23079,22.546529
835,伯艺乐音乐·唱歌钢琴吉他架子鼓培训(龙岗店),科教文化服务,培训机构,培训机构,广东省,深圳市,龙岗区,114.207783,22.648461
836,优私健身教练培训基地深圳校区,科教文化服务,培训机构,培训机构,广东省,深圳市,龙岗区,114.205334,22.646927
837,思考乐教育(松柏分校),科教文化服务,培训机构,培训机构,广东省,深圳市,龙岗区,114.209738,22.651059
838,天慧爱幼(爱育幼童横岗店),科教文化服务,培训机构,培训机构,广东省,深圳市,龙岗区,114.207862,22.649652
839,深圳启梦艺术文化培训中心,科教文化服务,培训机构,培训机构,广东省,深圳市,龙岗区,114.213741,22.649787
840,顶尖美业总部学校,科教文化服务,培训机构,培训机构,广东省,深圳市,龙岗区,114.21829,22.634315
841,迈思腾机器人编程中心(荣德店),科教文化服务,培训机构,培训机构,广东省,深圳市,龙岗区,114.207765,22.650986
842,晴天艺术培训中心,科教文化服务,培训机构,培训机构,广东省,深圳市,龙岗区,114.21152,22.651872
843,童话琴行丨吉他尤克里里教学(横岗店),科教文化服务,培训机构,培训机构,广东省,深圳市,龙岗区,114.207806,22.648476
844,龙行艺术教育培训中心(横岗校区),科教文化服务,培训机构,培训机构,广东省,深圳市,龙岗区,114.204188,22.647496
845,小花瓣艺术空间,科教文化服务,培训机构,培训机构,广东省,深圳市,龙岗区,114.204981,22.651059
846,火烈鸟艺术培训,科教文化服务,培训机构,培训机构,广东省,深圳市,龙岗区,114.203962,22.6499
847,胡贝儿国际形体礼仪女子学堂(横岗分校),科教文化服务,培训机构,培训机构,广东省,深圳市,龙岗区,114.210184,22.651258
848,畅通学车(横岗报名点),科教文化服务,培训机构,培训机构,广东省,深圳市,龙岗区,114.204611,22.649205
849,星火篮球培训(横岗店),科教文化服务,培训机构,培训机构,广东省,深圳市,龙岗区,114.219286,22.650551
850,春之蕾艺术教育荣德国际校区,科教文化服务,培训机构,培训机构,广东省,深圳市,龙岗区,114.208616,22.651402
851,领航教育,科教文化服务,培训机构,培训机构,广东省,深圳市,龙岗区,114.203884,22.650834
852,深圳技师学院(龙岗培训基地),科教文化服务,培训机构,培训机构,广东省,深圳市,龙岗区,114.211741,22.652161
853,格一艺术.The ONE钢琴音乐教室,科教文化服务,培训机构,培训机构,广东省,深圳市,龙岗区,114.212805,22.651439
854,贝姿艺术培训,科教文化服务,培训机构,培训机构,广东省,深圳市,龙岗区,114.221273,22.633522
855,草莓田少儿美术(卓越弥敦道),科教文化服务,培训机构,培训机构,广东省,深圳市,龙岗区,114.202923,22.648366
856,丫丫舞蹈培训(盛大百货店),科教文化服务,培训机构,培训机构,广东省,深圳市,龙岗区,114.203503,22.650539
857,语博士横岗中心,科教文化服务,培训机构,培训机构,广东省,深圳市,龙岗区,114.198599,22.641351
858,优师辅教育,科教文化服务,培训机构,培训机构,广东省,深圳市,龙岗区,114.197133,22.642365
859,金品学堂,科教文化服务,培训机构,培训机构,广东省,深圳市,龙岗区,114.202621,22.651412
860,龙武门国际艺术教育,科教文化服务,培训机构,培训机构,广东省,深圳市,龙岗区,114.244499,22.75364
861,人人培训(新东方龙岗教学中心),科教文化服务,培训机构,培训机构,广东省,深圳市,龙岗区,114.244775,22.753218
862,深圳市龙岗区安保技能培训中心,科教文化服务,培训机构,培训机构,广东省,深圳市,龙岗区,114.252892,22.751949
863,育才培训,科教文化服务,培训机构,培训机构,广东省,深圳市,龙岗区,114.249195,22.746237
864,启慧星辰艺术,科教文化服务,培训机构,培训机构,广东省,深圳市,龙岗区,114.248936,22.746111
865,中诚教育龙岗中心城校区,科教文化服务,培训机构,培训机构,广东省,深圳市,龙岗区,114.251395,22.721554
866,旭日吉他俱乐部,科教文化服务,培训机构,培训机构,广东省,深圳市,龙岗区,114.253683,22.71962
867,桔子城,科教文化服务,培训机构,培训机构,广东省,深圳市,龙岗区,114.253108,22.723016
868,雅韵琴行(九州店),科教文化服务,培训机构,培训机构,广东省,深圳市,龙岗区,114.260895,22.727065
869,FLOWER ARTS CENTER,科教文化服务,培训机构,培训机构,广东省,深圳市,龙岗区,114.249731,22.722429
870,食为先小吃培训,科教文化服务,培训机构,培训机构,广东省,深圳市,龙岗区,114.250223,22.686667
871,柏乐艺术中心,科教文化服务,培训机构,培训机构,广东省,深圳市,龙岗区,114.260599,22.682506
872,深圳梦之光少儿艺术培训机构,科教文化服务,培训机构,培训机构,广东省,深圳市,龙岗区,114.253226,22.688482
873,美芝然美容培训,科教文化服务,培训机构,培训机构,广东省,深圳市,龙岗区,114.242541,22.682864
874,国际JS舞蹈(嶂背店),科教文化服务,培训机构,培训机构,广东省,深圳市,龙岗区,114.243235,22.685241
875,大雅音乐艺术中心,科教文化服务,培训机构,培训机构,广东省,深圳市,龙岗区,114.262212,22.68255
876,粤港驾校,科教文化服务,培训机构,培训机构,广东省,深圳市,龙岗区,114.241977,22.681734
877,兴文午托中心,科教文化服务,培训机构,培训机构,广东省,深圳市,龙岗区,114.264763,22.683849
878,国际JS舞蹈连锁培训,科教文化服务,培训机构,培训机构,广东省,深圳市,龙岗区,114.241267,22.684187
879,舞美人艺术中心(振业天峦店),科教文化服务,培训机构,培训机构,广东省,深圳市,龙岗区,114.26066,22.682453
880,奇艺舞蹈(嶂背路),科教文化服务,培训机构,培训机构,广东省,深圳市,龙岗区,114.241782,22.685185
881,爱美·艾尚培训,科教文化服务,培训机构,培训机构,广东省,深圳市,龙岗区,114.242612,22.685079
882,祝博士(深圳宝龙分校),科教文化服务,培训机构,培训机构,广东省,深圳市,龙岗区,114.261558,22.682009
883,童恩钢琴,科教文化服务,培训机构,培训机构,广东省,深圳市,龙岗区,114.261562,22.681938
884,享学教育,科教文化服务,培训机构,培训机构,广东省,深圳市,龙岗区,114.243514,22.64764
885,爱诗韵美容美甲化妆培训学校,科教文化服务,培训机构,培训机构,广东省,深圳市,龙岗区,114.240249,22.648727
886,星梦园忆动童模学院,科教文化服务,培训机构,培训机构,广东省,深圳市,龙岗区,114.234997,22.645277
887,国鼎艺术培训中心,科教文化服务,培训机构,培训机构,广东省,深圳市,龙岗区,114.232665,22.644789
888,纽赛特教育(宝沙一路),科教文化服务,培训机构,培训机构,广东省,深圳市,龙岗区,114.264483,22.683767
889,小熊熊午托中心,科教文化服务,培训机构,培训机构,广东省,深圳市,龙岗区,114.264305,22.683705
890,育和书院峦山谷店,科教文化服务,培训机构,培训机构,广东省,深圳市,龙岗区,114.264433,22.686122
891,domi多米音乐艺术中心(龙岗振业天峦店),科教文化服务,培训机构,培训机构,广东省,深圳市,龙岗区,114.263686,22.683452
892,天骄少儿培训,科教文化服务,培训机构,培训机构,广东省,深圳市,龙岗区,114.264361,22.686348
893,雨中蝶舞蹈艺术团,科教文化服务,培训机构,培训机构,广东省,深圳市,龙岗区,114.265508,22.68738
894,凯星文化教育培训,科教文化服务,培训机构,培训机构,广东省,深圳市,龙岗区,114.26451,22.685682
895,珠江钢琴艺术教室,科教文化服务,培训机构,培训机构,广东省,深圳市,龙岗区,114.264879,22.686756
896,金港会所,科教文化服务,培训机构,培训机构,广东省,深圳市,盐田区,114.255396,22.589305
897,树人教育(东港印象店),科教文化服务,培训机构,培训机构,广东省,深圳市,盐田区,114.250746,22.592018
898,多艾米琴行,科教文化服务,培训机构,培训机构,广东省,深圳市,盐田区,114.248646,22.591799
899,博雅文房,科教文化服务,培训机构,培训机构,广东省,深圳市,盐田区,114.254412,22.59241
900,牧鱼画院(盐田分店),科教文化服务,培训机构,培训机构,广东省,深圳市,盐田区,114.254416,22.592275
901,小白鸽盐田分校,科教文化服务,培训机构,培训机构,广东省,深圳市,盐田区,114.254499,22.592272
902,众弈围棋,科教文化服务,培训机构,培训机构,广东省,深圳市,盐田区,114.254364,22.592187
903,文艺·拉丁舞,科教文化服务,培训机构,培训机构,广东省,深圳市,盐田区,114.253703,22.591909
904,博瀚教育(盐田校区),科教文化服务,培训机构,培训机构,广东省,深圳市,盐田区,114.254076,22.591725
905,小小鲁班儿童益智创意中心,科教文化服务,培训机构,培训机构,广东省,深圳市,盐田区,114.254394,22.592371
906,锦尚优·艺术培训,科教文化服务,培训机构,培训机构,广东省,深圳市,盐田区,114.254092,22.591781
907,思考乐教育(山海分校),科教文化服务,培训机构,培训机构,广东省,深圳市,盐田区,114.25303,22.590789
908,多艾米文化艺术(东港分校),科教文化服务,培训机构,培训机构,广东省,深圳市,盐田区,114.248889,22.591819
909,博盛思教育(盐田分校),科教文化服务,培训机构,培训机构,广东省,深圳市,盐田区,114.250777,22.589932
910,思考乐教育(盐田分校),科教文化服务,培训机构,培训机构,广东省,深圳市,盐田区,114.243534,22.557041
911,奥阳国际儿童成长中心,科教文化服务,培训机构,培训机构,广东省,深圳市,盐田区,114.244886,22.558069
912,交警培训中心,科教文化服务,培训机构,培训机构,广东省,深圳市,盐田区,114.242684,22.563345
913,以画绘话,科教文化服务,培训机构,培训机构,广东省,深圳市,盐田区,114.24404,22.557734
914,叁棵树美育,科教文化服务,培训机构,培训机构,广东省,深圳市,盐田区,114.24388,22.557418
915,盐田精茂城编程猫体验中心,科教文化服务,培训机构,培训机构,广东省,深圳市,盐田区,114.243869,22.557509
916,优学堂,科教文化服务,培训机构,培训机构,广东省,深圳市,盐田区,114.243479,22.555969
917,小海豚童悦托管,科教文化服务,培训机构,培训机构,广东省,深圳市,盐田区,114.243533,22.555811
918,758美术工作室,科教文化服务,培训机构,培训机构,广东省,深圳市,盐田区,114.238924,22.55524
919,乐敦乐高中心(盐田),科教文化服务,培训机构,培训机构,广东省,深圳市,盐田区,114.238002,22.553707
920,精锐·个性化,科教文化服务,培训机构,培训机构,广东省,深圳市,盐田区,114.238484,22.557526
921,深圳永生乒乓球培训中心,科教文化服务,培训机构,培训机构,广东省,深圳市,盐田区,114.240754,22.554685
922,钜鸿教育,科教文化服务,培训机构,培训机构,广东省,深圳市,盐田区,114.239602,22.554187
923,维密瘦身分店,科教文化服务,培训机构,培训机构,广东省,深圳市,盐田区,114.23923,22.554564
924,EF英孚教育青少儿英语(盐田沙头角中心),科教文化服务,培训机构,培训机构,广东省,深圳市,盐田区,114.238818,22.557232
925,深圳市艺蕾芭蕾舞培训,科教文化服务,培训机构,培训机构,广东省,深圳市,盐田区,114.236129,22.554343
926,科思励教育盐田中心,科教文化服务,培训机构,培训机构,广东省,深圳市,盐田区,114.237887,22.553853
927,V·FORCE唯势力街舞盐田分校,科教文化服务,培训机构,培训机构,广东省,深圳市,盐田区,114.238687,22.555253
928,你和我艺术中心,科教文化服务,培训机构,培训机构,广东省,深圳市,盐田区,114.236038,22.554288
929,勇舞者街舞,科教文化服务,培训机构,培训机构,广东省,深圳市,盐田区,114.236257,22.55442
930,小白鸽少儿艺术教育,科教文化服务,培训机构,培训机构,广东省,深圳市,盐田区,114.237948,22.550564
931,万众文体,科教文化服务,培训机构,培训机构,广东省,深圳市,盐田区,114.236169,22.554367
932,深圳市一念书画院,科教文化服务,培训机构,培训机构,广东省,深圳市,盐田区,114.235085,22.550869
933,深圳市盐田区职业培训中心,科教文化服务,培训机构,培训机构,广东省,深圳市,盐田区,114.235261,22.554291
934,张斌和众艺术教育(壹海城店),科教文化服务,培训机构,培训机构,广东省,深圳市,盐田区,114.237627,22.55407
935,稻和甜音音乐教育,科教文化服务,培训机构,培训机构,广东省,深圳市,盐田区,114.234605,22.553115
936,杨梅红国际私立美校(深圳盐田壹海城校区),科教文化服务,培训机构,培训机构,广东省,深圳市,盐田区,114.238614,22.552394
937,拉丁舞,科教文化服务,培训机构,培训机构,广东省,深圳市,盐田区,114.234338,22.553928
938,小马快跑国际教育(盐田中心),科教文化服务,培训机构,培训机构,广东省,深圳市,盐田区,114.237111,22.550436
939,弈星围棋,科教文化服务,培训机构,培训机构,广东省,深圳市,盐田区,114.234702,22.552913
940,习学(国学)书院,科教文化服务,培训机构,培训机构,广东省,深圳市,盐田区,114.234123,22.553804
941,壹心教育,科教文化服务,培训机构,培训机构,广东省,深圳市,盐田区,114.234674,22.552858
942,KASCA卡思佳·国际托育园(蓝郡园店),科教文化服务,培训机构,培训机构,广东省,深圳市,盐田区,114.23705,22.551725
943,0809艺术生活空间(梦工厂校区),科教文化服务,培训机构,培训机构,广东省,深圳市,盐田区,114.239571,22.550393
944,比阳教育,科教文化服务,培训机构,培训机构,广东省,深圳市,盐田区,114.233549,22.553797
945,春之谷儿童之家,科教文化服务,培训机构,培训机构,广东省,深圳市,盐田区,114.236409,22.548496
946,娜舞内曲文化艺术,科教文化服务,培训机构,培训机构,广东省,深圳市,龙岗区,114.298774,22.761172
947,深圳市燕之绘文化艺术传播中心,科教文化服务,培训机构,培训机构,广东省,深圳市,龙岗区,114.284828,22.761164
948,鼎尖教育,科教文化服务,培训机构,培训机构,广东省,深圳市,龙岗区,114.300994,22.763125
949,铸梦缘文化艺术中心,科教文化服务,培训机构,培训机构,广东省,深圳市,龙岗区,114.281035,22.759112
950,奇思音乐,科教文化服务,培训机构,培训机构,广东省,深圳市,龙岗区,114.291604,22.721456
951,科大培训,科教文化服务,培训机构,培训机构,广东省,深圳市,龙岗区,114.290495,22.720996
952,深圳市龙岗区俊音艺术中心,科教文化服务,培训机构,培训机构,广东省,深圳市,龙岗区,114.292078,22.721901
953,绘壹方艺术教育(育贤店),科教文化服务,培训机构,培训机构,广东省,深圳市,龙岗区,114.292253,22.721241
954,德政华大教育培训,科教文化服务,培训机构,培训机构,广东省,深圳市,龙岗区,114.290989,22.723172
955,优加艺术培训中心,科教文化服务,培训机构,培训机构,广东省,深圳市,龙岗区,114.293181,22.721962
956,餐桌,科教文化服务,培训机构,培训机构,广东省,深圳市,龙岗区,114.294537,22.721519
957,苏珊乐学教学中心,科教文化服务,培训机构,培训机构,广东省,深圳市,龙岗区,114.293417,22.721971
958,群英绘美术教育,科教文化服务,培训机构,培训机构,广东省,深圳市,龙岗区,114.294159,22.722115
959,优学辅导中心,科教文化服务,培训机构,培训机构,广东省,深圳市,龙岗区,114.292747,22.719338
960,德龙舞蹈(龙城书院校区),科教文化服务,培训机构,培训机构,广东省,深圳市,龙岗区,114.290222,22.719613
961,伯雅琴行,科教文化服务,培训机构,培训机构,广东省,深圳市,龙岗区,114.288659,22.721185
962,美云艺术中心,科教文化服务,培训机构,培训机构,广东省,深圳市,龙岗区,114.288174,22.71998
963,深圳市龙岗区职业培训学校,科教文化服务,培训机构,培训机构,广东省,深圳市,龙岗区,114.279781,22.682848
964,尚荣医疗培训中心,科教文化服务,培训机构,培训机构,广东省,深圳市,龙岗区,114.30262,22.688238
965,JS舞蹈,科教文化服务,培训机构,培训机构,广东省,深圳市,龙岗区,114.278215,22.680853
966,恒恩教育(南约校区),科教文化服务,培训机构,培训机构,广东省,深圳市,龙岗区,114.276453,22.695759
967,英皓教育,科教文化服务,培训机构,培训机构,广东省,深圳市,龙岗区,114.278089,22.689476
968,万象艺术培训中心,科教文化服务,培训机构,培训机构,广东省,深圳市,坪山区,114.292969,22.667056
969,纷飞舞蹈学苑,科教文化服务,培训机构,培训机构,广东省,深圳市,坪山区,114.288843,22.666969
970,新梦想教育电脑美容化妆美甲,科教文化服务,培训机构,培训机构,广东省,深圳市,坪山区,114.292435,22.666961
971,超竞电竞创意培训中心(深圳校区),科教文化服务,培训机构,培训机构,广东省,深圳市,坪山区,114.307183,22.674923
972,学优诚教育,科教文化服务,培训机构,培训机构,广东省,深圳市,龙岗区,114.276376,22.695096
973,优贝儿童之家,科教文化服务,培训机构,培训机构,广东省,深圳市,龙岗区,114.272649,22.690576
974,中兴国际研发培训中心,科教文化服务,培训机构,培训机构,广东省,深圳市,盐田区,114.293529,22.58498
975,海关总署盐田教育培训基地,科教文化服务,培训机构,培训机构,广东省,深圳市,盐田区,114.283734,22.586931
976,牛津少儿英语,科教文化服务,培训机构,培训机构,广东省,深圳市,盐田区,114.304932,22.600876
977,乖乖虎美术家园,科教文化服务,培训机构,培训机构,广东省,深圳市,盐田区,114.303815,22.599077
978,ALV一等国际教育,科教文化服务,培训机构,培训机构,广东省,深圳市,盐田区,114.304343,22.59937
979,ALV一等教育(梅沙校区),科教文化服务,培训机构,培训机构,广东省,深圳市,盐田区,114.304387,22.599404
980,未来式减肥训练营(万科东海岸营地),科教文化服务,培训机构,培训机构,广东省,深圳市,盐田区,114.303486,22.598801
981,爱培托管教育之家,科教文化服务,培训机构,培训机构,广东省,深圳市,盐田区,114.307534,22.600018
982,皇庭艺术中心,科教文化服务,培训机构,培训机构,广东省,深圳市,盐田区,114.307639,22.599808
983,高考画室,科教文化服务,培训机构,培训机构,广东省,深圳市,盐田区,114.310214,22.599386
984,完美空间数字技术教育培训基地,科教文化服务,培训机构,培训机构,广东省,深圳市,盐田区,114.310347,22.600574
985,橙才教育,科教文化服务,培训机构,培训机构,广东省,深圳市,龙岗区,114.305477,22.720823
986,红领巾午托中心,科教文化服务,培训机构,培训机构,广东省,深圳市,龙岗区,114.279322,22.727728
987,嘉应教育,科教文化服务,培训机构,培训机构,广东省,深圳市,龙岗区,114.305615,22.720627
988,十牛小镇早教日托,科教文化服务,培训机构,培训机构,广东省,深圳市,龙岗区,114.30561,22.720825
989,龙行教育(中骏校区),科教文化服务,培训机构,培训机构,广东省,深圳市,龙岗区,114.305794,22.720661
990,音伦钢琴艺术中心(中骏分校),科教文化服务,培训机构,培训机构,广东省,深圳市,龙岗区,114.304094,22.720281
991,全登培训(大新街),科教文化服务,培训机构,培训机构,广东省,深圳市,龙岗区,114.279647,22.730608
992,福雅国际艺术教育中心(第五分校),科教文化服务,培训机构,培训机构,广东省,深圳市,龙岗区,114.303803,22.721402
993,欣海少儿培训(中骏校区),科教文化服务,培训机构,培训机构,广东省,深圳市,龙岗区,114.305589,22.72075
994,芽芽小学堂,科教文化服务,培训机构,培训机构,广东省,深圳市,龙岗区,114.27516,22.724632
995,深圳市龙岗区龙岗甜梦园午托中心,科教文化服务,培训机构,培训机构,广东省,深圳市,龙岗区,114.279453,22.727494
996,朗程作文(双龙校区),科教文化服务,培训机构,培训机构,广东省,深圳市,龙岗区,114.274897,22.724517
997,新生学校-新生午托中心,科教文化服务,培训机构,培训机构,广东省,深圳市,龙岗区,114.277568,22.740113
998,金喜堂广新书法工作室,科教文化服务,培训机构,培训机构,广东省,深圳市,龙岗区,114.278161,22.732345
999,创艺之家国际美术教育,科教文化服务,培训机构,培训机构,广东省,深圳市,龙岗区,114.274486,22.724571
1000,RS舞蹈,科教文化服务,培训机构,培训机构,广东省,深圳市,龙岗区,114.276405,22.729995
1001,波尔卡教育城,科教文化服务,培训机构,培训机构,广东省,深圳市,龙岗区,114.274511,22.724569
1002,光佑艺术,科教文化服务,培训机构,培训机构,广东省,深圳市,龙岗区,114.272719,22.723982
1003,深圳市鹏才教育培训有限公司,科教文化服务,培训机构,培训机构,广东省,深圳市,龙岗区,114.28162,22.73687
1004,钢琴培训中心(龙盈泰商业中心店),科教文化服务,培训机构,培训机构,广东省,深圳市,龙岗区,114.27799,22.727939
1005,圆梦教育,科教文化服务,培训机构,培训机构,广东省,深圳市,龙岗区,114.327834,22.787861
1006,六联叉车技术天明服务部,科教文化服务,培训机构,培训机构,广东省,深圳市,龙岗区,114.329565,22.789164
1007,天蕴文化艺术培训,科教文化服务,培训机构,培训机构,广东省,深圳市,龙岗区,114.326723,22.786343
1008,琳音艺术中心,科教文化服务,培训机构,培训机构,广东省,深圳市,龙岗区,114.264373,22.728185
1009,舞林大会(龙岗校区),科教文化服务,培训机构,培训机构,广东省,深圳市,龙岗区,114.243339,22.709794
1010,中鹏教育(总部),科教文化服务,培训机构,培训机构,广东省,深圳市,龙岗区,114.246004,22.710197
1011,金翅膀教育(南联校区),科教文化服务,培训机构,培训机构,广东省,深圳市,龙岗区,114.265874,22.724683
1012,大卫美术教育(南联校区),科教文化服务,培训机构,培训机构,广东省,深圳市,龙岗区,114.265898,22.724732
1013,菲菲美容学校,科教文化服务,培训机构,培训机构,广东省,深圳市,龙岗区,114.265794,22.722749
1014,竞思注意力训练(龙岗中心),科教文化服务,培训机构,培训机构,广东省,深圳市,龙岗区,114.240082,22.712798
1015,翰林学府,科教文化服务,培训机构,培训机构,广东省,深圳市,龙岗区,114.243328,22.709807
1016,优优培训,科教文化服务,培训机构,培训机构,广东省,深圳市,龙岗区,114.264363,22.728515
1017,青蓝优学,科教文化服务,培训机构,培训机构,广东省,深圳市,龙岗区,114.239439,22.713635
1018,小飞龙少林武校,科教文化服务,培训机构,培训机构,广东省,深圳市,龙岗区,114.323358,22.765968
1019,艺启艺术培训中心,科教文化服务,培训机构,培训机构,广东省,深圳市,龙岗区,114.320662,22.764143
1020,红之舞文化艺术,科教文化服务,培训机构,培训机构,广东省,深圳市,龙岗区,114.320296,22.761568
1021,南山驾校坪地训练场,科教文化服务,培训机构,培训机构,广东省,深圳市,龙岗区,114.315152,22.76629
1022,学佳辅导中心,科教文化服务,培训机构,培训机构,广东省,深圳市,龙岗区,114.315691,22.765224
1023,一方书院,科教文化服务,培训机构,培训机构,广东省,深圳市,龙岗区,114.315892,22.765034
1024,学法辅导中心,科教文化服务,培训机构,培训机构,广东省,深圳市,龙岗区,114.315774,22.765111
1025,未来星辅导中心,科教文化服务,培训机构,培训机构,广东省,深圳市,龙岗区,114.315511,22.771931
1026,多多熊(大东城教学中心),科教文化服务,培训机构,培训机构,广东省,深圳市,坪山区,114.337963,22.705909
1027,贝亲辅导中心,科教文化服务,培训机构,培训机构,广东省,深圳市,龙岗区,114.315373,22.717472
1028,启航文化,科教文化服务,培训机构,培训机构,广东省,深圳市,龙岗区,114.314584,22.717186
1029,Etalk.英语,科教文化服务,培训机构,培训机构,广东省,深圳市,坪山区,114.33994,22.707255
1030,红黄蓝亲子园(坪山区店),科教文化服务,培训机构,培训机构,广东省,深圳市,坪山区,114.328564,22.678994
1031,育龙午托中心,科教文化服务,培训机构,培训机构,广东省,深圳市,坪山区,114.335751,22.677624
1032,行之教育工作室,科教文化服务,培训机构,培训机构,广东省,深圳市,坪山区,114.327754,22.680851
1033,及第书画,科教文化服务,培训机构,培训机构,广东省,深圳市,坪山区,114.33094,22.676727
1034,童蕴学堂,科教文化服务,培训机构,培训机构,广东省,深圳市,坪山区,114.33082,22.677329
1035,点点帕思博教育,科教文化服务,培训机构,培训机构,广东省,深圳市,坪山区,114.330765,22.678082
1036,深圳弈源围棋道场,科教文化服务,培训机构,培训机构,广东省,深圳市,坪山区,114.334865,22.678256
1037,彩虹堂少儿艺术教育基地,科教文化服务,培训机构,培训机构,广东省,深圳市,坪山区,114.327792,22.680507
1038,起程教育,科教文化服务,培训机构,培训机构,广东省,深圳市,坪山区,114.342773,22.647665
1039,赵汝飞练字培训(葡萄酒城校区),科教文化服务,培训机构,培训机构,广东省,深圳市,坪山区,114.341246,22.651268
1040,吉他辅导,科教文化服务,培训机构,培训机构,广东省,深圳市,坪山区,114.34125,22.65128
1041,朗运教育京基校区,科教文化服务,培训机构,培训机构,广东省,深圳市,坪山区,114.330544,22.677291
1042,聚说不凡&艺加壹艺术,科教文化服务,培训机构,培训机构,广东省,深圳市,坪山区,114.33039,22.677279
1043,艺加壹钢琴艺术中心(东晟时代花园店),科教文化服务,培训机构,培训机构,广东省,深圳市,坪山区,114.327888,22.680725
1044,点睛教育(体育二路),科教文化服务,培训机构,培训机构,广东省,深圳市,坪山区,114.335593,22.677988
1045,皇家舞蹈,科教文化服务,培训机构,培训机构,广东省,深圳市,坪山区,114.334889,22.678249
1046,童画力高校区,科教文化服务,培训机构,培训机构,广东省,深圳市,坪山区,114.329252,22.677008
1047,启智乐高国际儿童创意中心,科教文化服务,培训机构,培训机构,广东省,深圳市,坪山区,114.334563,22.678348
1048,酷培AI智能学习体验中心(坪山中山店),科教文化服务,培训机构,培训机构,广东省,深圳市,坪山区,114.330632,22.678293
1049,卓越舞蹈培训中心,科教文化服务,培训机构,培训机构,广东省,深圳市,坪山区,114.338443,22.682676
1050,欣海少儿培训(御景校区),科教文化服务,培训机构,培训机构,广东省,深圳市,坪山区,114.333912,22.6757
1051,奇趣大语文,科教文化服务,培训机构,培训机构,广东省,深圳市,坪山区,114.335648,22.677761
1052,红杉树智能英语(中山分校),科教文化服务,培训机构,培训机构,广东省,深圳市,坪山区,114.334948,22.677482
1053,赵汝飞练字,科教文化服务,培训机构,培训机构,广东省,深圳市,坪山区,114.332538,22.675277
1054,小童大作艺术家园,科教文化服务,培训机构,培训机构,广东省,深圳市,坪山区,114.334013,22.675545
1055,贝比玛玛国际亲子俱乐部,科教文化服务,培训机构,培训机构,广东省,深圳市,坪山区,114.331694,22.675355
1056,院派儿童美术,科教文化服务,培训机构,培训机构,广东省,深圳市,坪山区,114.334969,22.676664
1057,深圳海关小梅沙教育培训基地,科教文化服务,培训机构,培训机构,广东省,深圳市,盐田区,114.333922,22.602883
1058,建行梅沙培训中心,科教文化服务,培训机构,培训机构,广东省,深圳市,盐田区,114.311862,22.599804
1059,珊瑚虫海洋文化教育基地,科教文化服务,培训机构,培训机构,广东省,深圳市,盐田区,114.314293,22.598924
1060,广东省企业诚信建设培训基地,科教文化服务,培训机构,培训机构,广东省,深圳市,盐田区,114.311878,22.598192
1061,深圳市思想政治工作研究会培训基地,科教文化服务,培训机构,培训机构,广东省,深圳市,盐田区,114.311862,22.598181
1062,深圳市罗湖区业余体校海上运动训练基地,科教文化服务,培训机构,培训机构,广东省,深圳市,盐田区,114.31212,22.598274
1063,皇家艺术培训学苑(京基校区),科教文化服务,培训机构,培训机构,广东省,深圳市,坪山区,114.335082,22.676296
1064,英翰教育培训中心,科教文化服务,培训机构,培训机构,广东省,深圳市,坪山区,114.330444,22.674996
1065,童悦优贝早教学苑,科教文化服务,培训机构,培训机构,广东省,深圳市,坪山区,114.334068,22.675378
1066,杰扬教育,科教文化服务,培训机构,培训机构,广东省,深圳市,坪山区,114.332786,22.674998
1067,星盟少儿英语(坪山校区),科教文化服务,培训机构,培训机构,广东省,深圳市,坪山区,114.330939,22.675307
1068,英皇艺术培训中心,科教文化服务,培训机构,培训机构,广东省,深圳市,坪山区,114.33203,22.674158
1069,小森林美育,科教文化服务,培训机构,培训机构,广东省,深圳市,坪山区,114.334639,22.689176
1070,童画美术教育连锁机构(坪山力高校区),科教文化服务,培训机构,培训机构,广东省,深圳市,坪山区,114.329369,22.67691
1071,易贝乐少儿英语(坪山京基校区),科教文化服务,培训机构,培训机构,广东省,深圳市,坪山区,114.335077,22.67697
1072,一鸣舞蹈,科教文化服务,培训机构,培训机构,广东省,深圳市,坪山区,114.328862,22.67474
1073,佛罗伦萨艺术绘画馆,科教文化服务,培训机构,培训机构,广东省,深圳市,坪山区,114.338628,22.68606
1074,富珺·未来城(坪山京基城),科教文化服务,培训机构,培训机构,广东省,深圳市,坪山区,114.331029,22.675162
1075,和心画室,科教文化服务,培训机构,培训机构,广东省,深圳市,坪山区,114.328989,22.674476
1076,舞蹈之星,科教文化服务,培训机构,培训机构,广东省,深圳市,坪山区,114.331957,22.674068
1077,奇趣作文,科教文化服务,培训机构,培训机构,广东省,深圳市,坪山区,114.33981,22.681893
1078,季石国际英语京基御景印象校区,科教文化服务,培训机构,培训机构,广东省,深圳市,坪山区,114.333377,22.675602
1079,郎菲莹芯艺术培训,科教文化服务,培训机构,培训机构,广东省,深圳市,坪山区,114.336692,22.691118
1080,星之梦舞蹈,科教文化服务,培训机构,培训机构,广东省,深圳市,坪山区,114.337614,22.690076
1081,欢笑儿童之家,科教文化服务,培训机构,培训机构,广东省,深圳市,龙岗区,114.315724,22.687981
1082,爱宝宝,科教文化服务,培训机构,培训机构,广东省,深圳市,坪山区,114.341049,22.689452
1083,欣海少儿培训,科教文化服务,培训机构,培训机构,广东省,深圳市,坪山区,114.342939,22.684466
1084,鹏展教育,科教文化服务,培训机构,培训机构,广东省,深圳市,坪山区,114.341583,22.688444
1085,思大学院(坪山校区),科教文化服务,培训机构,培训机构,广东省,深圳市,坪山区,114.345866,22.690118
1086,小马快跑国际教育,科教文化服务,培训机构,培训机构,广东省,深圳市,坪山区,114.338483,22.693457
1087,爱美.时尚培训,科教文化服务,培训机构,培训机构,广东省,深圳市,坪山区,114.323934,22.693012
1088,咏春堂,科教文化服务,培训机构,培训机构,广东省,深圳市,坪山区,114.344957,22.681792
1089,育伶艺术,科教文化服务,培训机构,培训机构,广东省,深圳市,坪山区,114.344006,22.67792
1090,深圳市回声音乐教育基地,科教文化服务,培训机构,培训机构,广东省,深圳市,坪山区,114.343989,22.677953
1091,SSD舞七街舞工作室,科教文化服务,培训机构,培训机构,广东省,深圳市,坪山区,114.338803,22.693932
1092,梦涵飞舞舞蹈培训中心,科教文化服务,培训机构,培训机构,广东省,深圳市,坪山区,114.346644,22.685872
1093,博龙教育(坪环路),科教文化服务,培训机构,培训机构,广东省,深圳市,坪山区,114.347974,22.684308
1094,极妍美妆教育,科教文化服务,培训机构,培训机构,广东省,深圳市,坪山区,114.33875,22.693798
1095,行知教育,科教文化服务,培训机构,培训机构,广东省,深圳市,坪山区,114.344094,22.687105
1096,萃智绘艺术创新体验空间,科教文化服务,培训机构,培训机构,广东省,深圳市,坪山区,114.349795,22.676286
1097,瑞德启蒙教育,科教文化服务,培训机构,培训机构,广东省,深圳市,坪山区,114.337986,22.694369
1098,宏禾教育,科教文化服务,培训机构,培训机构,广东省,深圳市,坪山区,114.338779,22.694032
1099,童学绘文化艺术培训中心,科教文化服务,培训机构,培训机构,广东省,深圳市,坪山区,114.345073,22.686461
1100,龙田墨香荟书画院,科教文化服务,培训机构,培训机构,广东省,深圳市,坪山区,114.37081,22.76007
1101,富裕高文化创意发展有限公司文艺培训中心,科教文化服务,培训机构,培训机构,广东省,深圳市,坪山区,114.370814,22.760077
1102,真功夫专业挖机培训,科教文化服务,培训机构,培训机构,广东省,深圳市,坪山区,114.364394,22.758792
1103,启航基地,科教文化服务,培训机构,培训机构,广东省,深圳市,坪山区,114.366831,22.761453
1104,深圳市启航综合素质拓展中心,科教文化服务,培训机构,培训机构,广东省,深圳市,坪山区,114.36675,22.762039
1105,环球培训学校,科教文化服务,培训机构,培训机构,广东省,深圳市,坪山区,114.369089,22.755228
1106,菲菲美容美发化妆美甲培训学校,科教文化服务,培训机构,培训机构,广东省,深圳市,坪山区,114.369987,22.755026
1107,樊登读书·明德通服务中心,科教文化服务,培训机构,培训机构,广东省,深圳市,坪山区,114.368392,22.731301
1108,坪山滑启轮滑培训中心,科教文化服务,培训机构,培训机构,广东省,深圳市,坪山区,114.358982,22.726529
1109,棋苑文化,科教文化服务,培训机构,培训机构,广东省,深圳市,坪山区,114.371079,22.73625
1110,飞扬艺术中心,科教文化服务,培训机构,培训机构,广东省,深圳市,坪山区,114.371226,22.735347
1111,筝韵古筝,科教文化服务,培训机构,培训机构,广东省,深圳市,坪山区,114.384495,22.726884
1112,文博教育,科教文化服务,培训机构,培训机构,广东省,深圳市,坪山区,114.37087,22.736113
1113,树先生教育(嘉邻中心),科教文化服务,培训机构,培训机构,广东省,深圳市,坪山区,114.383429,22.730922
1114,蓝翔电脑培训,科教文化服务,培训机构,培训机构,广东省,深圳市,坪山区,114.369401,22.683395
1115,众美教育,科教文化服务,培训机构,培训机构,广东省,深圳市,坪山区,114.3698,22.684643
1116,德派演说基地,科教文化服务,培训机构,培训机构,广东省,深圳市,坪山区,114.370217,22.686607
1117,赛雅午托中心,科教文化服务,培训机构,培训机构,广东省,深圳市,坪山区,114.378521,22.689176
1118,聚英才力资源,科教文化服务,培训机构,培训机构,广东省,深圳市,坪山区,114.381065,22.687785
1119,亮典艺术中心,科教文化服务,培训机构,培训机构,广东省,深圳市,坪山区,114.37937,22.69037
1120,新圃艺术(坪山分校),科教文化服务,培训机构,培训机构,广东省,深圳市,坪山区,114.363164,22.690382
1121,YC街舞培训,科教文化服务,培训机构,培训机构,广东省,深圳市,坪山区,114.361638,22.689516
1122,星辉艺术中心,科教文化服务,培训机构,培训机构,广东省,深圳市,坪山区,114.380593,22.691213
1123,中华艺道院,科教文化服务,培训机构,培训机构,广东省,深圳市,坪山区,114.358834,22.688142
1124,华方艺术中心,科教文化服务,培训机构,培训机构,广东省,深圳市,坪山区,114.355711,22.685288
1125,云彩绘,科教文化服务,培训机构,培训机构,广东省,深圳市,坪山区,114.356038,22.688247
1126,墨艺轩书法培训,科教文化服务,培训机构,培训机构,广东省,深圳市,坪山区,114.352547,22.681913
1127,德馨文化,科教文化服务,培训机构,培训机构,广东省,深圳市,坪山区,114.351591,22.683726
1128,玫瑰海岸拓展基地,科教文化服务,培训机构,培训机构,广东省,深圳市,龙岗区,114.375523,22.608971
1129,深圳市新思味餐饮培训学校,科教文化服务,培训机构,培训机构,广东省,深圳市,坪山区,114.384429,22.742821
1130,深圳市陈志强太极拳推广中心(悟园太极学堂),科教文化服务,培训机构,培训机构,广东省,深圳市,坪山区,114.378264,22.741882
1131,洛可可艺术文化培训,科教文化服务,培训机构,培训机构,广东省,深圳市,坪山区,114.400108,22.753259
1132,J·CHOPIN艺术培训,科教文化服务,培训机构,培训机构,广东省,深圳市,坪山区,114.399934,22.753434
1133,乐之培训,科教文化服务,培训机构,培训机构,广东省,深圳市,龙岗区,114.405316,22.636967
1134,天恩教育,科教文化服务,培训机构,培训机构,广东省,深圳市,龙岗区,114.40492,22.63691
1135,领鹰教育,科教文化服务,培训机构,培训机构,广东省,深圳市,龙岗区,114.408697,22.634285
1136,未来教育学园,科教文化服务,培训机构,培训机构,广东省,深圳市,龙岗区,114.406859,22.634981
1137,墨典书画培训,科教文化服务,培训机构,培训机构,广东省,深圳市,龙岗区,114.401944,22.637283
1138,乐派英语(葵涌店),科教文化服务,培训机构,培训机构,广东省,深圳市,龙岗区,114.401521,22.637822
1139,天恩美育家园,科教文化服务,培训机构,培训机构,广东省,深圳市,龙岗区,114.401377,22.637888
1140,米格画室,科教文化服务,培训机构,培训机构,广东省,深圳市,龙岗区,114.417418,22.632554
1141,智慧语言少儿培训中心(坝光店),科教文化服务,培训机构,培训机构,广东省,深圳市,龙岗区,114.401353,22.637939
1142,博兴文化艺术培训中心,科教文化服务,培训机构,培训机构,广东省,深圳市,龙岗区,114.422856,22.634281
1143,乐树林艺术培训中心,科教文化服务,培训机构,培训机构,广东省,深圳市,龙岗区,114.416987,22.631408
1144,GANOR·佳诺国际托育中心,科教文化服务,培训机构,培训机构,广东省,深圳市,龙岗区,114.414514,22.630863
1145,小天鹅艺术培训中心,科教文化服务,培训机构,培训机构,广东省,深圳市,龙岗区,114.41855,22.630833
1146,深圳市现代润泽教育有限公司,科教文化服务,培训机构,培训机构,广东省,深圳市,龙岗区,114.418115,22.632626
1147,深圳国音艺术培训中心,科教文化服务,培训机构,培训机构,广东省,深圳市,龙岗区,114.415752,22.62939
1148,小天鹅办公室,科教文化服务,培训机构,培训机构,广东省,深圳市,龙岗区,114.418678,22.630859
1149,小博仕艺术吧,科教文化服务,培训机构,培训机构,广东省,深圳市,龙岗区,114.424805,22.632715
1150,青松教育,科教文化服务,培训机构,培训机构,广东省,深圳市,龙岗区,114.419519,22.628384
1151,涂贝贝少儿美术,科教文化服务,培训机构,培训机构,广东省,深圳市,龙岗区,114.425427,22.633437
1152,童艺梦小天鹅艺术教育（葵涌分校）,科教文化服务,培训机构,培训机构,广东省,深圳市,龙岗区,114.418622,22.630914
1153,兰慕文化,科教文化服务,培训机构,培训机构,广东省,深圳市,龙岗区,114.416742,22.626953
1154,星海学苑琴行,科教文化服务,培训机构,培训机构,广东省,深圳市,龙岗区,114.425381,22.633436
1155,祝博士学习吧(龙岗葵涌校区),科教文化服务,培训机构,培训机构,广东省,深圳市,龙岗区,114.424632,22.632922
1156,中共深圳市委党校大鹏新区教学点,科教文化服务,培训机构,培训机构,广东省,深圳市,龙岗区,114.424665,22.634685
1157,新起点流行舞培训,科教文化服务,培训机构,培训机构,广东省,深圳市,龙岗区,114.420204,22.626965
1158,向日葵美术培训中心,科教文化服务,培训机构,培训机构,广东省,深圳市,龙岗区,114.425862,22.63105
1159,深圳市大鹏新区党员干部教育培训中心,科教文化服务,培训机构,培训机构,广东省,深圳市,龙岗区,114.424452,22.634457
1160,满分童中小学课外辅导幼儿早教,科教文化服务,培训机构,培训机构,广东省,深圳市,龙岗区,114.425961,22.633504
1161,艺萌艺术中心,科教文化服务,培训机构,培训机构,广东省,深圳市,龙岗区,114.4258,22.627472
1162,格里格文化艺术培训,科教文化服务,培训机构,培训机构,广东省,深圳市,龙岗区,114.429569,22.633979
1163,FREE琴行,科教文化服务,培训机构,培训机构,广东省,深圳市,龙岗区,114.434705,22.631313
1164,黄埔青少年训练基地,科教文化服务,培训机构,培训机构,广东省,深圳市,龙岗区,114.436407,22.616122
1165,深圳市综合素养实践教育基地,科教文化服务,培训机构,培训机构,广东省,深圳市,龙岗区,114.436396,22.616078
1166,模范好少年实践教育基地,科教文化服务,培训机构,培训机构,广东省,深圳市,龙岗区,114.436522,22.616052
1167,深圳星界国际教育基地学校,科教文化服务,培训机构,培训机构,广东省,深圳市,龙岗区,114.436392,22.616156
1168,深圳市智尚拓展培训公司培训基地,科教文化服务,培训机构,培训机构,广东省,深圳市,龙岗区,114.436544,22.616362
1169,博乐思教育研究与指导中心培训基地,科教文化服务,培训机构,培训机构,广东省,深圳市,龙岗区,114.436381,22.616137
1170,梅山功夫馆,科教文化服务,培训机构,培训机构,广东省,深圳市,龙岗区,114.481832,22.595724
1171,新苗书画教育,科教文化服务,培训机构,培训机构,广东省,深圳市,龙岗区,114.481416,22.595963
1172,艺境美术工坊,科教文化服务,培训机构,培训机构,广东省,深圳市,龙岗区,114.48151,22.597379
1173,大鹏学优教育,科教文化服务,培训机构,培训机构,广东省,深圳市,龙岗区,114.481848,22.595708
1174,启点文艺培训,科教文化服务,培训机构,培训机构,广东省,深圳市,龙岗区,114.481437,22.595951
1175,艺堡舞蹈文化艺术,科教文化服务,培训机构,培训机构,广东省,深圳市,龙岗区,114.480852,22.595813
1176,萤火虫美术室,科教文化服务,培训机构,培训机构,广东省,深圳市,龙岗区,114.481243,22.595467
1177,萤火星光艺术,科教文化服务,培训机构,培训机构,广东省,深圳市,龙岗区,114.481562,22.595261
1178,小天鹅艺术教育,科教文化服务,培训机构,培训机构,广东省,深圳市,龙岗区,114.481857,22.595697
1179,博龙教育(大鹏校区),科教文化服务,培训机构,培训机构,广东省,深圳市,龙岗区,114.48169,22.595786
1180,思达英语,科教文化服务,培训机构,培训机构,广东省,深圳市,龙岗区,114.481103,22.595558
1181,YB·DANCE,科教文化服务,培训机构,培训机构,广东省,深圳市,龙岗区,114.481001,22.595762
1182,艺堡舞蹈,科教文化服务,培训机构,培训机构,广东省,深圳市,龙岗区,114.48084,22.595713
1183,菁英·儿童之家,科教文化服务,培训机构,培训机构,广东省,深圳市,龙岗区,114.481327,22.595468
1184,大鹏乐高教育体验中心,科教文化服务,培训机构,培训机构,广东省,深圳市,龙岗区,114.481132,22.595926
1185,本然音乐坊(中山路店),科教文化服务,培训机构,培训机构,广东省,深圳市,龙岗区,114.483371,22.592601
1186,创和教育,科教文化服务,培训机构,培训机构,广东省,深圳市,龙岗区,114.478857,22.596428
1187,去玩吧营地教育,科教文化服务,培训机构,培训机构,广东省,深圳市,龙岗区,114.489145,22.561848
1188,去玩吧营地教育,科教文化服务,培训机构,培训机构,广东省,深圳市,龙岗区,114.495758,22.563347
1189,大鹏民宿与文创培训学院,科教文化服务,培训机构,培训机构,广东省,深圳市,龙岗区,114.485905,22.576643
1190,农银大学培训中心,科教文化服务,培训机构,培训机构,广东省,深圳市,龙岗区,114.482537,22.545303
1191,中国农业银行深圳市分行南澳培训中心,科教文化服务,培训机构,培训机构,广东省,深圳市,龙岗区,114.482228,22.545644
1192,新航教育(大鹏佳兆业广场),科教文化服务,培训机构,培训机构,广东省,深圳市,龙岗区,114.473615,22.59383
1193,英国天线宝宝早教(大鹏佳兆业广场店),科教文化服务,培训机构,培训机构,广东省,深圳市,龙岗区,114.475327,22.594144
1194,德诚教育咨询工作室,科教文化服务,培训机构,培训机构,广东省,深圳市,龙岗区,114.511304,22.594421
1195,态度体育培训中心,科教文化服务,培训机构,培训机构,广东省,深圳市,龙岗区,114.476947,22.587982
1196,熙丹艺术中心,科教文化服务,培训机构,培训机构,广东省,深圳市,龙岗区,114.50998,22.590738
1197,深圳帆协南澳航海运动训练基地,科教文化服务,培训机构,培训机构,广东省,深圳市,龙岗区,114.489813,22.529917
1198,明思钢琴古筝培训中心,科教文化服务,培训机构,培训机构,广东省,深圳市,龙岗区,114.492965,22.533279
1199,艺堡舞蹈,科教文化服务,培训机构,培训机构,广东省,深圳市,龙岗区,114.492703,22.535593
1200,启悦艺术,科教文化服务,培训机构,培训机构,广东省,深圳市,龙岗区,114.493268,22.535767
1201,优品教育,科教文化服务,培训机构,培训机构,广东省,深圳市,龙岗区,114.493312,22.535785
1202,优品教育,科教文化服务,培训机构,培训机构,广东省,深圳市,龙岗区,114.493174,22.53574
1203,深圳市永鸿拓展培训有限公司,科教文化服务,培训机构,培训机构,广东省,深圳市,龙岗区,114.524274,22.591374
1204,杭州老鹰画室(深圳校区),科教文化服务,培训机构,培训机构,广东省,深圳市,龙岗区,114.520019,22.59183
1205,七星湾团建拓展学院,科教文化服务,培训机构,培训机构,广东省,深圳市,龙岗区,114.537431,22.562954
1206,追浪东山·潜水中心,科教文化服务,培训机构,培训机构,广东省,深圳市,龙岗区,114.528878,22.55536
1207,战狼拓展团建培训学院(七星湾店),科教文化服务,培训机构,培训机构,广东省,深圳市,龙岗区,114.540393,22.565215
1208,康瘦堂训练营,科教文化服务,培训机构,培训机构,广东省,深圳市,龙岗区,114.537285,22.485734
1209,深圳海缘潜水PADI五星教练发展中心,科教文化服务,培训机构,培训机构,广东省,深圳市,龙岗区,114.559125,22.554455
