,金都汇,生活服务,洗浴推拿场所,洗浴推拿场所.1,广东省,深圳市,宝安区,113.784945,22.716002
0,中康养生坊,生活服务,洗浴推拿场所,洗浴推拿场所,广东省,深圳市,宝安区,113.78568,22.717301
1,皇家沐足,生活服务,洗浴推拿场所,洗浴推拿场所,广东省,深圳市,宝安区,113.785728,22.718282
2,万氏正骨理疗养生馆,生活服务,洗浴推拿场所,洗浴推拿场所,广东省,深圳市,宝安区,113.785561,22.71784
3,金玉汇休闲中心,生活服务,洗浴推拿场所,洗浴推拿场所,广东省,深圳市,宝安区,113.784876,22.715949
4,鑫玉馨休闲会所,生活服务,洗浴推拿场所,洗浴推拿场所,广东省,深圳市,宝安区,113.784873,22.717469
5,聚鑫港休闲都会,生活服务,洗浴推拿场所,洗浴推拿场所,广东省,深圳市,宝安区,113.786308,22.689022
6,福来足道,生活服务,洗浴推拿场所,洗浴推拿场所,广东省,深圳市,宝安区,113.78469,22.688423
7,沐足理疗养生,生活服务,洗浴推拿场所,洗浴推拿场所,广东省,深圳市,宝安区,113.785157,22.688268
8,贵足足浴堂,生活服务,洗浴推拿场所,洗浴推拿场所,广东省,深圳市,宝安区,113.81144,22.758808
9,仕军理疗,生活服务,洗浴推拿场所,洗浴推拿场所,广东省,深圳市,宝安区,113.811356,22.758611
10,瑶厢阁康足坊(深圳总店),生活服务,洗浴推拿场所,洗浴推拿场所,广东省,深圳市,宝安区,113.809602,22.759422
11,西湖畔月休闲会所,生活服务,洗浴推拿场所,洗浴推拿场所,广东省,深圳市,宝安区,113.809442,22.757627
12,彩腾远足浴健康屋,生活服务,洗浴推拿场所,洗浴推拿场所,广东省,深圳市,宝安区,113.80777,22.759722
13,玖兴休闲会所,生活服务,洗浴推拿场所,洗浴推拿场所,广东省,深圳市,宝安区,113.802432,22.745069
14,宝丰休闲会所,生活服务,洗浴推拿场所,洗浴推拿场所,广东省,深圳市,宝安区,113.809924,22.722615
15,海天会所,生活服务,洗浴推拿场所,洗浴推拿场所,广东省,深圳市,宝安区,113.805655,22.723679
16,黄金海岸商务会所,生活服务,洗浴推拿场所,洗浴推拿场所,广东省,深圳市,宝安区,113.826455,22.727069
17,鑫雨宝丰休闲会所,生活服务,洗浴推拿场所,洗浴推拿场所,广东省,深圳市,宝安区,113.809978,22.722578
18,金色榴莲足浴保健城,生活服务,洗浴推拿场所,洗浴推拿场所,广东省,深圳市,宝安区,113.80823,22.722637
19,嘉春养生按摩拔罐洗脚店,生活服务,洗浴推拿场所,洗浴推拿场所,广东省,深圳市,宝安区,113.808302,22.719822
20,悦晴男子养生SPA保健按摩,生活服务,洗浴推拿场所,洗浴推拿场所,广东省,深圳市,宝安区,113.80634,22.72371
21,经通天下能量经络养生会所,生活服务,洗浴推拿场所,洗浴推拿场所,广东省,深圳市,宝安区,113.816073,22.719121
22,星雨阁会所,生活服务,洗浴推拿场所,洗浴推拿场所,广东省,深圳市,宝安区,113.806786,22.7259
23,金桔子保健城,生活服务,洗浴推拿场所,洗浴推拿场所,广东省,深圳市,宝安区,113.801573,22.677268
24,大唐足道(福永店),生活服务,洗浴推拿场所,洗浴推拿场所,广东省,深圳市,宝安区,113.822242,22.670466
25,红敏沐足,生活服务,洗浴推拿场所,洗浴推拿场所,广东省,深圳市,宝安区,113.806864,22.684901
26,永康盲人按摩,生活服务,洗浴推拿场所,洗浴推拿场所,广东省,深圳市,宝安区,113.806501,22.685871
27,鸿柏足道养生馆,生活服务,洗浴推拿场所,洗浴推拿场所,广东省,深圳市,宝安区,113.810074,22.689078
28,华丽娱乐会所,生活服务,洗浴推拿场所,洗浴推拿场所,广东省,深圳市,宝安区,113.811172,22.673383
29,福康源推拿足疗馆,生活服务,洗浴推拿场所,洗浴推拿场所,广东省,深圳市,宝安区,113.82189,22.652163
30,景顺商务酒店-休闲中心,生活服务,洗浴推拿场所,洗浴推拿场所,广东省,深圳市,宝安区,113.822476,22.657769
31,月亮海休闲会所,生活服务,洗浴推拿场所,洗浴推拿场所,广东省,深圳市,宝安区,113.823727,22.651852
32,罗氏足艺堂,生活服务,洗浴推拿场所,洗浴推拿场所,广东省,深圳市,宝安区,113.824914,22.650674
33,鑫足养生馆,生活服务,洗浴推拿场所,洗浴推拿场所,广东省,深圳市,宝安区,113.823742,22.650541
34,杨州足道,生活服务,洗浴推拿场所,洗浴推拿场所,广东省,深圳市,宝安区,113.82177,22.652538
35,沐足推拿,生活服务,洗浴推拿场所,洗浴推拿场所,广东省,深圳市,宝安区,113.823839,22.651754
36,浪漫时光足浴养生,生活服务,洗浴推拿场所,洗浴推拿场所,广东省,深圳市,宝安区,113.824471,22.668304
37,御足堂(下十围分店),生活服务,洗浴推拿场所,洗浴推拿场所,广东省,深圳市,宝安区,113.825316,22.650012
38,舒心足浴,生活服务,洗浴推拿场所,洗浴推拿场所,广东省,深圳市,宝安区,113.826298,22.649291
39,金拇指中医推拿艾灸养生堂,生活服务,洗浴推拿场所,洗浴推拿场所,广东省,深圳市,宝安区,113.816275,22.658066
40,慈淼中医推拿(机场东下十围店),生活服务,洗浴推拿场所,洗浴推拿场所,广东省,深圳市,宝安区,113.824989,22.65037
41,金色桔园养生园,生活服务,洗浴推拿场所,洗浴推拿场所,广东省,深圳市,宝安区,113.846218,22.802951
42,古法筋骨推拿,生活服务,洗浴推拿场所,洗浴推拿场所,广东省,深圳市,宝安区,113.858068,22.803019
43,安然纳米汗蒸养生馆(广田路),生活服务,洗浴推拿场所,洗浴推拿场所,广东省,深圳市,宝安区,113.858903,22.803553
44,周丽丽,生活服务,洗浴推拿场所,洗浴推拿场所,广东省,深圳市,宝安区,113.844421,22.799589
45,足之道,生活服务,洗浴推拿场所,洗浴推拿场所,广东省,深圳市,宝安区,113.844497,22.799347
46,祥兴盲人推拿,生活服务,洗浴推拿场所,洗浴推拿场所,广东省,深圳市,宝安区,113.853646,22.762848
47,缤纷水疗会所(松岗店),生活服务,洗浴推拿场所,洗浴推拿场所,广东省,深圳市,宝安区,113.854296,22.761774
48,德舒堂影院式足道·SPA(松岗店),生活服务,洗浴推拿场所,洗浴推拿场所,广东省,深圳市,宝安区,113.853302,22.762405
49,富源情休闲会所,生活服务,洗浴推拿场所,洗浴推拿场所,广东省,深圳市,宝安区,113.847926,22.76714
50,威尼斯水疗会,生活服务,洗浴推拿场所,洗浴推拿场所,广东省,深圳市,宝安区,113.851831,22.764761
51,爱琴海休闲会所(东方大道),生活服务,洗浴推拿场所,洗浴推拿场所,广东省,深圳市,宝安区,113.846657,22.762867
52,汉仁宫养生坊(松岗店),生活服务,洗浴推拿场所,洗浴推拿场所,广东省,深圳市,宝安区,113.852714,22.764481
53,康达推拿馆,生活服务,洗浴推拿场所,洗浴推拿场所,广东省,深圳市,宝安区,113.855035,22.765288
54,佳丽沐足,生活服务,洗浴推拿场所,洗浴推拿场所,广东省,深圳市,宝安区,113.849321,22.721352
55,新祥和会所,生活服务,洗浴推拿场所,洗浴推拿场所,广东省,深圳市,宝安区,113.849603,22.716868
56,铭都上南酒店休闲会所,生活服务,洗浴推拿场所,洗浴推拿场所,广东省,深圳市,宝安区,113.840265,22.720241
57,清枫御足,生活服务,洗浴推拿场所,洗浴推拿场所,广东省,深圳市,宝安区,113.846212,22.720162
58,金贵足休闲会所,生活服务,洗浴推拿场所,洗浴推拿场所,广东省,深圳市,宝安区,113.857909,22.719513
59,古功夫肩颈(美珀莱),生活服务,洗浴推拿场所,洗浴推拿场所,广东省,深圳市,宝安区,113.844545,22.719641
60,好歌星沐足,生活服务,洗浴推拿场所,洗浴推拿场所,广东省,深圳市,宝安区,113.840667,22.721427
61,歌舞沐足,生活服务,洗浴推拿场所,洗浴推拿场所,广东省,深圳市,宝安区,113.85819,22.719616
62,仙乐足浴城,生活服务,洗浴推拿场所,洗浴推拿场所,广东省,深圳市,宝安区,113.846754,22.711151
63,水榭凤凰,生活服务,洗浴推拿场所,洗浴推拿场所,广东省,深圳市,宝安区,113.843541,22.685511
64,皇庭沐足,生活服务,洗浴推拿场所,洗浴推拿场所,广东省,深圳市,宝安区,113.843419,22.685508
65,丹兰汗蒸养生馆,生活服务,洗浴推拿场所,洗浴推拿场所,广东省,深圳市,宝安区,113.839352,22.686331
66,可暧理疗中心,生活服务,洗浴推拿场所,洗浴推拿场所,广东省,深圳市,宝安区,113.839678,22.686404
67,顺康筋骨理疗中心,生活服务,洗浴推拿场所,洗浴推拿场所,广东省,深圳市,宝安区,113.841091,22.689279
68,陕南足道,生活服务,洗浴推拿场所,洗浴推拿场所,广东省,深圳市,宝安区,113.838481,22.688567
69,碧波庭养生馆(凤凰店),生活服务,洗浴推拿场所,洗浴推拿场所,广东省,深圳市,宝安区,113.838456,22.688577
70,鸿运生大众足浴(九围五店),生活服务,洗浴推拿场所,洗浴推拿场所,广东省,深圳市,宝安区,113.862092,22.644355
71,瑶厢阁康足坊,生活服务,洗浴推拿场所,洗浴推拿场所,广东省,深圳市,宝安区,113.862843,22.645849
72,鑫三和休闲会所,生活服务,洗浴推拿场所,洗浴推拿场所,广东省,深圳市,宝安区,113.86447,22.643991
73,南国水岸国际水会,生活服务,洗浴推拿场所,洗浴推拿场所,广东省,深圳市,宝安区,113.856993,22.611174
74,中医理疗美容养生馆,生活服务,洗浴推拿场所,洗浴推拿场所,广东省,深圳市,宝安区,113.851328,22.602785
75,刮痧拔罐(固戍店),生活服务,洗浴推拿场所,洗浴推拿场所,广东省,深圳市,宝安区,113.850692,22.602715
76,颐萃堂,生活服务,洗浴推拿场所,洗浴推拿场所,广东省,深圳市,宝安区,113.850712,22.602702
77,金丽足疗,生活服务,洗浴推拿场所,洗浴推拿场所,广东省,深圳市,宝安区,113.852647,22.602754
78,圣汇理疗馆(固戍二路第二分店),生活服务,洗浴推拿场所,洗浴推拿场所,广东省,深圳市,宝安区,113.851789,22.603
79,鑫春雨养生馆,生活服务,洗浴推拿场所,洗浴推拿场所,广东省,深圳市,宝安区,113.853099,22.600971
80,御福园K歌足浴按摩,生活服务,洗浴推拿场所,洗浴推拿场所,广东省,深圳市,宝安区,113.850999,22.599078
81,希雅童小儿推拿健康调理中心,生活服务,洗浴推拿场所,洗浴推拿场所,广东省,深圳市,宝安区,113.850961,22.602829
82,回春推拿,生活服务,洗浴推拿场所,洗浴推拿场所,广东省,深圳市,宝安区,113.850166,22.603402
83,海琴湾休闲会所,生活服务,洗浴推拿场所,洗浴推拿场所,广东省,深圳市,宝安区,113.850725,22.59865
84,千里足道,生活服务,洗浴推拿场所,洗浴推拿场所,广东省,深圳市,宝安区,113.853614,22.60161
85,汉氏足道(千足缘店),生活服务,洗浴推拿场所,洗浴推拿场所,广东省,深圳市,宝安区,113.853622,22.600554
86,舒心足浴,生活服务,洗浴推拿场所,洗浴推拿场所,广东省,深圳市,宝安区,113.853658,22.600556
87,金宝休闲会所,生活服务,洗浴推拿场所,洗浴推拿场所,广东省,深圳市,宝安区,113.850233,22.598161
88,一心采耳(固戍店),生活服务,洗浴推拿场所,洗浴推拿场所,广东省,深圳市,宝安区,113.851655,22.604249
89,罗氏中医推拿(固戍店),生活服务,洗浴推拿场所,洗浴推拿场所,广东省,深圳市,宝安区,113.847465,22.602524
90,张老足底(富通城店),生活服务,洗浴推拿场所,洗浴推拿场所,广东省,深圳市,宝安区,113.854334,22.567918
91,足音坊,生活服务,洗浴推拿场所,洗浴推拿场所,广东省,深圳市,宝安区,113.854737,22.568883
92,健合盲人按摩(富通城店),生活服务,洗浴推拿场所,洗浴推拿场所,广东省,深圳市,宝安区,113.854322,22.569212
93,宝利堂健康调理中心,生活服务,洗浴推拿场所,洗浴推拿场所,广东省,深圳市,宝安区,113.855797,22.56769
94,舒雅养生馆(悦和路店),生活服务,洗浴推拿场所,洗浴推拿场所,广东省,深圳市,宝安区,113.85711,22.569708
95,霖鹏足道,生活服务,洗浴推拿场所,洗浴推拿场所,广东省,深圳市,宝安区,113.857191,22.56964
96,月亮湾休闲会所(宝源路),生活服务,洗浴推拿场所,洗浴推拿场所,广东省,深圳市,宝安区,113.86441,22.567841
97,和本堂中医推拿,生活服务,洗浴推拿场所,洗浴推拿场所,广东省,深圳市,宝安区,113.858124,22.570798
98,妙手盲人中医按摩,生活服务,洗浴推拿场所,洗浴推拿场所,广东省,深圳市,宝安区,113.860505,22.564213
99,紫阳专业修脚房,生活服务,洗浴推拿场所,洗浴推拿场所,广东省,深圳市,宝安区,113.85706,22.570313
100,喜艾养生馆,生活服务,洗浴推拿场所,洗浴推拿场所,广东省,深圳市,宝安区,113.858393,22.570769
101,昌利盲人穴位推拿,生活服务,洗浴推拿场所,洗浴推拿场所,广东省,深圳市,宝安区,113.862823,22.568942
102,汉鼎休闲中心,生活服务,洗浴推拿场所,洗浴推拿场所,广东省,深圳市,宝安区,113.862734,22.569072
103,金海港休闲会所,生活服务,洗浴推拿场所,洗浴推拿场所,广东省,深圳市,宝安区,113.870663,22.579376
104,水雨轩,生活服务,洗浴推拿场所,洗浴推拿场所,广东省,深圳市,宝安区,113.863763,22.562337
105,百顺养生坊(西乡店),生活服务,洗浴推拿场所,洗浴推拿场所,广东省,深圳市,宝安区,113.868395,22.565015
106,康盛源按摩养生中心,生活服务,洗浴推拿场所,洗浴推拿场所,广东省,深圳市,宝安区,113.863898,22.562885
107,百年御足馆(宝源店),生活服务,洗浴推拿场所,洗浴推拿场所,广东省,深圳市,宝安区,113.866568,22.567283
108,昌利穴位推拿,生活服务,洗浴推拿场所,洗浴推拿场所,广东省,深圳市,宝安区,113.862821,22.568932
109,和本堂中医推拿,生活服务,洗浴推拿场所,洗浴推拿场所,广东省,深圳市,宝安区,113.869618,22.579541
110,大汉养生馆,生活服务,洗浴推拿场所,洗浴推拿场所,广东省,深圳市,宝安区,113.860838,22.570871
111,养生按摩,生活服务,洗浴推拿场所,洗浴推拿场所,广东省,深圳市,光明区,113.891347,22.800364
112,瑶厢阁康足坊,生活服务,洗浴推拿场所,洗浴推拿场所,广东省,深圳市,光明区,113.888524,22.800459
113,妙方智能足道养生坊,生活服务,洗浴推拿场所,洗浴推拿场所,广东省,深圳市,光明区,113.892557,22.765389
114,金全推拿馆,生活服务,洗浴推拿场所,洗浴推拿场所,广东省,深圳市,光明区,113.89216,22.765175
115,正元足道养生馆,生活服务,洗浴推拿场所,洗浴推拿场所,广东省,深圳市,光明区,113.8984,22.764347
116,草苞中医理疗,生活服务,洗浴推拿场所,洗浴推拿场所,广东省,深圳市,光明区,113.895965,22.718008
117,盛海足道,生活服务,洗浴推拿场所,洗浴推拿场所,广东省,深圳市,光明区,113.895873,22.717668
118,经络美容养生馆,生活服务,洗浴推拿场所,洗浴推拿场所,广东省,深圳市,光明区,113.896062,22.717657
119,茜茜鑫足阁,生活服务,洗浴推拿场所,洗浴推拿场所,广东省,深圳市,光明区,113.893256,22.715836
120,幸运足浴,生活服务,洗浴推拿场所,洗浴推拿场所,广东省,深圳市,光明区,113.892236,22.715273
121,御之堂养生馆,生活服务,洗浴推拿场所,洗浴推拿场所,广东省,深圳市,光明区,113.898327,22.7189
122,兰兰养生馆,生活服务,洗浴推拿场所,洗浴推拿场所,广东省,深圳市,光明区,113.89916,22.719523
123,鹤强修脚店,生活服务,洗浴推拿场所,洗浴推拿场所,广东省,深圳市,光明区,113.898725,22.718465
124,盲人推拿,生活服务,洗浴推拿场所,洗浴推拿场所,广东省,深圳市,宝安区,113.889918,22.666578
125,百岁堂足浴按摩,生活服务,洗浴推拿场所,洗浴推拿场所,广东省,深圳市,宝安区,113.885534,22.601026
126,佰旺足道,生活服务,洗浴推拿场所,洗浴推拿场所,广东省,深圳市,宝安区,113.887618,22.600077
127,百姓养生理疗馆,生活服务,洗浴推拿场所,洗浴推拿场所,广东省,深圳市,宝安区,113.888052,22.601103
128,新安闫氏保健按摩馆,生活服务,洗浴推拿场所,洗浴推拿场所,广东省,深圳市,宝安区,113.891217,22.563127
129,彭世修脚(翻身店),生活服务,洗浴推拿场所,洗浴推拿场所,广东省,深圳市,宝安区,113.893371,22.562454
130,张老足底(中心区店),生活服务,洗浴推拿场所,洗浴推拿场所,广东省,深圳市,宝安区,113.879598,22.563122
131,海浪休闲会所,生活服务,洗浴推拿场所,洗浴推拿场所,广东省,深圳市,宝安区,113.896392,22.557176
132,古功夫肩颈(百莲凯南山店),生活服务,洗浴推拿场所,洗浴推拿场所,广东省,深圳市,宝安区,113.890321,22.562199
133,伊香园休闲会所(罗田路),生活服务,洗浴推拿场所,洗浴推拿场所,广东省,深圳市,宝安区,113.883082,22.562126
134,足艺王足道,生活服务,洗浴推拿场所,洗浴推拿场所,广东省,深圳市,宝安区,113.888468,22.559678
135,郑远元专业修脚房,生活服务,洗浴推拿场所,洗浴推拿场所,广东省,深圳市,宝安区,113.888434,22.564058
136,彭世修脚(广隆阁店),生活服务,洗浴推拿场所,洗浴推拿场所,广东省,深圳市,宝安区,113.888699,22.564101
137,风采休闲会馆,生活服务,洗浴推拿场所,洗浴推拿场所,广东省,深圳市,宝安区,113.892792,22.561941
138,韩蒸天下汗蒸馆,生活服务,洗浴推拿场所,洗浴推拿场所,广东省,深圳市,宝安区,113.891817,22.556191
139,肖氏推拿馆,生活服务,洗浴推拿场所,洗浴推拿场所,广东省,深圳市,宝安区,113.888578,22.564528
140,林家女孩(翻身店),生活服务,洗浴推拿场所,洗浴推拿场所,广东省,深圳市,宝安区,113.894251,22.559329
141,汉仁宫养生坊(宝安店),生活服务,洗浴推拿场所,洗浴推拿场所,广东省,深圳市,宝安区,113.889809,22.558096
142,海旺社康针灸推拿室,生活服务,洗浴推拿场所,洗浴推拿场所,广东省,深圳市,宝安区,113.889713,22.559347
143,海浪休闲会所养生坊,生活服务,洗浴推拿场所,洗浴推拿场所,广东省,深圳市,南山区,113.88458,22.519037
144,济民堂推拿(南山店),生活服务,洗浴推拿场所,洗浴推拿场所,广东省,深圳市,南山区,113.904426,22.511139
145,手功夫国医馆(诺德店),生活服务,洗浴推拿场所,洗浴推拿场所,广东省,深圳市,南山区,113.903975,22.509535
146,创新足专业修脚房,生活服务,洗浴推拿场所,洗浴推拿场所,广东省,深圳市,南山区,113.904008,22.510912
147,尚伊美美容美甲SPA,生活服务,洗浴推拿场所,洗浴推拿场所,广东省,深圳市,南山区,113.904092,22.510838
148,月河湾会所,生活服务,洗浴推拿场所,洗浴推拿场所,广东省,深圳市,南山区,113.888594,22.478484
149,一方缘会所,生活服务,洗浴推拿场所,洗浴推拿场所,广东省,深圳市,南山区,113.888518,22.478541
150,悦会所,生活服务,洗浴推拿场所,洗浴推拿场所,广东省,深圳市,南山区,113.894059,22.487697
151,朋来足浴,生活服务,洗浴推拿场所,洗浴推拿场所,广东省,深圳市,南山区,113.888755,22.493586
152,鑫鑫源,生活服务,洗浴推拿场所,洗浴推拿场所,广东省,深圳市,光明区,113.930817,22.786027
153,御海皇都休闲会所,生活服务,洗浴推拿场所,洗浴推拿场所,广东省,深圳市,光明区,113.944901,22.760095
154,姜润养生馆,生活服务,洗浴推拿场所,洗浴推拿场所,广东省,深圳市,光明区,113.921232,22.765161
155,皇家沐足,生活服务,洗浴推拿场所,洗浴推拿场所,广东省,深圳市,光明区,113.942981,22.757973
156,生源国际会所,生活服务,洗浴推拿场所,洗浴推拿场所,广东省,深圳市,光明区,113.925972,22.725092
157,鑫港湾会所,生活服务,洗浴推拿场所,洗浴推拿场所,广东省,深圳市,光明区,113.92015,22.71885
158,成辉足浴店,生活服务,洗浴推拿场所,洗浴推拿场所,广东省,深圳市,光明区,113.939488,22.730692
159,康怡园养生馆,生活服务,洗浴推拿场所,洗浴推拿场所,广东省,深圳市,光明区,113.939802,22.730682
160,瑶厢阁康足坊,生活服务,洗浴推拿场所,洗浴推拿场所,广东省,深圳市,光明区,113.936437,22.733312
161,桃花山养生园,生活服务,洗浴推拿场所,洗浴推拿场所,广东省,深圳市,宝安区,113.933519,22.681543
162,曾氏中医推拿(石岩老街店),生活服务,洗浴推拿场所,洗浴推拿场所,广东省,深圳市,宝安区,113.931571,22.679089
163,似水年华国际会所,生活服务,洗浴推拿场所,洗浴推拿场所,广东省,深圳市,宝安区,113.928229,22.683131
164,心和美K歌沐足,生活服务,洗浴推拿场所,洗浴推拿场所,广东省,深圳市,宝安区,113.93349,22.681001
165,欢乐海岸健康水会(石岩店),生活服务,洗浴推拿场所,洗浴推拿场所,广东省,深圳市,宝安区,113.931567,22.678049
166,鹏式足疗养生园(石岩店),生活服务,洗浴推拿场所,洗浴推拿场所,广东省,深圳市,宝安区,113.934447,22.68049
167,和顺艾灸馆,生活服务,洗浴推拿场所,洗浴推拿场所,广东省,深圳市,宝安区,113.93412,22.67909
168,龙凤翔店,生活服务,洗浴推拿场所,洗浴推拿场所,广东省,深圳市,宝安区,113.941836,22.679244
169,安然纳米汗蒸养生会,生活服务,洗浴推拿场所,洗浴推拿场所,广东省,深圳市,宝安区,113.928593,22.641193
170,盲人按摩,生活服务,洗浴推拿场所,洗浴推拿场所,广东省,深圳市,宝安区,113.928725,22.641158
171,朱星星盲人按摩,生活服务,洗浴推拿场所,洗浴推拿场所,广东省,深圳市,宝安区,113.928637,22.64115
172,利金足道(松柏路店),生活服务,洗浴推拿场所,洗浴推拿场所,广东省,深圳市,宝安区,113.927503,22.640044
173,鑫妃港会所,生活服务,洗浴推拿场所,洗浴推拿场所,广东省,深圳市,宝安区,113.924026,22.646319
174,足浴推拿,生活服务,洗浴推拿场所,洗浴推拿场所,广东省,深圳市,宝安区,113.931595,22.635451
175,盲人按摩(同沙路),生活服务,洗浴推拿场所,洗浴推拿场所,广东省,深圳市,南山区,113.948726,22.583896
176,银老太侗浴馆,生活服务,洗浴推拿场所,洗浴推拿场所,广东省,深圳市,南山区,113.928466,22.583907
177,药美人养生馆,生活服务,洗浴推拿场所,洗浴推拿场所,广东省,深圳市,南山区,113.930799,22.585272
178,康健休闲会所,生活服务,洗浴推拿场所,洗浴推拿场所,广东省,深圳市,南山区,113.928025,22.551441
179,金同足浴,生活服务,洗浴推拿场所,洗浴推拿场所,广东省,深圳市,南山区,113.922762,22.567612
180,伍氏专业中医推拿,生活服务,洗浴推拿场所,洗浴推拿场所,广东省,深圳市,南山区,113.928534,22.549088
181,三合盲人按摩,生活服务,洗浴推拿场所,洗浴推拿场所,广东省,深圳市,南山区,113.928804,22.550064
182,深圳市海韵轩桑拿中心,生活服务,洗浴推拿场所,洗浴推拿场所,广东省,深圳市,南山区,113.928023,22.521721
183,汉仁宫养生坊(南山店),生活服务,洗浴推拿场所,洗浴推拿场所,广东省,深圳市,南山区,113.924178,22.51629
184,君悦轩会所(南光路),生活服务,洗浴推拿场所,洗浴推拿场所,广东省,深圳市,南山区,113.92718,22.521471
185,大师傅推拿,生活服务,洗浴推拿场所,洗浴推拿场所,广东省,深圳市,南山区,113.929753,22.517875
186,耳道世家(后海店),生活服务,洗浴推拿场所,洗浴推拿场所,广东省,深圳市,南山区,113.931927,22.520225
187,御指通养生馆,生活服务,洗浴推拿场所,洗浴推拿场所,广东省,深圳市,南山区,113.926789,22.519669
188,罗世足艺堂(南光店),生活服务,洗浴推拿场所,洗浴推拿场所,广东省,深圳市,南山区,113.92753,22.521176
189,君庭云悦按摩SPA(海岸城店),生活服务,洗浴推拿场所,洗浴推拿场所,广东省,深圳市,南山区,113.931685,22.518154
190,正经推拿(海岸城中洲店),生活服务,洗浴推拿场所,洗浴推拿场所,广东省,深圳市,南山区,113.934118,22.517789
191,沐足房养生馆,生活服务,洗浴推拿场所,洗浴推拿场所,广东省,深圳市,南山区,113.926353,22.524174
192,手技王(佳嘉豪苑店),生活服务,洗浴推拿场所,洗浴推拿场所,广东省,深圳市,南山区,113.930697,22.516326
193,佰纳休闲会所,生活服务,洗浴推拿场所,洗浴推拿场所,广东省,深圳市,南山区,113.924283,22.526026
194,一刻间新生代按摩馆,生活服务,洗浴推拿场所,洗浴推拿场所,广东省,深圳市,南山区,113.935491,22.518324
195,莱富堂中医推拿,生活服务,洗浴推拿场所,洗浴推拿场所,广东省,深圳市,南山区,113.931806,22.484198
196,第伊休闲按摩足浴,生活服务,洗浴推拿场所,洗浴推拿场所,广东省,深圳市,南山区,113.928513,22.488607
197,记得来足浴店,生活服务,洗浴推拿场所,洗浴推拿场所,广东省,深圳市,南山区,113.929137,22.485992
198,汉方足浴修脚店,生活服务,洗浴推拿场所,洗浴推拿场所,广东省,深圳市,南山区,113.928434,22.485236
199,月亮湾足浴保健城,生活服务,洗浴推拿场所,洗浴推拿场所,广东省,深圳市,南山区,113.928132,22.485993
200,悦足宝,生活服务,洗浴推拿场所,洗浴推拿场所,广东省,深圳市,南山区,113.928929,22.486176
201,桑拿足浴,生活服务,洗浴推拿场所,洗浴推拿场所,广东省,深圳市,南山区,113.931531,22.48641
202,民间缪师傅保健按摩店,生活服务,洗浴推拿场所,洗浴推拿场所,广东省,深圳市,南山区,113.930001,22.486836
203,金足缘足浴,生活服务,洗浴推拿场所,洗浴推拿场所,广东省,深圳市,南山区,113.928227,22.485327
204,好心情休闲屋,生活服务,洗浴推拿场所,洗浴推拿场所,广东省,深圳市,南山区,113.927312,22.485936
205,美美足浴修脚,生活服务,洗浴推拿场所,洗浴推拿场所,广东省,深圳市,南山区,113.929556,22.486512
206,风彩足浴,生活服务,洗浴推拿场所,洗浴推拿场所,广东省,深圳市,南山区,113.929251,22.486228
207,足之道足浴,生活服务,洗浴推拿场所,洗浴推拿场所,广东省,深圳市,南山区,113.927683,22.485494
208,客莱乐足浴推拿,生活服务,洗浴推拿场所,洗浴推拿场所,广东省,深圳市,南山区,113.928281,22.487116
209,拉菲酒店·按摩,生活服务,洗浴推拿场所,洗浴推拿场所,广东省,深圳市,南山区,113.927323,22.485907
210,爱足轩专业修脚,生活服务,洗浴推拿场所,洗浴推拿场所,广东省,深圳市,南山区,113.927633,22.487149
211,好心情足浴推拿棋牌,生活服务,洗浴推拿场所,洗浴推拿场所,广东省,深圳市,南山区,113.927358,22.485915
212,鹏式足疗,生活服务,洗浴推拿场所,洗浴推拿场所,广东省,深圳市,南山区,113.928132,22.485993
213,晨安和健康管理,生活服务,洗浴推拿场所,洗浴推拿场所,广东省,深圳市,南山区,113.932901,22.487041
214,桃花源·养生SPA,生活服务,洗浴推拿场所,洗浴推拿场所,广东省,深圳市,南山区,113.927838,22.487008
215,金星海会所,生活服务,洗浴推拿场所,洗浴推拿场所,广东省,深圳市,宝安区,113.968848,22.705246
216,沐足保健,生活服务,洗浴推拿场所,洗浴推拿场所,广东省,深圳市,宝安区,113.961082,22.683032
217,御鑫堂足浴店,生活服务,洗浴推拿场所,洗浴推拿场所,广东省,深圳市,龙华区,113.982727,22.678314
218,深圳麒麟山庄足浴,生活服务,洗浴推拿场所,洗浴推拿场所,广东省,深圳市,南山区,113.972721,22.606623
219,名仕玉媛养生会所,生活服务,洗浴推拿场所,洗浴推拿场所,广东省,深圳市,南山区,113.964638,22.593097
220,汉方养生馆,生活服务,洗浴推拿场所,洗浴推拿场所,广东省,深圳市,南山区,113.96505,22.587452
221,古点盲人按摩(紫罗兰店),生活服务,洗浴推拿场所,洗浴推拿场所,广东省,深圳市,南山区,113.967028,22.586323
222,古功夫肩颈(天使奇迹店),生活服务,洗浴推拿场所,洗浴推拿场所,广东省,深圳市,南山区,113.966148,22.587603
223,天悦蓝湾休闲会所,生活服务,洗浴推拿场所,洗浴推拿场所,广东省,深圳市,南山区,113.986416,22.589455
224,尊龙休闲e站,生活服务,洗浴推拿场所,洗浴推拿场所,广东省,深圳市,南山区,113.986,22.58908
225,金色海岸休闲会所,生活服务,洗浴推拿场所,洗浴推拿场所,广东省,深圳市,南山区,113.965562,22.583623
226,好角色足浴养生,生活服务,洗浴推拿场所,洗浴推拿场所,广东省,深圳市,南山区,113.973342,22.560632
227,桃园足浴休闲中心(龙井路),生活服务,洗浴推拿场所,洗浴推拿场所,广东省,深圳市,南山区,113.97352,22.559429
228,桃园休闲会所,生活服务,洗浴推拿场所,洗浴推拿场所,广东省,深圳市,南山区,113.973656,22.55937
229,天元中医(医保定点)(龙井旗舰店),生活服务,洗浴推拿场所,洗浴推拿场所,广东省,深圳市,南山区,113.97484,22.561167
230,足浴按摩(东区店),生活服务,洗浴推拿场所,洗浴推拿场所,广东省,深圳市,南山区,113.975389,22.560633
231,华彩堂中医养生馆,生活服务,洗浴推拿场所,洗浴推拿场所,广东省,深圳市,南山区,113.97404,22.559914
232,龙祥足道,生活服务,洗浴推拿场所,洗浴推拿场所,广东省,深圳市,南山区,113.966764,22.567749
233,黄金海岸美食水会,生活服务,洗浴推拿场所,洗浴推拿场所,广东省,深圳市,南山区,113.987811,22.53402
234,红树湾会所,生活服务,洗浴推拿场所,洗浴推拿场所,广东省,深圳市,南山区,113.965972,22.527691
235,闲来居足浴保健,生活服务,洗浴推拿场所,洗浴推拿场所,广东省,深圳市,南山区,113.969476,22.532047
236,康健盲人按摩店,生活服务,洗浴推拿场所,洗浴推拿场所,广东省,深圳市,南山区,113.96812,22.533077
237,祥雨轩盲人中医按摩(白石洲店),生活服务,洗浴推拿场所,洗浴推拿场所,广东省,深圳市,南山区,113.969234,22.532161
238,康乐颂健康会,生活服务,洗浴推拿场所,洗浴推拿场所,广东省,深圳市,南山区,113.966552,22.532044
239,罗氏足艺堂(白石洲分店),生活服务,洗浴推拿场所,洗浴推拿场所,广东省,深圳市,南山区,113.96771,22.533869
240,诚信来专业修脚房,生活服务,洗浴推拿场所,洗浴推拿场所,广东省,深圳市,南山区,113.967379,22.53641
241,金莎娱乐(福城店),生活服务,洗浴推拿场所,洗浴推拿场所,广东省,深圳市,龙华区,114.015187,22.74337
242,金银海休闲会所,生活服务,洗浴推拿场所,洗浴推拿场所,广东省,深圳市,龙华区,114.018894,22.743291
243,新超越量贩KTV,生活服务,洗浴推拿场所,洗浴推拿场所,广东省,深圳市,龙华区,114.016159,22.742322
244,明月港鑫利城休闲会所,生活服务,洗浴推拿场所,洗浴推拿场所,广东省,深圳市,龙华区,114.022833,22.745386
245,新盛唐休闲会所,生活服务,洗浴推拿场所,洗浴推拿场所,广东省,深圳市,龙华区,114.016131,22.743214
246,正源堂·针灸推拿,生活服务,洗浴推拿场所,洗浴推拿场所,广东省,深圳市,龙华区,114.020276,22.746892
247,中医理疗,生活服务,洗浴推拿场所,洗浴推拿场所,广东省,深圳市,龙华区,114.019942,22.746363
248,海岸足疗养生园,生活服务,洗浴推拿场所,洗浴推拿场所,广东省,深圳市,龙华区,114.01566,22.742177
249,明月港星城会沐足理疗,生活服务,洗浴推拿场所,洗浴推拿场所,广东省,深圳市,龙华区,114.017214,22.744049
250,假日海岸,生活服务,洗浴推拿场所,洗浴推拿场所,广东省,深圳市,龙华区,114.019277,22.745157
251,聚源休闲,生活服务,洗浴推拿场所,洗浴推拿场所,广东省,深圳市,龙华区,114.019977,22.745416
252,金银海休闲会所,生活服务,洗浴推拿场所,洗浴推拿场所,广东省,深圳市,龙华区,114.01864,22.743735
253,金色月光养生园(北门海岸店),生活服务,洗浴推拿场所,洗浴推拿场所,广东省,深圳市,龙华区,114.015539,22.742167
254,鹏式足疗,生活服务,洗浴推拿场所,洗浴推拿场所,广东省,深圳市,龙华区,114.015694,22.742092
255,鑫鑫港湾休闲会所,生活服务,洗浴推拿场所,洗浴推拿场所,广东省,深圳市,龙华区,114.00946,22.73136
256,明月港休闲会所,生活服务,洗浴推拿场所,洗浴推拿场所,广东省,深圳市,龙华区,114.009936,22.728494
257,汗蒸泡澡刮痧拔罐养生,生活服务,洗浴推拿场所,洗浴推拿场所,广东省,深圳市,龙华区,114.013239,22.72843
258,瑶厢阁康足坊,生活服务,洗浴推拿场所,洗浴推拿场所,广东省,深圳市,龙华区,114.012936,22.728976
259,御足堂健康会所,生活服务,洗浴推拿场所,洗浴推拿场所,广东省,深圳市,龙华区,114.011662,22.729846
260,用集足疗经络养生馆,生活服务,洗浴推拿场所,洗浴推拿场所,广东省,深圳市,龙华区,114.015096,22.728934
261,金色田园足浴保健城,生活服务,洗浴推拿场所,洗浴推拿场所,广东省,深圳市,龙华区,114.013358,22.729901
262,金海洋休闲会所,生活服务,洗浴推拿场所,洗浴推拿场所,广东省,深圳市,龙华区,114.015457,22.730593
263,老苗医10元泡脚,生活服务,洗浴推拿场所,洗浴推拿场所,广东省,深圳市,龙华区,114.010394,22.729747
264,云海休闲会所,生活服务,洗浴推拿场所,洗浴推拿场所,广东省,深圳市,龙华区,114.007246,22.728691
265,金海休闲会所(清泉路店),生活服务,洗浴推拿场所,洗浴推拿场所,广东省,深圳市,龙华区,114.029181,22.669102
266,安然纳米汗蒸美容理疗养生馆(大浪店),生活服务,洗浴推拿场所,洗浴推拿场所,广东省,深圳市,龙华区,114.010422,22.677616
267,金足养生阁,生活服务,洗浴推拿场所,洗浴推拿场所,广东省,深圳市,龙华区,114.007183,22.677959
268,鑫香缘养生堂,生活服务,洗浴推拿场所,洗浴推拿场所,广东省,深圳市,龙华区,114.007446,22.677023
269,拔罐刮痧,生活服务,洗浴推拿场所,洗浴推拿场所,广东省,深圳市,龙华区,114.007274,22.677319
270,颜妍SPA(龙华店),生活服务,洗浴推拿场所,洗浴推拿场所,广东省,深圳市,龙华区,114.013467,22.642503
271,舒耳专业采耳(龙胜分店),生活服务,洗浴推拿场所,洗浴推拿场所,广东省,深圳市,龙华区,114.011863,22.643787
272,耳清舒采耳·肩颈(上塘店),生活服务,洗浴推拿场所,洗浴推拿场所,广东省,深圳市,龙华区,114.013992,22.638332
273,推拿足浴(侨香路),生活服务,洗浴推拿场所,洗浴推拿场所,广东省,深圳市,福田区,114.015399,22.551201
274,鼎尚养生足道(侨香店),生活服务,洗浴推拿场所,洗浴推拿场所,广东省,深圳市,福田区,114.011306,22.547112
275,陈老二养生堂,生活服务,洗浴推拿场所,洗浴推拿场所,广东省,深圳市,福田区,114.02362,22.55162
276,泰康轩,生活服务,洗浴推拿场所,洗浴推拿场所,广东省,深圳市,福田区,114.025481,22.533726
277,芭堤雅休闲会所,生活服务,洗浴推拿场所,洗浴推拿场所,广东省,深圳市,福田区,114.029934,22.524901
278,东方明珠休闲会所,生活服务,洗浴推拿场所,洗浴推拿场所,广东省,深圳市,福田区,114.026572,22.526569
279,贵人堂养生馆,生活服务,洗浴推拿场所,洗浴推拿场所,广东省,深圳市,福田区,114.025455,22.524562
280,衡和盲人按摩,生活服务,洗浴推拿场所,洗浴推拿场所,广东省,深圳市,福田区,114.023908,22.525855
281,唐氏推拿(下沙分店),生活服务,洗浴推拿场所,洗浴推拿场所,广东省,深圳市,福田区,114.024823,22.528188
282,真功夫足浴推拿,生活服务,洗浴推拿场所,洗浴推拿场所,广东省,深圳市,福田区,114.026744,22.524261
283,泰然桑拿会所,生活服务,洗浴推拿场所,洗浴推拿场所,广东省,深圳市,福田区,114.02272,22.530251
284,阿沐合·SPA按摩,生活服务,洗浴推拿场所,洗浴推拿场所,广东省,深圳市,福田区,114.023972,22.52993
285,韩式汗蒸馆,生活服务,洗浴推拿场所,洗浴推拿场所,广东省,深圳市,福田区,114.024662,22.525039
286,深航国际酒店-桑拿,生活服务,洗浴推拿场所,洗浴推拿场所,广东省,深圳市,福田区,114.01912,22.534258
287,知足常乐,生活服务,洗浴推拿场所,洗浴推拿场所,广东省,深圳市,福田区,114.024807,22.525225
288,林师傅中医推拿,生活服务,洗浴推拿场所,洗浴推拿场所,广东省,深圳市,福田区,114.026515,22.524542
289,古功夫肩颈(自然美金域蓝湾店),生活服务,洗浴推拿场所,洗浴推拿场所,广东省,深圳市,福田区,114.02401,22.524076
290,大字门推拿按摩,生活服务,洗浴推拿场所,洗浴推拿场所,广东省,深圳市,福田区,114.022492,22.532861
291,深航国际酒店-按摩室,生活服务,洗浴推拿场所,洗浴推拿场所,广东省,深圳市,福田区,114.01912,22.534258
292,鑫乐湾休闲会所,生活服务,洗浴推拿场所,洗浴推拿场所,广东省,深圳市,龙华区,114.035121,22.752795
293,企坪沐足,生活服务,洗浴推拿场所,洗浴推拿场所,广东省,深圳市,龙华区,114.056551,22.746244
294,企坪休闲都会(桂花店),生活服务,洗浴推拿场所,洗浴推拿场所,广东省,深圳市,龙华区,114.056626,22.746156
295,鑫港都休闲会所,生活服务,洗浴推拿场所,洗浴推拿场所,广东省,深圳市,龙华区,114.03456,22.753541
296,花样脚丫,生活服务,洗浴推拿场所,洗浴推拿场所,广东省,深圳市,龙华区,114.034402,22.752948
297,金源兴养生馆,生活服务,洗浴推拿场所,洗浴推拿场所,广东省,深圳市,龙华区,114.041472,22.746244
298,老苗医足浴泡脚超市,生活服务,洗浴推拿场所,洗浴推拿场所,广东省,深圳市,龙华区,114.05701,22.743934
299,星月湾会所,生活服务,洗浴推拿场所,洗浴推拿场所,广东省,深圳市,龙华区,114.051486,22.718925
300,苗家祖传刮痧拔火罐,生活服务,洗浴推拿场所,洗浴推拿场所,广东省,深圳市,龙华区,114.054467,22.720736
301,新辉盲人按摩中心,生活服务,洗浴推拿场所,洗浴推拿场所,广东省,深圳市,龙华区,114.056224,22.720556
302,申氏盲人推拿,生活服务,洗浴推拿场所,洗浴推拿场所,广东省,深圳市,龙华区,114.055058,22.717912
303,金泉阁,生活服务,洗浴推拿场所,洗浴推拿场所,广东省,深圳市,龙华区,114.055146,22.71926
304,第伊休闲会所,生活服务,洗浴推拿场所,洗浴推拿场所,广东省,深圳市,龙华区,114.062302,22.724602
305,周福平保健按摩店,生活服务,洗浴推拿场所,洗浴推拿场所,广东省,深圳市,龙华区,114.055553,22.72115
306,老苗医养生堂,生活服务,洗浴推拿场所,洗浴推拿场所,广东省,深圳市,龙华区,114.055508,22.719875
307,水月湾养生会所(布新路店),生活服务,洗浴推拿场所,洗浴推拿场所,广东省,深圳市,龙华区,114.051526,22.718934
308,明月港休闲会所(众安街)(装修中),生活服务,洗浴推拿场所,洗浴推拿场所,广东省,深圳市,龙华区,114.055072,22.718703
309,汉仁宫养生坊(观澜店),生活服务,洗浴推拿场所,洗浴推拿场所,广东省,深圳市,龙华区,114.052822,22.690528
310,巴黎岛足浴保健城,生活服务,洗浴推拿场所,洗浴推拿场所,广东省,深圳市,龙华区,114.050654,22.689925
311,易经堂古法小儿推拿第七分店(观澜店),生活服务,洗浴推拿场所,洗浴推拿场所,广东省,深圳市,龙华区,114.048358,22.685382
312,御金龙养生馆,生活服务,洗浴推拿场所,洗浴推拿场所,广东省,深圳市,龙华区,114.049023,22.672273
313,鑫旺养生堂,生活服务,洗浴推拿场所,洗浴推拿场所,广东省,深圳市,龙华区,114.053251,22.641894
314,金海湾休闲会所(暂停营业),生活服务,洗浴推拿场所,洗浴推拿场所,广东省,深圳市,龙岗区,114.060429,22.630988
315,黄家推拿,生活服务,洗浴推拿场所,洗浴推拿场所,广东省,深圳市,龙华区,114.054318,22.601338
316,福乐足浴按摩,生活服务,洗浴推拿场所,洗浴推拿场所,广东省,深圳市,龙华区,114.051675,22.600424
317,足笑堂9元泡脚养生馆,生活服务,洗浴推拿场所,洗浴推拿场所,广东省,深圳市,龙华区,114.051342,22.600321
318,碧水龙庭足浴,生活服务,洗浴推拿场所,洗浴推拿场所,广东省,深圳市,龙华区,114.052439,22.600089
319,好佳足,生活服务,洗浴推拿场所,洗浴推拿场所,广东省,深圳市,龙华区,114.054956,22.601488
320,罗氏足艺堂,生活服务,洗浴推拿场所,洗浴推拿场所,广东省,深圳市,龙华区,114.053001,22.598998
321,扶元堂,生活服务,洗浴推拿场所,洗浴推拿场所,广东省,深圳市,龙华区,114.049732,22.600483
322,宇桐纳米汗蒸养生馆,生活服务,洗浴推拿场所,洗浴推拿场所,广东省,深圳市,龙华区,114.04707,22.60238
323,国珍盲人按摩店,生活服务,洗浴推拿场所,洗浴推拿场所,广东省,深圳市,龙华区,114.055201,22.600217
324,永康盲人按摩,生活服务,洗浴推拿场所,洗浴推拿场所,广东省,深圳市,龙华区,114.049474,22.599188
325,皇家足浴城,生活服务,洗浴推拿场所,洗浴推拿场所,广东省,深圳市,福田区,114.046791,22.551998
326,万友休闲中心,生活服务,洗浴推拿场所,洗浴推拿场所,广东省,深圳市,福田区,114.045381,22.55704
327,豫康盲人中医推拿中心,生活服务,洗浴推拿场所,洗浴推拿场所,广东省,深圳市,福田区,114.053032,22.558966
328,简一理疗(梅林店),生活服务,洗浴推拿场所,洗浴推拿场所,广东省,深圳市,福田区,114.05074,22.564474
329,志成推拿理疗,生活服务,洗浴推拿场所,洗浴推拿场所,广东省,深圳市,福田区,114.054737,22.565717
330,景怡轩休闲会所,生活服务,洗浴推拿场所,洗浴推拿场所,广东省,深圳市,福田区,114.054039,22.566484
331,慧福自然能量养生馆,生活服务,洗浴推拿场所,洗浴推拿场所,广东省,深圳市,福田区,114.045638,22.557735
332,韩式·汗蒸馆,生活服务,洗浴推拿场所,洗浴推拿场所,广东省,深圳市,福田区,114.05437,22.566665
333,阿卡圣养生部落,生活服务,洗浴推拿场所,洗浴推拿场所,广东省,深圳市,福田区,114.053591,22.564304
334,郑远元专业修脚房(梅林购物广场店),生活服务,洗浴推拿场所,洗浴推拿场所,广东省,深圳市,福田区,114.04901,22.564961
335,强身推拿连锁(莲花北店),生活服务,洗浴推拿场所,洗浴推拿场所,广东省,深圳市,福田区,114.04728,22.558221
336,绿洲国际水疗会所,生活服务,洗浴推拿场所,洗浴推拿场所,广东省,深圳市,福田区,114.047646,22.521084
337,益康盲人推拿(福强路),生活服务,洗浴推拿场所,洗浴推拿场所,广东省,深圳市,福田区,114.053567,22.515005
338,不夜天俱乐部,生活服务,洗浴推拿场所,洗浴推拿场所,广东省,深圳市,福田区,114.046398,22.525687
339,足海足浴中心,生活服务,洗浴推拿场所,洗浴推拿场所,广东省,深圳市,福田区,114.051951,22.521673
340,银天阁会所,生活服务,洗浴推拿场所,洗浴推拿场所,广东省,深圳市,福田区,114.047359,22.527757
341,尊享SPA养生按摩会所,生活服务,洗浴推拿场所,洗浴推拿场所,广东省,深圳市,福田区,114.053134,22.521212
342,祥悦阁SPA按摩中心(福田店),生活服务,洗浴推拿场所,洗浴推拿场所,广东省,深圳市,福田区,114.052429,22.52067
343,欣新港城,生活服务,洗浴推拿场所,洗浴推拿场所,广东省,深圳市,福田区,114.049449,22.52366
344,阁瑞斯·泰式按摩推拿SPA,生活服务,洗浴推拿场所,洗浴推拿场所,广东省,深圳市,福田区,114.053439,22.520693
345,泰熙·泰式SPA,生活服务,洗浴推拿场所,洗浴推拿场所,广东省,深圳市,福田区,114.053247,22.520784
346,和里合SPA按摩中心(石厦店),生活服务,洗浴推拿场所,洗浴推拿场所,广东省,深圳市,福田区,114.052277,22.520529
347,月畔湾桑拿,生活服务,洗浴推拿场所,洗浴推拿场所,广东省,深圳市,福田区,114.05016,22.522647
348,华耳匠采耳养生馆(石厦新天商务中心店),生活服务,洗浴推拿场所,洗浴推拿场所,广东省,深圳市,福田区,114.052745,22.520961
349,金足足浴,生活服务,洗浴推拿场所,洗浴推拿场所,广东省,深圳市,福田区,114.048815,22.523916
350,东方棕泉国际会所(金田路店),生活服务,洗浴推拿场所,洗浴推拿场所,广东省,深圳市,福田区,114.064852,22.518347
351,月亮湾休闲会所(兴业路),生活服务,洗浴推拿场所,洗浴推拿场所,广东省,深圳市,龙华区,114.090854,22.725624
352,鑫湖湾,生活服务,洗浴推拿场所,洗浴推拿场所,广东省,深圳市,龙华区,114.090894,22.725869
353,月亮湖会所,生活服务,洗浴推拿场所,洗浴推拿场所,广东省,深圳市,龙华区,114.086253,22.723239
354,澜泉一六八,生活服务,洗浴推拿场所,洗浴推拿场所,广东省,深圳市,龙华区,114.078176,22.685679
355,老苗医10元泡脚,生活服务,洗浴推拿场所,洗浴推拿场所,广东省,深圳市,龙华区,114.077633,22.685779
356,鑫云谷休闲会所,生活服务,洗浴推拿场所,洗浴推拿场所,广东省,深圳市,龙岗区,114.089017,22.638297
357,瑶厢阁康足坊沐足(上雪店),生活服务,洗浴推拿场所,洗浴推拿场所,广东省,深圳市,龙岗区,114.08947,22.639749
358,御品湾休闲会所,生活服务,洗浴推拿场所,洗浴推拿场所,广东省,深圳市,龙岗区,114.090887,22.637626
359,康乾健康管理理疗,生活服务,洗浴推拿场所,洗浴推拿场所,广东省,深圳市,龙岗区,114.102576,22.604572
360,石龙坑北一巷保健养生馆,生活服务,洗浴推拿场所,洗浴推拿场所,广东省,深圳市,龙岗区,114.102921,22.609123
361,康丽来盲人推拿,生活服务,洗浴推拿场所,洗浴推拿场所,广东省,深圳市,龙岗区,114.102663,22.610788
362,余氏传统推拿,生活服务,洗浴推拿场所,洗浴推拿场所,广东省,深圳市,龙岗区,114.100862,22.612929
363,纤纤手休闲会所,生活服务,洗浴推拿场所,洗浴推拿场所,广东省,深圳市,龙岗区,114.107016,22.605912
364,一笑堂中医推拿,生活服务,洗浴推拿场所,洗浴推拿场所,广东省,深圳市,龙岗区,114.107431,22.607653
365,竹雅轩足疗养生堂,生活服务,洗浴推拿场所,洗浴推拿场所,广东省,深圳市,龙岗区,114.105908,22.608924
366,金池休闲会所(八约一街),生活服务,洗浴推拿场所,洗浴推拿场所,广东省,深圳市,龙岗区,114.109476,22.607103
367,四海中医推拿足道养生堂,生活服务,洗浴推拿场所,洗浴推拿场所,广东省,深圳市,龙岗区,114.107904,22.607586
368,熙龙阁桑拿,生活服务,洗浴推拿场所,洗浴推拿场所,广东省,深圳市,福田区,114.097214,22.557281
369,御术集团(八卦岭店),生活服务,洗浴推拿场所,洗浴推拿场所,广东省,深圳市,福田区,114.093953,22.561654
370,香泉会馆,生活服务,洗浴推拿场所,洗浴推拿场所,广东省,深圳市,福田区,114.098893,22.55918
371,水立方·汤泉生活,生活服务,洗浴推拿场所,洗浴推拿场所,广东省,深圳市,福田区,114.072649,22.516788
372,洗脚王脚部按摩中心,生活服务,洗浴推拿场所,洗浴推拿场所,广东省,深圳市,福田区,114.082732,22.532312
373,恒海足浴按摩中心,生活服务,洗浴推拿场所,洗浴推拿场所,广东省,深圳市,福田区,114.082778,22.532273
374,宝月健康会所,生活服务,洗浴推拿场所,洗浴推拿场所,广东省,深圳市,福田区,114.099355,22.537307
375,同心伊甸园足浴馆,生活服务,洗浴推拿场所,洗浴推拿场所,广东省,深圳市,福田区,114.100467,22.53784
376,德康推拿馆,生活服务,洗浴推拿场所,洗浴推拿场所,广东省,深圳市,福田区,114.084949,22.531548
377,河南友和推拿,生活服务,洗浴推拿场所,洗浴推拿场所,广东省,深圳市,福田区,114.082154,22.530289
378,雅轩宫养生SPA,生活服务,洗浴推拿场所,洗浴推拿场所,广东省,深圳市,福田区,114.085983,22.532612
379,金雅尊休闲会所,生活服务,洗浴推拿场所,洗浴推拿场所,广东省,深圳市,龙岗区,114.126284,22.641152
380,心心按摩足浴,生活服务,洗浴推拿场所,洗浴推拿场所,广东省,深圳市,龙岗区,114.127813,22.644054
381,特色泡吧,生活服务,洗浴推拿场所,洗浴推拿场所,广东省,深圳市,龙岗区,114.128401,22.644927
382,鑫雅园会所,生活服务,洗浴推拿场所,洗浴推拿场所,广东省,深圳市,龙岗区,114.126517,22.641199
383,众鑫太极理疗,生活服务,洗浴推拿场所,洗浴推拿场所,广东省,深圳市,龙岗区,114.128282,22.644922
384,金沙足浴(湖南路),生活服务,洗浴推拿场所,洗浴推拿场所,广东省,深圳市,龙岗区,114.121582,22.597261
385,常青树推拿,生活服务,洗浴推拿场所,洗浴推拿场所,广东省,深圳市,龙岗区,114.136274,22.60134
386,金手印盲人按摩院,生活服务,洗浴推拿场所,洗浴推拿场所,广东省,深圳市,龙岗区,114.13489,22.602883
387,御身堂养生馆,生活服务,洗浴推拿场所,洗浴推拿场所,广东省,深圳市,龙岗区,114.128241,22.598401
388,旺园推拿养生馆,生活服务,洗浴推拿场所,洗浴推拿场所,广东省,深圳市,龙岗区,114.136253,22.600893
389,梦之缘休闲会所,生活服务,洗浴推拿场所,洗浴推拿场所,广东省,深圳市,龙岗区,114.126771,22.600365
390,中医推拿按摩,生活服务,洗浴推拿场所,洗浴推拿场所,广东省,深圳市,龙岗区,114.127508,22.598842
391,康元堂中医推拿足疗,生活服务,洗浴推拿场所,洗浴推拿场所,广东省,深圳市,罗湖区,114.13015,22.55999
392,阳光海岸休闲会所,生活服务,洗浴推拿场所,洗浴推拿场所,广东省,深圳市,罗湖区,114.140381,22.564434
393,钰舒堂经络养生馆,生活服务,洗浴推拿场所,洗浴推拿场所,广东省,深圳市,罗湖区,114.130197,22.55995
394,益友堂中医经穴推拿理疗工作室,生活服务,洗浴推拿场所,洗浴推拿场所,广东省,深圳市,罗湖区,114.130157,22.560102
395,翠竹堂中医推拿理疗工作室(翠竹店),生活服务,洗浴推拿场所,洗浴推拿场所,广东省,深圳市,罗湖区,114.130162,22.56011
396,爱阳盲人推拿中心,生活服务,洗浴推拿场所,洗浴推拿场所,广东省,深圳市,罗湖区,114.130146,22.560041
397,胡世修脚堂(翠竹店),生活服务,洗浴推拿场所,洗浴推拿场所,广东省,深圳市,罗湖区,114.129851,22.558072
398,健康足疗推拿,生活服务,洗浴推拿场所,洗浴推拿场所,广东省,深圳市,罗湖区,114.127325,22.560495
399,太阳红盲人按摩(翠竹店),生活服务,洗浴推拿场所,洗浴推拿场所,广东省,深圳市,罗湖区,114.130465,22.565719
400,金色港湾,生活服务,洗浴推拿场所,洗浴推拿场所,广东省,深圳市,罗湖区,114.128245,22.564675
401,翠竹休闲中心,生活服务,洗浴推拿场所,洗浴推拿场所,广东省,深圳市,罗湖区,114.125634,22.566996
402,善内堂中医理疗,生活服务,洗浴推拿场所,洗浴推拿场所,广东省,深圳市,龙岗区,114.175115,22.640252
403,泰康盲人按摩(深峰路),生活服务,洗浴推拿场所,洗浴推拿场所,广东省,深圳市,龙岗区,114.17629,22.634187
404,太极道专业足疗,生活服务,洗浴推拿场所,洗浴推拿场所,广东省,深圳市,龙岗区,114.179185,22.642381
405,足底养生,生活服务,洗浴推拿场所,洗浴推拿场所,广东省,深圳市,龙岗区,114.179167,22.642455
406,虹韵养生馆,生活服务,洗浴推拿场所,洗浴推拿场所,广东省,深圳市,罗湖区,114.173904,22.603798
407,情缘港,生活服务,洗浴推拿场所,洗浴推拿场所,广东省,深圳市,罗湖区,114.175844,22.60162
408,金福名都健康会所,生活服务,洗浴推拿场所,洗浴推拿场所,广东省,深圳市,罗湖区,114.172079,22.561195
409,强身推拿馆(莲塘二店),生活服务,洗浴推拿场所,洗浴推拿场所,广东省,深圳市,罗湖区,114.170496,22.561086
410,酸爽汪旺盲人按摩,生活服务,洗浴推拿场所,洗浴推拿场所,广东省,深圳市,罗湖区,114.172683,22.561347
411,新红日休闲中心,生活服务,洗浴推拿场所,洗浴推拿场所,广东省,深圳市,罗湖区,114.169769,22.560477
412,十指推拿养身馆,生活服务,洗浴推拿场所,洗浴推拿场所,广东省,深圳市,罗湖区,114.17062,22.560708
413,皇家盛世水疗会所,生活服务,洗浴推拿场所,洗浴推拿场所,广东省,深圳市,罗湖区,114.172859,22.559522
414,益安堂专业修脚房,生活服务,洗浴推拿场所,洗浴推拿场所,广东省,深圳市,罗湖区,114.172216,22.559555
415,穴足堂,生活服务,洗浴推拿场所,洗浴推拿场所,广东省,深圳市,罗湖区,114.17323,22.5622
416,正宗盲人推拿,生活服务,洗浴推拿场所,洗浴推拿场所,广东省,深圳市,罗湖区,114.172694,22.561343
417,纯手工传统推拿,生活服务,洗浴推拿场所,洗浴推拿场所,广东省,深圳市,罗湖区,114.172911,22.562121
418,紫康专业修脚房(莲塘店),生活服务,洗浴推拿场所,洗浴推拿场所,广东省,深圳市,罗湖区,114.172877,22.561686
419,九艾御堂艾灸馆,生活服务,洗浴推拿场所,洗浴推拿场所,广东省,深圳市,罗湖区,114.169872,22.56053
420,纳米汗蒸(名骏豪庭店),生活服务,洗浴推拿场所,洗浴推拿场所,广东省,深圳市,罗湖区,114.17145,22.55911
421,欣源足浴养生馆,生活服务,洗浴推拿场所,洗浴推拿场所,广东省,深圳市,罗湖区,114.172934,22.558787
422,逸康堂养生按摩,生活服务,洗浴推拿场所,洗浴推拿场所,广东省,深圳市,罗湖区,114.16611,22.561719
423,明缘康盲人推拿中心,生活服务,洗浴推拿场所,洗浴推拿场所,广东省,深圳市,龙岗区,114.230345,22.746344
424,梁氏浴足天地,生活服务,洗浴推拿场所,洗浴推拿场所,广东省,深圳市,龙岗区,114.230365,22.746257
425,金昇休闲会所,生活服务,洗浴推拿场所,洗浴推拿场所,广东省,深圳市,龙岗区,114.23108,22.747078
426,聚龙轩保健俱乐部,生活服务,洗浴推拿场所,洗浴推拿场所,广东省,深圳市,龙岗区,114.223879,22.721986
427,康沛轩小儿推拿,生活服务,洗浴推拿场所,洗浴推拿场所,广东省,深圳市,龙岗区,114.221953,22.687832
428,如悦养生(荷坳店),生活服务,洗浴推拿场所,洗浴推拿场所,广东省,深圳市,龙岗区,114.223005,22.680972
429,康悦足疗(荷坳48店),生活服务,洗浴推拿场所,洗浴推拿场所,广东省,深圳市,龙岗区,114.227438,22.677446
430,金凤凰保健城,生活服务,洗浴推拿场所,洗浴推拿场所,广东省,深圳市,龙岗区,114.211322,22.646418
431,同心休闲会所,生活服务,洗浴推拿场所,洗浴推拿场所,广东省,深圳市,龙岗区,114.210969,22.644475
432,金沙水疗会所,生活服务,洗浴推拿场所,洗浴推拿场所,广东省,深圳市,龙岗区,114.211402,22.641715
433,梵易养生馆(横岗店),生活服务,洗浴推拿场所,洗浴推拿场所,广东省,深圳市,龙岗区,114.208969,22.645554
434,康源足部养生,生活服务,洗浴推拿场所,洗浴推拿场所,广东省,深圳市,龙岗区,114.211607,22.645002
435,罗德全推拿保健按摩院,生活服务,洗浴推拿场所,洗浴推拿场所,广东省,深圳市,龙岗区,114.213014,22.645223
436,容儿传统经络推拿养生,生活服务,洗浴推拿场所,洗浴推拿场所,广东省,深圳市,龙岗区,114.207654,22.643371
437,阳光足道养生馆,生活服务,洗浴推拿场所,洗浴推拿场所,广东省,深圳市,龙岗区,114.204457,22.648549
438,好美汗蒸养生馆,生活服务,洗浴推拿场所,洗浴推拿场所,广东省,深圳市,龙岗区,114.226222,22.614914
439,锦德轩专业理疗,生活服务,洗浴推拿场所,洗浴推拿场所,广东省,深圳市,龙岗区,114.222913,22.612809
440,皇轩休闲会所,生活服务,洗浴推拿场所,洗浴推拿场所,广东省,深圳市,龙岗区,114.223665,22.61293
441,金缘养生馆藏舒堂专业修脚房,生活服务,洗浴推拿场所,洗浴推拿场所,广东省,深圳市,龙岗区,114.222794,22.613254
442,耳满意足,生活服务,洗浴推拿场所,洗浴推拿场所,广东省,深圳市,罗湖区,114.19446,22.590593
443,新富华休闲会所,生活服务,洗浴推拿场所,洗浴推拿场所,广东省,深圳市,龙岗区,114.228051,22.616779
444,金足阁养生堂(西坑店),生活服务,洗浴推拿场所,洗浴推拿场所,广东省,深圳市,龙岗区,114.225624,22.617834
445,富城按摩中心,生活服务,洗浴推拿场所,洗浴推拿场所,广东省,深圳市,盐田区,114.225457,22.552148
446,香榭休闲会所,生活服务,洗浴推拿场所,洗浴推拿场所,广东省,深圳市,盐田区,114.23136,22.549957
447,怡合缘保健按摩养生馆,生活服务,洗浴推拿场所,洗浴推拿场所,广东省,深圳市,盐田区,114.227293,22.552114
448,桂华源养生会所,生活服务,洗浴推拿场所,洗浴推拿场所,广东省,深圳市,龙岗区,114.243896,22.754295
449,五联纳米养生会所,生活服务,洗浴推拿场所,洗浴推拿场所,广东省,深圳市,龙岗区,114.245931,22.751749
450,丽丽盲人按摩店,生活服务,洗浴推拿场所,洗浴推拿场所,广东省,深圳市,龙岗区,114.248142,22.750565
451,张老足底(中心城店),生活服务,洗浴推拿场所,洗浴推拿场所,广东省,深圳市,龙岗区,114.253029,22.728595
452,欧景城水疗健身会所,生活服务,洗浴推拿场所,洗浴推拿场所,广东省,深圳市,龙岗区,114.236059,22.725082
453,满足堂,生活服务,洗浴推拿场所,洗浴推拿场所,广东省,深圳市,龙岗区,114.250504,22.723116
454,桃花源休闲会所,生活服务,洗浴推拿场所,洗浴推拿场所,广东省,深圳市,龙岗区,114.265544,22.718527
455,VanCat梵猫(龙岗店),生活服务,洗浴推拿场所,洗浴推拿场所,广东省,深圳市,龙岗区,114.251423,22.724431
456,香水湾休闲,生活服务,洗浴推拿场所,洗浴推拿场所,广东省,深圳市,龙岗区,114.27036,22.721955
457,世外桃园休闲会所,生活服务,洗浴推拿场所,洗浴推拿场所,广东省,深圳市,龙岗区,114.265079,22.729236
458,众旺专业修脚店,生活服务,洗浴推拿场所,洗浴推拿场所,广东省,深圳市,龙岗区,114.255389,22.724638
459,真源堂,生活服务,洗浴推拿场所,洗浴推拿场所,广东省,深圳市,龙岗区,114.240944,22.725901
460,深圳龙岗珠江皇冠假日酒店-桑拿(暂停营业),生活服务,洗浴推拿场所,洗浴推拿场所,广东省,深圳市,龙岗区,114.25048,22.7232
461,余师傅盲人中医推拿按摩理疗,生活服务,洗浴推拿场所,洗浴推拿场所,广东省,深圳市,龙岗区,114.25405,22.725106
462,张老足底(南联路店),生活服务,洗浴推拿场所,洗浴推拿场所,广东省,深圳市,龙岗区,114.263069,22.723255
463,碧水阳光休闲(嶂背店),生活服务,洗浴推拿场所,洗浴推拿场所,广东省,深圳市,龙岗区,114.250008,22.686492
464,君怡养生馆,生活服务,洗浴推拿场所,洗浴推拿场所,广东省,深圳市,龙岗区,114.24787,22.686348
465,峰雪足道馆,生活服务,洗浴推拿场所,洗浴推拿场所,广东省,深圳市,龙岗区,114.253319,22.687874
466,香樟园休闲会所,生活服务,洗浴推拿场所,洗浴推拿场所,广东省,深圳市,龙岗区,114.253226,22.68852
467,易正堂,生活服务,洗浴推拿场所,洗浴推拿场所,广东省,深圳市,龙岗区,114.261088,22.683598
468,心如美容足浴,生活服务,洗浴推拿场所,洗浴推拿场所,广东省,深圳市,龙岗区,114.243319,22.68335
469,富华足浴,生活服务,洗浴推拿场所,洗浴推拿场所,广东省,深圳市,龙岗区,114.246303,22.646964
470,新富华休闲会所,生活服务,洗浴推拿场所,洗浴推拿场所,广东省,深圳市,龙岗区,114.246541,22.646756
471,一米阳光休闲,生活服务,洗浴推拿场所,洗浴推拿场所,广东省,深圳市,龙岗区,114.240938,22.645308
472,康足健养生馆,生活服务,洗浴推拿场所,洗浴推拿场所,广东省,深圳市,龙岗区,114.242804,22.64904
473,沐足养生,生活服务,洗浴推拿场所,洗浴推拿场所,广东省,深圳市,龙岗区,114.239601,22.645577
474,明人馆,生活服务,洗浴推拿场所,洗浴推拿场所,广东省,深圳市,龙岗区,114.238255,22.643824
475,水森林养生馆,生活服务,洗浴推拿场所,洗浴推拿场所,广东省,深圳市,盐田区,114.247756,22.594677
476,东海岸休闲会所,生活服务,洗浴推拿场所,洗浴推拿场所,广东省,深圳市,盐田区,114.25527,22.590001
477,郑远元专业修脚房(和亨家园店),生活服务,洗浴推拿场所,洗浴推拿场所,广东省,深圳市,盐田区,114.253141,22.590805
478,尚岸养生园,生活服务,洗浴推拿场所,洗浴推拿场所,广东省,深圳市,盐田区,114.257381,22.59144
479,鸿福轩休闲馆,生活服务,洗浴推拿场所,洗浴推拿场所,广东省,深圳市,盐田区,114.252022,22.588803
480,广益堂·正骨推拿(深圳盐田分店),生活服务,洗浴推拿场所,洗浴推拿场所,广东省,深圳市,盐田区,114.250155,22.568464
481,正怡堂养生,生活服务,洗浴推拿场所,洗浴推拿场所,广东省,深圳市,盐田区,114.238823,22.557205
482,金色盆地足浴保健城,生活服务,洗浴推拿场所,洗浴推拿场所,广东省,深圳市,龙岗区,114.301232,22.76467
483,足浴按摩汗蒸理疗,生活服务,洗浴推拿场所,洗浴推拿场所,广东省,深圳市,龙岗区,114.287816,22.756477
484,皇室推拿音乐足吧,生活服务,洗浴推拿场所,洗浴推拿场所,广东省,深圳市,龙岗区,114.284297,22.762812
485,东海洲际休闲中心,生活服务,洗浴推拿场所,洗浴推拿场所,广东省,深圳市,龙岗区,114.287772,22.755736
486,鑫蓝梦湾休闲会所,生活服务,洗浴推拿场所,洗浴推拿场所,广东省,深圳市,龙岗区,114.284504,22.762905
487,新起点养生馆,生活服务,洗浴推拿场所,洗浴推拿场所,广东省,深圳市,龙岗区,114.295167,22.767986
488,开心果,生活服务,洗浴推拿场所,洗浴推拿场所,广东省,深圳市,龙岗区,114.291298,22.721889
489,鸿发养生馆,生活服务,洗浴推拿场所,洗浴推拿场所,广东省,深圳市,龙岗区,114.292391,22.722395
490,金色月光养生园(金色风铃店),生活服务,洗浴推拿场所,洗浴推拿场所,广东省,深圳市,龙岗区,114.290546,22.723667
491,金之源会所,生活服务,洗浴推拿场所,洗浴推拿场所,广东省,深圳市,龙岗区,114.292445,22.723979
492,江南故事沐足中心,生活服务,洗浴推拿场所,洗浴推拿场所,广东省,深圳市,龙岗区,114.2909,22.724661
493,何姐足浴,生活服务,洗浴推拿场所,洗浴推拿场所,广东省,深圳市,龙岗区,114.292179,22.7241
494,金龙休闲会所,生活服务,洗浴推拿场所,洗浴推拿场所,广东省,深圳市,龙岗区,114.289756,22.723984
495,良子足道,生活服务,洗浴推拿场所,洗浴推拿场所,广东省,深圳市,龙岗区,114.29003,22.725653
496,江南故事,生活服务,洗浴推拿场所,洗浴推拿场所,广东省,深圳市,龙岗区,114.290849,22.724679
497,雅歌盲人专业按摩,生活服务,洗浴推拿场所,洗浴推拿场所,广东省,深圳市,龙岗区,114.292731,22.718104
498,中医理疗馆,生活服务,洗浴推拿场所,洗浴推拿场所,广东省,深圳市,龙岗区,114.286587,22.692416
499,茵特拉根温泉,生活服务,洗浴推拿场所,洗浴推拿场所,广东省,深圳市,盐田区,114.27477,22.633101
500,茵特拉根华侨城酒店-桑拿,生活服务,洗浴推拿场所,洗浴推拿场所,广东省,深圳市,盐田区,114.275792,22.631325
501,小苹果休闲会所,生活服务,洗浴推拿场所,洗浴推拿场所,广东省,深圳市,龙岗区,114.286525,22.693847
502,艾仁堂养生馆,生活服务,洗浴推拿场所,洗浴推拿场所,广东省,深圳市,盐田区,114.305292,22.595841
503,水森林养生馆(大梅沙店),生活服务,洗浴推拿场所,洗浴推拿场所,广东省,深圳市,盐田区,114.305132,22.595714
504,大梅沙海景酒店-桑拿按摩中心,生活服务,洗浴推拿场所,洗浴推拿场所,广东省,深圳市,盐田区,114.30653,22.593568
505,鑫汇足道,生活服务,洗浴推拿场所,洗浴推拿场所,广东省,深圳市,盐田区,114.310537,22.600499
506,芭堤雅酒店-足浴(暂停营业),生活服务,洗浴推拿场所,洗浴推拿场所,广东省,深圳市,盐田区,114.31002,22.599684
507,大梅沙京基海湾大酒店水疗中心,生活服务,洗浴推拿场所,洗浴推拿场所,广东省,深圳市,盐田区,114.310503,22.598021
508,观心堂养生馆,生活服务,洗浴推拿场所,洗浴推拿场所,广东省,深圳市,盐田区,114.309696,22.602152
509,海边浴场,生活服务,洗浴推拿场所,洗浴推拿场所,广东省,深圳市,盐田区,114.305534,22.592165
510,养元艾灸精剪美容美发,生活服务,洗浴推拿场所,洗浴推拿场所,广东省,深圳市,龙岗区,114.340904,22.792683
511,屈氏健康理疗,生活服务,洗浴推拿场所,洗浴推拿场所,广东省,深圳市,龙岗区,114.32707,22.785369
512,钟氏理疗馆,生活服务,洗浴推拿场所,洗浴推拿场所,广东省,深圳市,龙岗区,114.324622,22.785395
513,水莲花养生馆,生活服务,洗浴推拿场所,洗浴推拿场所,广东省,深圳市,龙岗区,114.322697,22.78462
514,金宝源休闲会所,生活服务,洗浴推拿场所,洗浴推拿场所,广东省,深圳市,龙岗区,114.330691,22.765154
515,逸美理疗馆,生活服务,洗浴推拿场所,洗浴推拿场所,广东省,深圳市,龙岗区,114.331883,22.766511
516,百龄足,生活服务,洗浴推拿场所,洗浴推拿场所,广东省,深圳市,坪山区,114.34005,22.706934
517,易林源足匠,生活服务,洗浴推拿场所,洗浴推拿场所,广东省,深圳市,坪山区,114.336024,22.68393
518,郭大侠艾灸养生馆,生活服务,洗浴推拿场所,洗浴推拿场所,广东省,深圳市,坪山区,114.328251,22.679374
519,富足道足疗养生馆,生活服务,洗浴推拿场所,洗浴推拿场所,广东省,深圳市,坪山区,114.327664,22.680791
520,大众中医按摩,生活服务,洗浴推拿场所,洗浴推拿场所,广东省,深圳市,坪山区,114.335093,22.679088
521,随心所浴养生会所,生活服务,洗浴推拿场所,洗浴推拿场所,广东省,深圳市,坪山区,114.346626,22.695709
522,张老足底(乐安居店),生活服务,洗浴推拿场所,洗浴推拿场所,广东省,深圳市,坪山区,114.339507,22.68357
523,海滨浴场(装修中),生活服务,洗浴推拿场所,洗浴推拿场所,广东省,深圳市,盐田区,114.314263,22.597536
524,乐安居国际酒店-足浴,生活服务,洗浴推拿场所,洗浴推拿场所,广东省,深圳市,坪山区,114.339529,22.683851
525,乐安居国际酒店-按摩室,生活服务,洗浴推拿场所,洗浴推拿场所,广东省,深圳市,坪山区,114.339529,22.683851
526,中医按摩,生活服务,洗浴推拿场所,洗浴推拿场所,广东省,深圳市,坪山区,114.373206,22.762919
527,童鑫休闲养生会所,生活服务,洗浴推拿场所,洗浴推拿场所,广东省,深圳市,坪山区,114.375796,22.761771
528,益心沐足养生,生活服务,洗浴推拿场所,洗浴推拿场所,广东省,深圳市,坪山区,114.370323,22.754799
529,皇朝休闲会所,生活服务,洗浴推拿场所,洗浴推拿场所,广东省,深圳市,坪山区,114.372484,22.735185
530,K舞沐足,生活服务,洗浴推拿场所,洗浴推拿场所,广东省,深圳市,坪山区,114.372722,22.735255
531,海之蓝健康会所,生活服务,洗浴推拿场所,洗浴推拿场所,广东省,深圳市,坪山区,114.370769,22.681787
532,明珠殿休闲会所,生活服务,洗浴推拿场所,洗浴推拿场所,广东省,深圳市,坪山区,114.371527,22.684516
533,水中花休闲会所,生活服务,洗浴推拿场所,洗浴推拿场所,广东省,深圳市,坪山区,114.368728,22.686097
534,金海会所,生活服务,洗浴推拿场所,洗浴推拿场所,广东省,深圳市,坪山区,114.379859,22.688993
535,华星休闲会所,生活服务,洗浴推拿场所,洗浴推拿场所,广东省,深圳市,坪山区,114.378289,22.689148
536,南美青花池,生活服务,洗浴推拿场所,洗浴推拿场所,广东省,深圳市,坪山区,114.363762,22.688335
537,白云山精油体验馆,生活服务,洗浴推拿场所,洗浴推拿场所,广东省,深圳市,坪山区,114.362099,22.689657
538,百乐访,生活服务,洗浴推拿场所,洗浴推拿场所,广东省,深圳市,坪山区,114.380488,22.691032
539,馨欣足浴店,生活服务,洗浴推拿场所,洗浴推拿场所,广东省,深圳市,坪山区,114.386697,22.682752
540,裕鑫阁休闲中心,生活服务,洗浴推拿场所,洗浴推拿场所,广东省,深圳市,坪山区,114.358435,22.686057
541,金悦湾音乐会所,生活服务,洗浴推拿场所,洗浴推拿场所,广东省,深圳市,坪山区,114.412679,22.761141
542,洛脚点,生活服务,洗浴推拿场所,洗浴推拿场所,广东省,深圳市,坪山区,114.403712,22.693067
543,皇室足浴,生活服务,洗浴推拿场所,洗浴推拿场所,广东省,深圳市,龙岗区,114.419505,22.628641
544,百龄足,生活服务,洗浴推拿场所,洗浴推拿场所,广东省,深圳市,龙岗区,114.4192,22.634477
545,TOUCH颐尊(深圳佳兆业万豪店),生活服务,洗浴推拿场所,洗浴推拿场所,广东省,深圳市,龙岗区,114.45941,22.569471
546,辉煌,生活服务,洗浴推拿场所,洗浴推拿场所,广东省,深圳市,龙岗区,114.476236,22.593442
547,张老足底(大鹏店),生活服务,洗浴推拿场所,洗浴推拿场所,广东省,深圳市,龙岗区,114.479478,22.586135
548,知足乐·道,生活服务,洗浴推拿场所,洗浴推拿场所,广东省,深圳市,龙岗区,114.47893,22.596434
549,金康福养生,生活服务,洗浴推拿场所,洗浴推拿场所,广东省,深圳市,龙岗区,114.476704,22.592259
550,杨波采耳修脚(大鹏店),生活服务,洗浴推拿场所,洗浴推拿场所,广东省,深圳市,龙岗区,114.477645,22.596346
551,湖北李时珍艾灸馆(大鹏店),生活服务,洗浴推拿场所,洗浴推拿场所,广东省,深圳市,龙岗区,114.4788,22.596379
552,好客来中医推拿,生活服务,洗浴推拿场所,洗浴推拿场所,广东省,深圳市,龙岗区,114.477177,22.593399
553,月亮湾休闲都会,生活服务,洗浴推拿场所,洗浴推拿场所,广东省,深圳市,龙岗区,114.481335,22.587877
554,金都城休闲会所,生活服务,洗浴推拿场所,洗浴推拿场所,广东省,深圳市,龙岗区,114.477215,22.594333
555,足运来专业修脚房(南联商业街分店),生活服务,洗浴推拿场所,洗浴推拿场所,广东省,深圳市,龙岗区,114.495777,22.567363
556,深圳市大鹏新区南澳圣效堂保健按摩中心,生活服务,洗浴推拿场所,洗浴推拿场所,广东省,深圳市,龙岗区,114.484032,22.547105
557,康城沐足,生活服务,洗浴推拿场所,洗浴推拿场所,广东省,深圳市,龙岗区,114.495238,22.534235
558,核电按摩馆,生活服务,洗浴推拿场所,洗浴推拿场所,广东省,深圳市,龙岗区,114.527141,22.593717
559,泰国鱼疗休闲馆,生活服务,洗浴推拿场所,洗浴推拿场所,广东省,深圳市,龙岗区,114.51308,22.594653
560,古城鱼疗,生活服务,洗浴推拿场所,洗浴推拿场所,广东省,深圳市,龙岗区,114.513077,22.594649
561,落脚地足浴坊,生活服务,洗浴推拿场所,洗浴推拿场所,广东省,深圳市,龙岗区,114.512321,22.590408
