,华姐理发店,生活服务,美容美发店,美容美发店.1,广东省,深圳市,宝安区,113.781431,22.726007
0,小不点发型设计,生活服务,美容美发店,美容美发店,广东省,深圳市,宝安区,113.783646,22.7222
1,纤艺,生活服务,美容美发店,美容美发店,广东省,深圳市,宝安区,113.811194,22.760107
2,名豪造型,生活服务,美容美发店,美容美发店,广东省,深圳市,宝安区,113.811411,22.760792
3,100丽造型美容养身馆,生活服务,美容美发店,美容美发店,广东省,深圳市,宝安区,113.810466,22.759416
4,艾尚经络养生馆,生活服务,美容美发店,美容美发店,广东省,深圳市,宝安区,113.809094,22.721611
5,相约佳人美容院,生活服务,美容美发店,美容美发店,广东省,深圳市,宝安区,113.807342,22.685072
6,皇潮造型(平福路),生活服务,美容美发店,美容美发店,广东省,深圳市,宝安区,113.847559,22.799452
7,雨田时尚(天虹商场),生活服务,美容美发店,美容美发店,广东省,深圳市,宝安区,113.851701,22.764058
8,快剪吧,生活服务,美容美发店,美容美发店,广东省,深圳市,宝安区,113.852525,22.762222
9,贵夫人美容,生活服务,美容美发店,美容美发店,广东省,深圳市,宝安区,113.850834,22.762411
10,健之缘保健中心,生活服务,美容美发店,美容美发店,广东省,深圳市,宝安区,113.847856,22.763134
11,瘦身美容养生馆,生活服务,美容美发店,美容美发店,广东省,深圳市,宝安区,113.851911,22.762441
12,发匠精致染烫造型,生活服务,美容美发店,美容美发店,广东省,深圳市,宝安区,113.843665,22.718962
13,深圳市创美纺织有限公司,生活服务,美容美发店,美容美发店,广东省,深圳市,宝安区,113.849821,22.720706
14,尚域,生活服务,美容美发店,美容美发店,广东省,深圳市,宝安区,113.849783,22.721998
15,时韵发专业烫染拉,生活服务,美容美发店,美容美发店,广东省,深圳市,宝安区,113.849745,22.721287
16,新艺美业,生活服务,美容美发店,美容美发店,广东省,深圳市,宝安区,113.848332,22.72445
17,亮彩造型,生活服务,美容美发店,美容美发店,广东省,深圳市,宝安区,113.842277,22.682189
18,金皇后,生活服务,美容美发店,美容美发店,广东省,深圳市,宝安区,113.852358,22.602629
19,伊蔓美容养生SPA,生活服务,美容美发店,美容美发店,广东省,深圳市,宝安区,113.852403,22.602648
20,红太阳美发(兴业路店),生活服务,美容美发店,美容美发店,广东省,深圳市,宝安区,113.860754,22.564009
21,奈欧美甲美睫沙龙(西乡店),生活服务,美容美发店,美容美发店,广东省,深圳市,宝安区,113.857103,22.570247
22,涵美之尚纤体工作室,生活服务,美容美发店,美容美发店,广东省,深圳市,宝安区,113.854967,22.566966
23,克丽缇娜(佳靓店),生活服务,美容美发店,美容美发店,广东省,深圳市,宝安区,113.854554,22.569064
24,金木浴疗,生活服务,美容美发店,美容美发店,广东省,深圳市,南山区,113.870001,22.513744
25,美颜国际美容美发,生活服务,美容美发店,美容美发店,广东省,深圳市,宝安区,113.866158,22.541658
26,川嵃·美容养生SPA,生活服务,美容美发店,美容美发店,广东省,深圳市,宝安区,113.851257,22.56928
27,曼姿美甲美睫,生活服务,美容美发店,美容美发店,广东省,深圳市,宝安区,113.856156,22.567646
28,范斯哲护肤造型品牌店,生活服务,美容美发店,美容美发店,广东省,深圳市,宝安区,113.856131,22.567771
29,贝克造型,生活服务,美容美发店,美容美发店,广东省,深圳市,宝安区,113.855744,22.567765
30,匠人工作室,生活服务,美容美发店,美容美发店,广东省,深圳市,宝安区,113.859638,22.562105
31,梵赛皇家经典养生,生活服务,美容美发店,美容美发店,广东省,深圳市,宝安区,113.854583,22.568227
32,发谱造型,生活服务,美容美发店,美容美发店,广东省,深圳市,宝安区,113.858518,22.560226
33,蕊·日式美甲美睫沙龙,生活服务,美容美发店,美容美发店,广东省,深圳市,宝安区,113.856895,22.568203
34,奈瑞儿(西乡店),生活服务,美容美发店,美容美发店,广东省,深圳市,宝安区,113.856356,22.569509
35,竼赛美容院,生活服务,美容美发店,美容美发店,广东省,深圳市,宝安区,113.854574,22.568285
36,苏琪护肤造型(富通城店),生活服务,美容美发店,美容美发店,广东省,深圳市,宝安区,113.854926,22.568651
37,GiGi'Studio,生活服务,美容美发店,美容美发店,广东省,深圳市,宝安区,113.856931,22.567173
38,丝域养发馆(富通城店),生活服务,美容美发店,美容美发店,广东省,深圳市,宝安区,113.854015,22.569578
39,臻羽蝶乌发生发,生活服务,美容美发店,美容美发店,广东省,深圳市,宝安区,113.859601,22.562072
40,亮贝丝养生养发馆(富通城店),生活服务,美容美发店,美容美发店,广东省,深圳市,宝安区,113.855405,22.567805
41,聚缘茶麸养发馆,生活服务,美容美发店,美容美发店,广东省,深圳市,宝安区,113.860059,22.564442
42,天使之彩美甲店,生活服务,美容美发店,美容美发店,广东省,深圳市,宝安区,113.85705,22.570254
43,OUFEQAN欧妃泉,生活服务,美容美发店,美容美发店,广东省,深圳市,宝安区,113.856431,22.569139
44,罗蜜雅伦(七巧国直营店),生活服务,美容美发店,美容美发店,广东省,深圳市,宝安区,113.856204,22.569332
45,碧斯美容美体养生馆,生活服务,美容美发店,美容美发店,广东省,深圳市,宝安区,113.858107,22.56847
46,伊梵世家美容养生会所,生活服务,美容美发店,美容美发店,广东省,深圳市,宝安区,113.860473,22.564304
47,西米优瘦身(碧海店),生活服务,美容美发店,美容美发店,广东省,深圳市,宝安区,113.857695,22.568776
48,红云理发店,生活服务,美容美发店,美容美发店,广东省,深圳市,宝安区,113.859607,22.565974
49,简艺(悦和路),生活服务,美容美发店,美容美发店,广东省,深圳市,宝安区,113.857214,22.569625
50,韵味养生馆,生活服务,美容美发店,美容美发店,广东省,深圳市,宝安区,113.859682,22.564608
51,韩格美发工作室,生活服务,美容美发店,美容美发店,广东省,深圳市,宝安区,113.859968,22.56617
52,百莲凯科技美容养生会所,生活服务,美容美发店,美容美发店,广东省,深圳市,宝安区,113.854662,22.568951
53,好青丝养发(绿海名居店),生活服务,美容美发店,美容美发店,广东省,深圳市,宝安区,113.859853,22.56273
54,智丽佳人袪斑(宝中总代),生活服务,美容美发店,美容美发店,广东省,深圳市,宝安区,113.860311,22.564444
55,N次芳,生活服务,美容美发店,美容美发店,广东省,深圳市,宝安区,113.856009,22.567854
56,VNS威妮丝,生活服务,美容美发店,美容美发店,广东省,深圳市,宝安区,113.859885,22.564788
57,享瘦专业养生减肥馆,生活服务,美容美发店,美容美发店,广东省,深圳市,宝安区,113.859969,22.564704
58,女王派对美甲美睫纹绣丽人形象店,生活服务,美容美发店,美容美发店,广东省,深圳市,宝安区,113.857339,22.567724
59,金芙蓉美得康养生会所,生活服务,美容美发店,美容美发店,广东省,深圳市,宝安区,113.851286,22.57032
60,名师艺剪,生活服务,美容美发店,美容美发店,广东省,深圳市,光明区,113.891306,22.801811
61,新时代烫染直发店,生活服务,美容美发店,美容美发店,广东省,深圳市,光明区,113.889803,22.801163
62,臻美美容养生,生活服务,美容美发店,美容美发店,广东省,深圳市,光明区,113.891269,22.800403
63,发源地美发造型,生活服务,美容美发店,美容美发店,广东省,深圳市,光明区,113.890449,22.800644
64,一顶红烫染工作室,生活服务,美容美发店,美容美发店,广东省,深圳市,光明区,113.889796,22.80143
65,天姿美发,生活服务,美容美发店,美容美发店,广东省,深圳市,光明区,113.889709,22.800656
66,DK发艺,生活服务,美容美发店,美容美发店,广东省,深圳市,光明区,113.889586,22.800369
67,噢灵美容美甲,生活服务,美容美发店,美容美发店,广东省,深圳市,光明区,113.891331,22.765245
68,木兰香美容养生馆,生活服务,美容美发店,美容美发店,广东省,深圳市,光明区,113.894063,22.762714
69,紫妍美容养生馆,生活服务,美容美发店,美容美发店,广东省,深圳市,光明区,113.890566,22.764939
70,娜美发艺,生活服务,美容美发店,美容美发店,广东省,深圳市,光明区,113.894931,22.762053
71,卡艺造型,生活服务,美容美发店,美容美发店,广东省,深圳市,光明区,113.895113,22.761569
72,天丽美容美发,生活服务,美容美发店,美容美发店,广东省,深圳市,光明区,113.895694,22.761297
73,专业祛斑祛痘中心,生活服务,美容美发店,美容美发店,广东省,深圳市,光明区,113.891017,22.765206
74,噢灵工作室,生活服务,美容美发店,美容美发店,广东省,深圳市,光明区,113.891342,22.765248
75,丽雅阁,生活服务,美容美发店,美容美发店,广东省,深圳市,光明区,113.891408,22.76527
76,风采精剪烫染,生活服务,美容美发店,美容美发店,广东省,深圳市,光明区,113.895317,22.761255
77,安然养生,生活服务,美容美发店,美容美发店,广东省,深圳市,宝安区,113.89251,22.66977
78,魅影造型,生活服务,美容美发店,美容美发店,广东省,深圳市,宝安区,113.898181,22.672482
79,米勒造型女子烫染,生活服务,美容美发店,美容美发店,广东省,深圳市,宝安区,113.898308,22.672501
80,艺尚造型,生活服务,美容美发店,美容美发店,广东省,深圳市,宝安区,113.899846,22.674054
81,润妍美容,生活服务,美容美发店,美容美发店,广东省,深圳市,宝安区,113.894296,22.669874
82,肌肤之光皮肤管理中心,生活服务,美容美发店,美容美发店,广东省,深圳市,宝安区,113.893521,22.669454
83,秀媛生活馆,生活服务,美容美发店,美容美发店,广东省,深圳市,宝安区,113.893627,22.669451
84,东洋造型,生活服务,美容美发店,美容美发店,广东省,深圳市,宝安区,113.899937,22.67189
85,千姿百态形象工作室,生活服务,美容美发店,美容美发店,广东省,深圳市,宝安区,113.890973,22.668507
86,真我风采,生活服务,美容美发店,美容美发店,广东省,深圳市,宝安区,113.888434,22.665863
87,剪剪旺,生活服务,美容美发店,美容美发店,广东省,深圳市,宝安区,113.891421,22.667845
88,瑞倪维儿美容养生馆,生活服务,美容美发店,美容美发店,广东省,深圳市,宝安区,113.894297,22.669851
89,雨佳祛斑美容,生活服务,美容美发店,美容美发店,广东省,深圳市,宝安区,113.891492,22.668328
90,签约祛痘,生活服务,美容美发店,美容美发店,广东省,深圳市,宝安区,113.891143,22.668266
91,熙爱健康美肤中心,生活服务,美容美发店,美容美发店,广东省,深圳市,宝安区,113.891248,22.668496
92,聚坊造型,生活服务,美容美发店,美容美发店,广东省,深圳市,宝安区,113.891027,22.667956
93,玫琳凯美丽课堂,生活服务,美容美发店,美容美发店,广东省,深圳市,宝安区,113.889743,22.665993
94,素颜美容养颜馆,生活服务,美容美发店,美容美发店,广东省,深圳市,宝安区,113.891219,22.667693
95,四顺发艺,生活服务,美容美发店,美容美发店,广东省,深圳市,宝安区,113.890131,22.667556
96,千语千寻,生活服务,美容美发店,美容美发店,广东省,深圳市,宝安区,113.887867,22.598613
97,魔发秀,生活服务,美容美发店,美容美发店,广东省,深圳市,宝安区,113.885656,22.60113
98,98视觉形象设计,生活服务,美容美发店,美容美发店,广东省,深圳市,宝安区,113.887867,22.601351
99,东方丽人,生活服务,美容美发店,美容美发店,广东省,深圳市,宝安区,113.888155,22.600614
100,叶子工作室,生活服务,美容美发店,美容美发店,广东省,深圳市,宝安区,113.888364,22.600935
101,养生阁理疗馆,生活服务,美容美发店,美容美发店,广东省,深圳市,宝安区,113.888229,22.60124
102,时尚有约专业烫染,生活服务,美容美发店,美容美发店,广东省,深圳市,宝安区,113.887672,22.601025
103,首show(铁岗店),生活服务,美容美发店,美容美发店,广东省,深圳市,宝安区,113.887606,22.600565
104,艺新造型,生活服务,美容美发店,美容美发店,广东省,深圳市,宝安区,113.887805,22.600353
105,媄颜坊美容美体护肤中心,生活服务,美容美发店,美容美发店,广东省,深圳市,宝安区,113.88747,22.600874
106,思妍美容美甲纹绣,生活服务,美容美发店,美容美发店,广东省,深圳市,宝安区,113.8876,22.600452
107,发匠美业,生活服务,美容美发店,美容美发店,广东省,深圳市,宝安区,113.887868,22.600346
108,剪神美发,生活服务,美容美发店,美容美发店,广东省,深圳市,宝安区,113.887383,22.600026
109,星尚专业烫染,生活服务,美容美发店,美容美发店,广东省,深圳市,宝安区,113.886361,22.601395
110,欣尚渼美容美发,生活服务,美容美发店,美容美发店,广东省,深圳市,宝安区,113.893546,22.560405
111,完美发型设计,生活服务,美容美发店,美容美发店,广东省,深圳市,宝安区,113.889045,22.55785
112,雪姿美容养生馆,生活服务,美容美发店,美容美发店,广东省,深圳市,宝安区,113.890298,22.56222
113,诗碧曼,生活服务,美容美发店,美容美发店,广东省,深圳市,宝安区,113.89022,22.562291
114,发随心动,生活服务,美容美发店,美容美发店,广东省,深圳市,南山区,113.911278,22.514175
115,亲恩产后恢复,生活服务,美容美发店,美容美发店,广东省,深圳市,南山区,113.88686,22.512261
116,发家丝情髪艺,生活服务,美容美发店,美容美发店,广东省,深圳市,南山区,113.891218,22.479725
117,q发屋(赤湾人人乐店),生活服务,美容美发店,美容美发店,广东省,深圳市,南山区,113.888039,22.478737
118,面子智能美肤,生活服务,美容美发店,美容美发店,广东省,深圳市,南山区,113.888442,22.478905
119,养怡坊,生活服务,美容美发店,美容美发店,广东省,深圳市,光明区,113.942433,22.801703
120,贵丽丝理发店,生活服务,美容美发店,美容美发店,广东省,深圳市,光明区,113.941698,22.804381
121,黄记理发,生活服务,美容美发店,美容美发店,广东省,深圳市,光明区,113.941939,22.80353
122,丰顺发室,生活服务,美容美发店,美容美发店,广东省,深圳市,光明区,113.942144,22.803158
123,你好漂亮,生活服务,美容美发店,美容美发店,广东省,深圳市,光明区,113.941983,22.802777
124,发艺轩,生活服务,美容美发店,美容美发店,广东省,深圳市,光明区,113.943106,22.802239
125,老袁美发,生活服务,美容美发店,美容美发店,广东省,深圳市,光明区,113.938446,22.765053
126,MK素颜美肌旗舰店,生活服务,美容美发店,美容美发店,广东省,深圳市,光明区,113.924582,22.764351
127,名艺养生,生活服务,美容美发店,美容美发店,广东省,深圳市,宝安区,113.936547,22.677449
128,爱情故事,生活服务,美容美发店,美容美发店,广东省,深圳市,宝安区,113.931708,22.681477
129,TV主题沙龙,生活服务,美容美发店,美容美发店,广东省,深圳市,宝安区,113.931805,22.679664
130,柏康美汗蒸美容会所,生活服务,美容美发店,美容美发店,广东省,深圳市,宝安区,113.92977,22.682434
131,康丽汗蒸美容养生馆(石岩店),生活服务,美容美发店,美容美发店,广东省,深圳市,宝安区,113.928812,22.644118
132,艾琪艺专业烫染店,生活服务,美容美发店,美容美发店,广东省,深圳市,宝安区,113.928555,22.643408
133,秀美丽美容养生店,生活服务,美容美发店,美容美发店,广东省,深圳市,宝安区,113.928494,22.641601
134,美容养生坊,生活服务,美容美发店,美容美发店,广东省,深圳市,宝安区,113.929779,22.644151
135,小小美发工作室,生活服务,美容美发店,美容美发店,广东省,深圳市,宝安区,113.928619,22.643049
136,康丽百年经络养生馆,生活服务,美容美发店,美容美发店,广东省,深圳市,宝安区,113.928721,22.644299
137,卡丝(应人石店),生活服务,美容美发店,美容美发店,广东省,深圳市,宝安区,113.927449,22.643383
138,么尚国际,生活服务,美容美发店,美容美发店,广东省,深圳市,宝安区,113.92951,22.644298
139,深圳美丽田园园艺有限公司,生活服务,美容美发店,美容美发店,广东省,深圳市,南山区,113.937109,22.597884
140,深圳市百森梵健康管理中心,生活服务,美容美发店,美容美发店,广东省,深圳市,南山区,113.938874,22.597174
141,新时代,生活服务,美容美发店,美容美发店,广东省,深圳市,南山区,113.927814,22.586057
142,名艺烫染连锁,生活服务,美容美发店,美容美发店,广东省,深圳市,南山区,113.927847,22.614667
143,蓓俪芙养森,生活服务,美容美发店,美容美发店,广东省,深圳市,南山区,113.926999,22.564868
144,大众美容美发,生活服务,美容美发店,美容美发店,广东省,深圳市,南山区,113.925489,22.565338
145,芳子美容(鸿瑞花园店),生活服务,美容美发店,美容美发店,广东省,深圳市,南山区,113.927021,22.520862
146,美丽湾,生活服务,美容美发店,美容美发店,广东省,深圳市,南山区,113.920872,22.511311
147,百丽雅三养美容(鸿瑞店),生活服务,美容美发店,美容美发店,广东省,深圳市,南山区,113.926994,22.520548
148,你型我塑发艺,生活服务,美容美发店,美容美发店,广东省,深圳市,南山区,113.927085,22.522798
149,慕颜堂健康美容会所,生活服务,美容美发店,美容美发店,广东省,深圳市,南山区,113.931945,22.523242
150,沐铭居美容美体养生会馆,生活服务,美容美发店,美容美发店,广东省,深圳市,南山区,113.931832,22.520227
151,大众理发店,生活服务,美容美发店,美容美发店,广东省,深圳市,南山区,113.93077,22.485665
152,富苑名,生活服务,美容美发店,美容美发店,广东省,深圳市,南山区,113.93025,22.479656
153,友爱美容店,生活服务,美容美发店,美容美发店,广东省,深圳市,光明区,113.964214,22.805022
154,尚逸造型,生活服务,美容美发店,美容美发店,广东省,深圳市,光明区,113.963979,22.805317
155,雅姿美发,生活服务,美容美发店,美容美发店,广东省,深圳市,光明区,113.958995,22.790392
156,沙宣造型,生活服务,美容美发店,美容美发店,广东省,深圳市,光明区,113.981478,22.725756
157,MK形象设计中心,生活服务,美容美发店,美容美发店,广东省,深圳市,光明区,113.957522,22.723183
158,艺剪吧,生活服务,美容美发店,美容美发店,广东省,深圳市,宝安区,113.965659,22.70872
159,尚纤艺美业,生活服务,美容美发店,美容美发店,广东省,深圳市,宝安区,113.965545,22.707856
160,形象设计,生活服务,美容美发店,美容美发店,广东省,深圳市,宝安区,113.965113,22.684317
161,唯美美发,生活服务,美容美发店,美容美发店,广东省,深圳市,宝安区,113.965078,22.68422
162,木木美妆工作室,生活服务,美容美发店,美容美发店,广东省,深圳市,南山区,113.970437,22.629179
163,出发点美容美发,生活服务,美容美发店,美容美发店,广东省,深圳市,南山区,113.971581,22.628473
164,丽莎造型,生活服务,美容美发店,美容美发店,广东省,深圳市,南山区,113.970884,22.629771
165,亚太名媛,生活服务,美容美发店,美容美发店,广东省,深圳市,南山区,113.970883,22.628963
166,回首发艺,生活服务,美容美发店,美容美发店,广东省,深圳市,南山区,113.973059,22.623467
167,大众发艺,生活服务,美容美发店,美容美发店,广东省,深圳市,南山区,113.951686,22.635072
168,卡恩造型,生活服务,美容美发店,美容美发店,广东省,深圳市,南山区,113.980601,22.623194
169,亿甲坊·生活馆,生活服务,美容美发店,美容美发店,广东省,深圳市,南山区,113.98053,22.623143
170,艾丽素美容养生馆,生活服务,美容美发店,美容美发店,广东省,深圳市,南山区,113.973576,22.622783
171,时尚芭莎造型,生活服务,美容美发店,美容美发店,广东省,深圳市,南山区,113.966085,22.593333
172,奥榄纯抗衰老皮肤管理中心,生活服务,美容美发店,美容美发店,广东省,深圳市,南山区,113.966256,22.593364
173,克丽缇娜(西丽店),生活服务,美容美发店,美容美发店,广东省,深圳市,南山区,113.964601,22.593071
174,面子智能美肤,生活服务,美容美发店,美容美发店,广东省,深圳市,南山区,113.964726,22.593261
175,欧雅·造型,生活服务,美容美发店,美容美发店,广东省,深圳市,南山区,113.973879,22.560524
176,南山本田美容中心,生活服务,美容美发店,美容美发店,广东省,深圳市,南山区,113.973096,22.561611
177,雨佳美妆,生活服务,美容美发店,美容美发店,广东省,深圳市,南山区,113.974215,22.560448
178,艺珍发艺,生活服务,美容美发店,美容美发店,广东省,深圳市,南山区,113.973845,22.559853
179,唯造型美容美发店,生活服务,美容美发店,美容美发店,广东省,深圳市,南山区,113.973619,22.560547
180,唯一美容美发,生活服务,美容美发店,美容美发店,广东省,深圳市,南山区,113.973614,22.560355
181,黑眼圈造型工作室(红树湾总店),生活服务,美容美发店,美容美发店,广东省,深圳市,南山区,113.966927,22.521986
182,柏芙轩,生活服务,美容美发店,美容美发店,广东省,深圳市,南山区,113.975082,22.52543
183,聚美缘,生活服务,美容美发店,美容美发店,广东省,深圳市,南山区,113.965813,22.522218
184,我的美容健康管理连锁机构(生态店),生活服务,美容美发店,美容美发店,广东省,深圳市,南山区,113.982436,22.536921
185,首脑(京基百纳店),生活服务,美容美发店,美容美发店,广东省,深圳市,南山区,113.969554,22.530872
186,雅子日系手工专属发型工作室,生活服务,美容美发店,美容美发店,广东省,深圳市,南山区,113.952347,22.48827
187,秀域科技健康(京基店),生活服务,美容美发店,美容美发店,广东省,深圳市,南山区,113.969918,22.532196
188,领秀人生美发会所,生活服务,美容美发店,美容美发店,广东省,深圳市,南山区,113.968829,22.530935
189,艾功馆·艾灸养生,生活服务,美容美发店,美容美发店,广东省,深圳市,南山区,113.969573,22.532084
190,美丽田园(南山京基百纳广场店),生活服务,美容美发店,美容美发店,广东省,深圳市,南山区,113.970204,22.530397
191,领袖发廊,生活服务,美容美发店,美容美发店,广东省,深圳市,南山区,113.969316,22.530687
192,绝色美甲(京基百纳店),生活服务,美容美发店,美容美发店,广东省,深圳市,南山区,113.968315,22.531654
193,皇家仙香(京基百纳广场店),生活服务,美容美发店,美容美发店,广东省,深圳市,南山区,113.970227,22.530454
194,美之堂美颜养生,生活服务,美容美发店,美容美发店,广东省,深圳市,南山区,113.969902,22.532197
195,缔豪美业连锁,生活服务,美容美发店,美容美发店,广东省,深圳市,南山区,113.9691,22.532101
196,MINI专业美发(沙河天虹店),生活服务,美容美发店,美容美发店,广东省,深圳市,南山区,113.969128,22.530648
197,发间专业烫染,生活服务,美容美发店,美容美发店,广东省,深圳市,南山区,113.96957,22.532228
198,首美美发店,生活服务,美容美发店,美容美发店,广东省,深圳市,南山区,113.968821,22.531626
199,阿勇美发店,生活服务,美容美发店,美容美发店,广东省,深圳市,龙华区,114.017219,22.749263
200,肤精灵健康美容美体中心,生活服务,美容美发店,美容美发店,广东省,深圳市,龙华区,114.012037,22.725015
201,蓝派发型设计烫染店,生活服务,美容美发店,美容美发店,广东省,深圳市,龙华区,114.012464,22.726334
202,流行一派美容美发连锁店,生活服务,美容美发店,美容美发店,广东省,深圳市,龙华区,114.008286,22.677526
203,香港修身堂,生活服务,美容美发店,美容美发店,广东省,深圳市,龙华区,114.008389,22.67763
204,好再来烫染中心,生活服务,美容美发店,美容美发店,广东省,深圳市,龙华区,114.010903,22.679867
205,丽颜堂美容SPA会所,生活服务,美容美发店,美容美发店,广东省,深圳市,龙华区,114.010172,22.679786
206,云型连锁机构,生活服务,美容美发店,美容美发店,广东省,深圳市,龙华区,114.010266,22.679183
207,名发轩,生活服务,美容美发店,美容美发店,广东省,深圳市,龙华区,114.010564,22.679145
208,TOP托普美业(特发店),生活服务,美容美发店,美容美发店,广东省,深圳市,龙华区,114.011972,22.64201
209,丽妍国际,生活服务,美容美发店,美容美发店,广东省,深圳市,龙华区,114.012668,22.642615
210,克丽缇娜(和平里店),生活服务,美容美发店,美容美发店,广东省,深圳市,龙华区,114.011848,22.643306
211,熹颜美社(龙胜店),生活服务,美容美发店,美容美发店,广东省,深圳市,龙华区,114.011738,22.643426
212,艾漾时代科技美容养生,生活服务,美容美发店,美容美发店,广东省,深圳市,龙华区,114.012058,22.639966
213,首脑丝情美发沙龙(和平里店),生活服务,美容美发店,美容美发店,广东省,深圳市,龙华区,114.01206,22.643018
214,梵尼亚护肤造型,生活服务,美容美发店,美容美发店,广东省,深圳市,龙华区,114.010548,22.639502
215,一美造型,生活服务,美容美发店,美容美发店,广东省,深圳市,龙华区,114.012544,22.64266
216,TBt美发SALON(龙胜地铁站总店),生活服务,美容美发店,美容美发店,广东省,深圳市,龙华区,114.012663,22.642656
217,惠己悦人美甲美睫皮肤管理,生活服务,美容美发店,美容美发店,广东省,深圳市,南山区,114.012322,22.597825
218,Nice One TATTOO如一刺青,生活服务,美容美发店,美容美发店,广东省,深圳市,南山区,114.012184,22.597994
219,澜兮美学生活馆,生活服务,美容美发店,美容美发店,广东省,深圳市,南山区,114.012975,22.598663
220,克丽缇娜(御景峯店),生活服务,美容美发店,美容美发店,广东省,深圳市,南山区,114.011767,22.597808
221,国颐堂养发SPA馆(御景峯店),生活服务,美容美发店,美容美发店,广东省,深圳市,南山区,114.012042,22.598071
222,艺指空间(华晖云门店),生活服务,美容美发店,美容美发店,广东省,深圳市,南山区,114.001546,22.592362
223,克丽缇娜(华晖云门店),生活服务,美容美发店,美容美发店,广东省,深圳市,南山区,114.000057,22.591879
224,琉璃时光SPA会所,生活服务,美容美发店,美容美发店,广东省,深圳市,龙华区,114.028755,22.600848
225,蕾特恩专业祛痘(塘朗店),生活服务,美容美发店,美容美发店,广东省,深圳市,南山区,114.000855,22.591641
226,沃德美健康生活馆(香蜜半山会所),生活服务,美容美发店,美容美发店,广东省,深圳市,福田区,114.014318,22.564765
227,克丽缇娜(万泽店),生活服务,美容美发店,美容美发店,广东省,深圳市,福田区,114.016195,22.562801
228,TheSalon,生活服务,美容美发店,美容美发店,广东省,深圳市,福田区,114.015746,22.563204
229,名师发艺(香蜜湖分店),生活服务,美容美发店,美容美发店,广东省,深圳市,福田区,114.016506,22.563014
230,善颜美肌,生活服务,美容美发店,美容美发店,广东省,深圳市,福田区,114.01565,22.548826
231,星海Show(嗨您商场店),生活服务,美容美发店,美容美发店,广东省,深圳市,福田区,114.012237,22.551312
232,送美堂会所,生活服务,美容美发店,美容美发店,广东省,深圳市,福田区,114.018195,22.553179
233,首脑美发(侨香店),生活服务,美容美发店,美容美发店,广东省,深圳市,福田区,114.013695,22.550971
234,芳子美容(翠海花园店),生活服务,美容美发店,美容美发店,广东省,深圳市,福田区,114.015207,22.550106
235,发之泓养发馆(侨香店),生活服务,美容美发店,美容美发店,广东省,深圳市,福田区,114.01551,22.550856
236,明星妍国际会所(乔香路店),生活服务,美容美发店,美容美发店,广东省,深圳市,福田区,114.015386,22.551209
237,京都薇薇(竹子林店),生活服务,美容美发店,美容美发店,广东省,深圳市,福田区,114.005348,22.534436
238,细文salon,生活服务,美容美发店,美容美发店,广东省,深圳市,福田区,114.027194,22.52383
239,理肤印象万科滨海云中心,生活服务,美容美发店,美容美发店,广东省,深圳市,福田区,114.025849,22.530054
240,剪艺美,生活服务,美容美发店,美容美发店,广东省,深圳市,福田区,114.027345,22.524757
241,百度空间,生活服务,美容美发店,美容美发店,广东省,深圳市,龙华区,114.057043,22.743915
242,星少美发(GD80018店),生活服务,美容美发店,美容美发店,广东省,深圳市,龙华区,114.038006,22.761074
243,美之选,生活服务,美容美发店,美容美发店,广东省,深圳市,龙华区,114.060255,22.721637
244,大布巷皇剪造型潮牌店,生活服务,美容美发店,美容美发店,广东省,深圳市,龙华区,114.051701,22.719149
245,首尔星际,生活服务,美容美发店,美容美发店,广东省,深圳市,龙华区,114.05108,22.719128
246,新开端专业烫染店,生活服务,美容美发店,美容美发店,广东省,深圳市,龙华区,114.050278,22.718978
247,名艺造型,生活服务,美容美发店,美容美发店,广东省,深圳市,龙华区,114.050812,22.718727
248,美秀伊人化妆品(大布巷店),生活服务,美容美发店,美容美发店,广东省,深圳市,龙华区,114.051653,22.719089
249,首脑(比邻新天地),生活服务,美容美发店,美容美发店,广东省,深圳市,龙华区,114.040967,22.694076
250,韩式半永久定妆Sunny,生活服务,美容美发店,美容美发店,广东省,深圳市,龙华区,114.050079,22.683533
251,美颜阁,生活服务,美容美发店,美容美发店,广东省,深圳市,龙华区,114.048997,22.685841
252,克丽缇娜(大和路店),生活服务,美容美发店,美容美发店,广东省,深圳市,龙华区,114.047561,22.685103
253,皇家印象美容养生,生活服务,美容美发店,美容美发店,广东省,深圳市,龙华区,114.04773,22.685103
254,Melissa玛丽莎.国际美容(招商澜园店),生活服务,美容美发店,美容美发店,广东省,深圳市,龙华区,114.048039,22.685102
255,优剪(招商澜园工作室),生活服务,美容美发店,美容美发店,广东省,深圳市,龙华区,114.047916,22.685102
256,英妮尔美容美体,生活服务,美容美发店,美容美发店,广东省,深圳市,龙华区,114.047702,22.685103
257,心心美甲,生活服务,美容美发店,美容美发店,广东省,深圳市,龙华区,114.048302,22.678042
258,发泽造型(凤天大厦店),生活服务,美容美发店,美容美发店,广东省,深圳市,龙华区,114.050518,22.64083
259,媛丽美容养生汗蒸馆,生活服务,美容美发店,美容美发店,广东省,深圳市,龙华区,114.052285,22.641949
260,卡尼国际,生活服务,美容美发店,美容美发店,广东省,深圳市,龙华区,114.051737,22.641499
261,欧艺美,生活服务,美容美发店,美容美发店,广东省,深圳市,龙华区,114.049313,22.639448
262,小茹美甲屋,生活服务,美容美发店,美容美发店,广东省,深圳市,龙华区,114.051953,22.641484
263,10元快剪,生活服务,美容美发店,美容美发店,广东省,深圳市,龙华区,114.051389,22.642253
264,e彩发型设计,生活服务,美容美发店,美容美发店,广东省,深圳市,龙华区,114.051659,22.642282
265,维纳斯经络疏通纹绣,生活服务,美容美发店,美容美发店,广东省,深圳市,龙华区,114.051828,22.642226
266,维纳斯美容美体,生活服务,美容美发店,美容美发店,广东省,深圳市,龙华区,114.051781,22.642239
267,首艺人,生活服务,美容美发店,美容美发店,广东省,深圳市,龙华区,114.051724,22.641227
268,遇见美丽美甲美睫,生活服务,美容美发店,美容美发店,广东省,深圳市,龙华区,114.048149,22.642813
269,美甲纹绣,生活服务,美容美发店,美容美发店,广东省,深圳市,龙华区,114.051801,22.641224
270,如意美发室,生活服务,美容美发店,美容美发店,广东省,深圳市,龙华区,114.05097,22.601936
271,发秀美发沙龙,生活服务,美容美发店,美容美发店,广东省,深圳市,龙华区,114.051283,22.600421
272,卓越嗓音,生活服务,美容美发店,美容美发店,广东省,深圳市,福田区,114.054318,22.560016
273,龙派发艺名店(梅林总店),生活服务,美容美发店,美容美发店,广东省,深圳市,福田区,114.055192,22.566077
274,侗秀养发(莲花北店),生活服务,美容美发店,美容美发店,广东省,深圳市,福田区,114.050995,22.559875
275,无名发屋美发,生活服务,美容美发店,美容美发店,广东省,深圳市,福田区,114.052139,22.521142
276,万丝发艺,生活服务,美容美发店,美容美发店,广东省,深圳市,福田区,114.053073,22.518596
277,HK造型,生活服务,美容美发店,美容美发店,广东省,深圳市,龙华区,114.089575,22.722331
278,芯美美发造型,生活服务,美容美发店,美容美发店,广东省,深圳市,龙华区,114.089548,22.722371
279,尚美烫染店,生活服务,美容美发店,美容美发店,广东省,深圳市,龙华区,114.089129,22.723285
280,倍丽美容,生活服务,美容美发店,美容美发店,广东省,深圳市,龙华区,114.089449,22.723593
281,新感觉设计烫染造型,生活服务,美容美发店,美容美发店,广东省,深圳市,龙华区,114.088864,22.723302
282,发艺轩,生活服务,美容美发店,美容美发店,广东省,深圳市,龙华区,114.082348,22.683862
283,起点专业美发,生活服务,美容美发店,美容美发店,广东省,深圳市,龙华区,114.082257,22.683605
284,纤手烫染,生活服务,美容美发店,美容美发店,广东省,深圳市,龙岗区,114.089166,22.641553
285,首艺护肤造型,生活服务,美容美发店,美容美发店,广东省,深圳市,龙岗区,114.089386,22.640102
286,聚炫发型设计,生活服务,美容美发店,美容美发店,广东省,深圳市,龙岗区,114.08904,22.639896
287,知名度时尚造型,生活服务,美容美发店,美容美发店,广东省,深圳市,龙岗区,114.089256,22.640768
288,发之源发型设计,生活服务,美容美发店,美容美发店,广东省,深圳市,龙岗区,114.089084,22.639968
289,唯美烫染造型,生活服务,美容美发店,美容美发店,广东省,深圳市,龙岗区,114.089111,22.639894
290,妍汐国际,生活服务,美容美发店,美容美发店,广东省,深圳市,龙岗区,114.089139,22.641629
291,七老护肤体验馆,生活服务,美容美发店,美容美发店,广东省,深圳市,龙岗区,114.101502,22.606429
292,匠人一族发吧,生活服务,美容美发店,美容美发店,广东省,深圳市,龙岗区,114.101233,22.606925
293,型人坊,生活服务,美容美发店,美容美发店,广东省,深圳市,龙岗区,114.102136,22.606824
294,格尚美发,生活服务,美容美发店,美容美发店,广东省,深圳市,龙岗区,114.102233,22.606578
295,形体塑身沙龙(文博宫店),生活服务,美容美发店,美容美发店,广东省,深圳市,龙岗区,114.102114,22.603042
296,芳子美容(百花四路店),生活服务,美容美发店,美容美发店,广东省,深圳市,福田区,114.090525,22.553861
297,亮点美发造型机构,生活服务,美容美发店,美容美发店,广东省,深圳市,福田区,114.090246,22.55307
298,克丽缇娜,生活服务,美容美发店,美容美发店,广东省,深圳市,福田区,114.094562,22.561177
299,面子智能美肤235号店,生活服务,美容美发店,美容美发店,广东省,深圳市,福田区,114.093957,22.56145
300,肤美皙美容院,生活服务,美容美发店,美容美发店,广东省,深圳市,福田区,114.095375,22.560658
301,纯发艺,生活服务,美容美发店,美容美发店,广东省,深圳市,福田区,114.084775,22.531195
302,佳佳美容美发专业连锁,生活服务,美容美发店,美容美发店,广东省,深圳市,福田区,114.085823,22.531484
303,卡顿明星店(福华店),生活服务,美容美发店,美容美发店,广东省,深圳市,福田区,114.082396,22.537346
304,王氏美容(赤尾村店),生活服务,美容美发店,美容美发店,广东省,深圳市,福田区,114.086522,22.531821
305,英伦造型,生活服务,美容美发店,美容美发店,广东省,深圳市,龙岗区,114.133216,22.63998
306,潮咖美业沙龙(刘屋路店),生活服务,美容美发店,美容美发店,广东省,深圳市,龙岗区,114.133142,22.638297
307,艺尚造型,生活服务,美容美发店,美容美发店,广东省,深圳市,龙岗区,114.131169,22.601171
308,水秀坊美容美体SPA,生活服务,美容美发店,美容美发店,广东省,深圳市,龙岗区,114.136033,22.600907
309,天赐丽,生活服务,美容美发店,美容美发店,广东省,深圳市,罗湖区,114.130424,22.561981
310,迪辉发型,生活服务,美容美发店,美容美发店,广东省,深圳市,罗湖区,114.14134,22.558011
311,绚丽彩妆,生活服务,美容美发店,美容美发店,广东省,深圳市,罗湖区,114.1384,22.56425
312,菲特贝儿美容(逸翠店),生活服务,美容美发店,美容美发店,广东省,深圳市,罗湖区,114.130222,22.56208
313,优剪理发店,生活服务,美容美发店,美容美发店,广东省,深圳市,罗湖区,114.129654,22.561799
314,一生美SPA养生会所(翠竹店),生活服务,美容美发店,美容美发店,广东省,深圳市,罗湖区,114.130176,22.561737
315,翠侨发型沙龙,生活服务,美容美发店,美容美发店,广东省,深圳市,罗湖区,114.131907,22.558793
316,素女美甲美睫美容,生活服务,美容美发店,美容美发店,广东省,深圳市,罗湖区,114.131914,22.562226
317,沐妍舍,生活服务,美容美发店,美容美发店,广东省,深圳市,罗湖区,114.130592,22.562857
318,俪颜春中药头疗养生,生活服务,美容美发店,美容美发店,广东省,深圳市,龙岗区,114.175053,22.642972
319,植物秀养生养颜会馆(六约店),生活服务,美容美发店,美容美发店,广东省,深圳市,龙岗区,114.17551,22.64275
320,博卡本色造型,生活服务,美容美发店,美容美发店,广东省,深圳市,罗湖区,114.172066,22.603641
321,闺蜜美甲屋,生活服务,美容美发店,美容美发店,广东省,深圳市,罗湖区,114.172142,22.603258
322,新一派美容美发,生活服务,美容美发店,美容美发店,广东省,深圳市,罗湖区,114.170642,22.603379
323,枫叶专业烫染,生活服务,美容美发店,美容美发店,广东省,深圳市,罗湖区,114.173531,22.603741
324,艾米美容美发,生活服务,美容美发店,美容美发店,广东省,深圳市,罗湖区,114.172876,22.603763
325,Better U健康美疗中心,生活服务,美容美发店,美容美发店,广东省,深圳市,罗湖区,114.17513,22.600402
326,新田中草药护肤养生,生活服务,美容美发店,美容美发店,广东省,深圳市,罗湖区,114.175714,22.601867
327,天瑜,生活服务,美容美发店,美容美发店,广东省,深圳市,罗湖区,114.17259,22.603557
328,发匠美发连锁,生活服务,美容美发店,美容美发店,广东省,深圳市,罗湖区,114.176326,22.601663
329,雅姿美容养生,生活服务,美容美发店,美容美发店,广东省,深圳市,罗湖区,114.175761,22.6014
330,凤凰来仪养生馆,生活服务,美容美发店,美容美发店,广东省,深圳市,罗湖区,114.176588,22.601576
331,天添美容养生,生活服务,美容美发店,美容美发店,广东省,深圳市,罗湖区,114.175065,22.603585
332,菲曼芝美容院(仙湖路店),生活服务,美容美发店,美容美发店,广东省,深圳市,罗湖区,114.166677,22.561307
333,女皇美甲,生活服务,美容美发店,美容美发店,广东省,深圳市,罗湖区,114.170754,22.56189
334,珍艾美美容养生馆(莲塘店),生活服务,美容美发店,美容美发店,广东省,深圳市,罗湖区,114.17307,22.56328
335,新星概念美发沙龙,生活服务,美容美发店,美容美发店,广东省,深圳市,罗湖区,114.16886,22.562489
336,雪姬美素美容抗衰中心,生活服务,美容美发店,美容美发店,广东省,深圳市,罗湖区,114.171435,22.56182
337,纤媛美丽会所,生活服务,美容美发店,美容美发店,广东省,深圳市,罗湖区,114.170973,22.561457
338,剪吧造型工作室,生活服务,美容美发店,美容美发店,广东省,深圳市,罗湖区,114.170924,22.561326
339,美辰美容美甲,生活服务,美容美发店,美容美发店,广东省,深圳市,罗湖区,114.171959,22.561216
340,神奇天天瘦,生活服务,美容美发店,美容美发店,广东省,深圳市,罗湖区,114.170819,22.562233
341,美丽到家造型工作室,生活服务,美容美发店,美容美发店,广东省,深圳市,罗湖区,114.170825,22.562532
342,佑米造型(莲塘岁宝盒马店),生活服务,美容美发店,美容美发店,广东省,深圳市,罗湖区,114.173069,22.561344
343,橘子美甲,生活服务,美容美发店,美容美发店,广东省,深圳市,罗湖区,114.170091,22.560749
344,慕诗发艺工作室,生活服务,美容美发店,美容美发店,广东省,深圳市,罗湖区,114.170853,22.563077
345,蕊云美容美发,生活服务,美容美发店,美容美发店,广东省,深圳市,罗湖区,114.170262,22.560826
346,蒙莎美容美体,生活服务,美容美发店,美容美发店,广东省,深圳市,罗湖区,114.172538,22.561759
347,欧尚造型,生活服务,美容美发店,美容美发店,广东省,深圳市,龙岗区,114.218295,22.750607
348,蔚蓝美发,生活服务,美容美发店,美容美发店,广东省,深圳市,龙岗区,114.225984,22.747513
349,果蔬专业袪痘,生活服务,美容美发店,美容美发店,广东省,深圳市,龙岗区,114.194122,22.76848
350,精巧发型设计屋,生活服务,美容美发店,美容美发店,广东省,深圳市,龙岗区,114.225002,22.747977
351,一剪梅理发店,生活服务,美容美发店,美容美发店,广东省,深圳市,龙岗区,114.225971,22.74999
352,酷酷造型,生活服务,美容美发店,美容美发店,广东省,深圳市,龙岗区,114.226398,22.750091
353,审美造型,生活服务,美容美发店,美容美发店,广东省,深圳市,龙岗区,114.224626,22.748169
354,诗安国际母婴会所,生活服务,美容美发店,美容美发店,广东省,深圳市,龙岗区,114.212847,22.720992
355,粋水疗IKI SPA,生活服务,美容美发店,美容美发店,广东省,深圳市,龙岗区,114.21666,22.720907
356,三把椅子美发沙龙,生活服务,美容美发店,美容美发店,广东省,深圳市,龙岗区,114.212944,22.68819
357,时尚发艺,生活服务,美容美发店,美容美发店,广东省,深圳市,龙岗区,114.212514,22.673307
358,尚艺精剪烫染,生活服务,美容美发店,美容美发店,广东省,深圳市,龙岗区,114.212224,22.673695
359,眼哥发艺,生活服务,美容美发店,美容美发店,广东省,深圳市,龙岗区,114.212251,22.673779
360,米米丽(龙岗区坳背一店),生活服务,美容美发店,美容美发店,广东省,深圳市,龙岗区,114.212399,22.672586
361,杰森烫染造型,生活服务,美容美发店,美容美发店,广东省,深圳市,龙岗区,114.212432,22.673467
362,爱尚造型,生活服务,美容美发店,美容美发店,广东省,深圳市,龙岗区,114.222851,22.681314
363,标榜发艺(造型爱联店),生活服务,美容美发店,美容美发店,广东省,深圳市,龙岗区,114.230737,22.695812
364,美发世家,生活服务,美容美发店,美容美发店,广东省,深圳市,龙岗区,114.203508,22.647782
365,彩艺君造型,生活服务,美容美发店,美容美发店,广东省,深圳市,龙岗区,114.211629,22.643509
366,薇薇集美专业形象设计,生活服务,美容美发店,美容美发店,广东省,深圳市,龙岗区,114.211303,22.644469
367,客家发艺,生活服务,美容美发店,美容美发店,广东省,深圳市,龙岗区,114.220655,22.609144
368,画染美发店,生活服务,美容美发店,美容美发店,广东省,深圳市,龙岗区,114.220252,22.611569
369,灵感造型,生活服务,美容美发店,美容美发店,广东省,深圳市,龙岗区,114.222223,22.612258
370,剪吧美容美发养生,生活服务,美容美发店,美容美发店,广东省,深圳市,龙岗区,114.222674,22.612819
371,金戈TOP美发店,生活服务,美容美发店,美容美发店,广东省,深圳市,龙岗区,114.22242,22.612747
372,卓越专业造型烫染店,生活服务,美容美发店,美容美发店,广东省,深圳市,龙岗区,114.222629,22.612585
373,大众发室,生活服务,美容美发店,美容美发店,广东省,深圳市,罗湖区,114.198003,22.593786
374,丽梵希美容养生院,生活服务,美容美发店,美容美发店,广东省,深圳市,龙岗区,114.221927,22.612887
375,简单点皮肤管理中心,生活服务,美容美发店,美容美发店,广东省,深圳市,龙岗区,114.222728,22.612801
376,诗薇莉美容养生馆,生活服务,美容美发店,美容美发店,广东省,深圳市,龙岗区,114.222793,22.615169
377,俪芸轩美容养生馆,生活服务,美容美发店,美容美发店,广东省,深圳市,龙岗区,114.223286,22.612735
378,阳光理发店,生活服务,美容美发店,美容美发店,广东省,深圳市,盐田区,114.228654,22.552553
379,纤艺形象工作室,生活服务,美容美发店,美容美发店,广东省,深圳市,盐田区,114.219994,22.555714
380,晓晓理发店(梧桐路店),生活服务,美容美发店,美容美发店,广东省,深圳市,盐田区,114.225262,22.555605
381,美丽空间,生活服务,美容美发店,美容美发店,广东省,深圳市,盐田区,114.231177,22.54989
382,美姿美颜,生活服务,美容美发店,美容美发店,广东省,深圳市,盐田区,114.230547,22.54737
383,顶艺造型(四分店),生活服务,美容美发店,美容美发店,广东省,深圳市,盐田区,114.223843,22.555438
384,湘渝理发店,生活服务,美容美发店,美容美发店,广东省,深圳市,龙岗区,114.246842,22.755908
385,雅琪专业烫染拉,生活服务,美容美发店,美容美发店,广东省,深圳市,龙岗区,114.246031,22.755417
386,好型像,生活服务,美容美发店,美容美发店,广东省,深圳市,龙岗区,114.247857,22.754222
387,纤丝造型,生活服务,美容美发店,美容美发店,广东省,深圳市,龙岗区,114.253045,22.72193
388,皇朝发社(德政路店),生活服务,美容美发店,美容美发店,广东省,深圳市,龙岗区,114.246653,22.723797
389,沙宣造型,生活服务,美容美发店,美容美发店,广东省,深圳市,龙岗区,114.257378,22.72301
390,前卫发型(龙城广场店),生活服务,美容美发店,美容美发店,广东省,深圳市,龙岗区,114.256575,22.715444
391,奈里轻奢美业,生活服务,美容美发店,美容美发店,广东省,深圳市,龙岗区,114.251444,22.720913
392,艺美造型,生活服务,美容美发店,美容美发店,广东省,深圳市,龙岗区,114.248942,22.686591
393,名人,生活服务,美容美发店,美容美发店,广东省,深圳市,龙岗区,114.242203,22.681871
394,专业发室,生活服务,美容美发店,美容美发店,广东省,深圳市,龙岗区,114.249763,22.6852
395,艾灸生活馆,生活服务,美容美发店,美容美发店,广东省,深圳市,龙岗区,114.250476,22.685711
396,烫染拉领艺店,生活服务,美容美发店,美容美发店,广东省,深圳市,龙岗区,114.249772,22.685727
397,日韩造型,生活服务,美容美发店,美容美发店,广东省,深圳市,龙岗区,114.247002,22.646394
398,LEAD美肤馆,生活服务,美容美发店,美容美发店,广东省,深圳市,龙岗区,114.246637,22.645862
399,湘艺美容美发,生活服务,美容美发店,美容美发店,广东省,深圳市,龙岗区,114.246671,22.64627
400,名剪烫染店,生活服务,美容美发店,美容美发店,广东省,深圳市,龙岗区,114.246896,22.646696
401,天乐造型,生活服务,美容美发店,美容美发店,广东省,深圳市,龙岗区,114.246788,22.647179
402,艾尚造型,生活服务,美容美发店,美容美发店,广东省,深圳市,龙岗区,114.241259,22.645773
403,美之选专业美发店,生活服务,美容美发店,美容美发店,广东省,深圳市,盐田区,114.255731,22.593095
404,艾美造型,生活服务,美容美发店,美容美发店,广东省,深圳市,龙岗区,114.298276,22.784889
405,U米美甲美睫(壹海城店),生活服务,美容美发店,美容美发店,广东省,深圳市,盐田区,114.239214,22.554454
406,希丝佩汀(壹海Mall店),生活服务,美容美发店,美容美发店,广东省,深圳市,盐田区,114.23863,22.554587
407,吉祥美发中心,生活服务,美容美发店,美容美发店,广东省,深圳市,盐田区,114.236602,22.557876
408,丝域养发馆(壹海城店),生活服务,美容美发店,美容美发店,广东省,深圳市,盐田区,114.238028,22.553394
409,顶艺护肤造型,生活服务,美容美发店,美容美发店,广东省,深圳市,盐田区,114.237279,22.558718
410,美丽华美容(宏富店),生活服务,美容美发店,美容美发店,广东省,深圳市,龙岗区,114.29141,22.76204
411,鼎匠专业美发烫染,生活服务,美容美发店,美容美发店,广东省,深圳市,龙岗区,114.288858,22.761107
412,唯美造型美发店,生活服务,美容美发店,美容美发店,广东省,深圳市,龙岗区,114.291844,22.758772
413,花园造型,生活服务,美容美发店,美容美发店,广东省,深圳市,龙岗区,114.291885,22.75883
414,五华理发店,生活服务,美容美发店,美容美发店,广东省,深圳市,龙岗区,114.291839,22.758748
415,创意空间(源盛路店),生活服务,美容美发店,美容美发店,广东省,深圳市,龙岗区,114.290303,22.72058
416,金蒂娜,生活服务,美容美发店,美容美发店,广东省,深圳市,龙岗区,114.290393,22.720567
417,沙宣造型(德新街店),生活服务,美容美发店,美容美发店,广东省,深圳市,龙岗区,114.29185,22.721233
418,尊悦养生美容馆,生活服务,美容美发店,美容美发店,广东省,深圳市,龙岗区,114.29192,22.721911
419,亮颜美容美甲,生活服务,美容美发店,美容美发店,广东省,深圳市,龙岗区,114.291776,22.721302
420,丰顺理发,生活服务,美容美发店,美容美发店,广东省,深圳市,龙岗区,114.29121,22.722263
421,星点发型社,生活服务,美容美发店,美容美发店,广东省,深圳市,龙岗区,114.292734,22.721499
422,魅力空间剪拉染烫,生活服务,美容美发店,美容美发店,广东省,深圳市,龙岗区,114.290955,22.722386
423,非凡造型,生活服务,美容美发店,美容美发店,广东省,深圳市,龙岗区,114.291868,22.721403
424,颜美伊美容美体店,生活服务,美容美发店,美容美发店,广东省,深圳市,龙岗区,114.292972,22.7214
425,欧艺宣,生活服务,美容美发店,美容美发店,广东省,深圳市,龙岗区,114.290564,22.719641
426,千百度形象设计,生活服务,美容美发店,美容美发店,广东省,深圳市,龙岗区,114.289778,22.689199
427,168美容美发,生活服务,美容美发店,美容美发店,广东省,深圳市,龙岗区,114.287494,22.691285
428,发丝缘,生活服务,美容美发店,美容美发店,广东省,深圳市,龙岗区,114.278219,22.680818
429,颜如玉美容美甲美体,生活服务,美容美发店,美容美发店,广东省,深圳市,龙岗区,114.287589,22.691247
430,梵迪护肤造型,生活服务,美容美发店,美容美发店,广东省,深圳市,盐田区,114.299573,22.601894
431,希尔顿发,生活服务,美容美发店,美容美发店,广东省,深圳市,盐田区,114.303262,22.604341
432,阿荣理发店,生活服务,美容美发店,美容美发店,广东省,深圳市,盐田区,114.303719,22.600135
433,未来式减肥训练营(万科东海岸营地),生活服务,美容美发店,美容美发店,广东省,深圳市,盐田区,114.303486,22.598801
434,修安堂体质养生馆,生活服务,美容美发店,美容美发店,广东省,深圳市,盐田区,114.305022,22.59998
435,人人理发,生活服务,美容美发店,美容美发店,广东省,深圳市,盐田区,114.305083,22.595008
436,名流护肤造型,生活服务,美容美发店,美容美发店,广东省,深圳市,盐田区,114.305797,22.600282
437,雷宇美发店,生活服务,美容美发店,美容美发店,广东省,深圳市,盐田区,114.306532,22.593571
438,K3造型屋,生活服务,美容美发店,美容美发店,广东省,深圳市,盐田区,114.305592,22.594577
439,几丁植美美容养生馆,生活服务,美容美发店,美容美发店,广东省,深圳市,龙岗区,114.336957,22.798639
440,圣雅美发(石碧店),生活服务,美容美发店,美容美发店,广东省,深圳市,龙岗区,114.337849,22.794218
441,零度造型,生活服务,美容美发店,美容美发店,广东省,深圳市,龙岗区,114.340144,22.794241
442,忠连美发,生活服务,美容美发店,美容美发店,广东省,深圳市,龙岗区,114.336486,22.792361
443,星雅专业理发,生活服务,美容美发店,美容美发店,广东省,深圳市,龙岗区,114.329888,22.763003
444,唯美造型,生活服务,美容美发店,美容美发店,广东省,深圳市,龙岗区,114.330589,22.763594
445,coco可可吧工作室,生活服务,美容美发店,美容美发店,广东省,深圳市,龙岗区,114.330389,22.764563
446,纤丝形象设计,生活服务,美容美发店,美容美发店,广东省,深圳市,龙岗区,114.33048,22.764502
447,瑞倪维儿,生活服务,美容美发店,美容美发店,广东省,深圳市,龙岗区,114.33106,22.766199
448,炫美造型,生活服务,美容美发店,美容美发店,广东省,深圳市,龙岗区,114.330803,22.764983
449,果妍美容年丰店,生活服务,美容美发店,美容美发店,广东省,深圳市,龙岗区,114.331038,22.765347
450,伊美美容形象管理,生活服务,美容美发店,美容美发店,广东省,深圳市,龙岗区,114.330989,22.765391
451,发艺轩护肤造型,生活服务,美容美发店,美容美发店,广东省,深圳市,龙岗区,114.331151,22.765488
452,精剪理发店,生活服务,美容美发店,美容美发店,广东省,深圳市,龙岗区,114.330728,22.765704
453,秀丽宜人美容美甲美睫纹绣,生活服务,美容美发店,美容美发店,广东省,深圳市,龙岗区,114.331311,22.765363
454,动感专业烫染,生活服务,美容美发店,美容美发店,广东省,深圳市,龙岗区,114.329808,22.767211
455,焦点造型,生活服务,美容美发店,美容美发店,广东省,深圳市,龙岗区,114.329974,22.766201
456,Fanny半永久小屋,生活服务,美容美发店,美容美发店,广东省,深圳市,龙岗区,114.325424,22.721222
457,得艺坊,生活服务,美容美发店,美容美发店,广东省,深圳市,龙岗区,114.323304,22.721739
458,天姿造型,生活服务,美容美发店,美容美发店,广东省,深圳市,龙岗区,114.323829,22.721458
459,好形象剪烫染连锁品质,生活服务,美容美发店,美容美发店,广东省,深圳市,龙岗区,114.323823,22.721692
460,关于青春美甲美睫,生活服务,美容美发店,美容美发店,广东省,深圳市,龙岗区,114.323219,22.72191
461,神采飞扬,生活服务,美容美发店,美容美发店,广东省,深圳市,龙岗区,114.322606,22.722959
462,动感发轩,生活服务,美容美发店,美容美发店,广东省,深圳市,龙岗区,114.321062,22.722966
463,东方红,生活服务,美容美发店,美容美发店,广东省,深圳市,龙岗区,114.324218,22.732459
464,艺美发室,生活服务,美容美发店,美容美发店,广东省,深圳市,龙岗区,114.320945,22.719879
465,浪涛美容美发连锁机构(坪山分店),生活服务,美容美发店,美容美发店,广东省,深圳市,坪山区,114.333978,22.688752
466,M.K造型(天虹玖云著店),生活服务,美容美发店,美容美发店,广东省,深圳市,坪山区,114.330539,22.680069
467,悦容美业,生活服务,美容美发店,美容美发店,广东省,深圳市,坪山区,114.33032,22.680398
468,韵婴妈咪,生活服务,美容美发店,美容美发店,广东省,深圳市,坪山区,114.33251,22.679309
469,香港美容,生活服务,美容美发店,美容美发店,广东省,深圳市,坪山区,114.32923,22.681417
470,安德造型,生活服务,美容美发店,美容美发店,广东省,深圳市,坪山区,114.331554,22.679559
471,艾米莉美甲美睫工作室,生活服务,美容美发店,美容美发店,广东省,深圳市,坪山区,114.331021,22.679532
472,香港修身堂,生活服务,美容美发店,美容美发店,广东省,深圳市,坪山区,114.330188,22.678501
473,面子美容,生活服务,美容美发店,美容美发店,广东省,深圳市,坪山区,114.333561,22.684527
474,精细美发,生活服务,美容美发店,美容美发店,广东省,深圳市,坪山区,114.327723,22.680718
475,美妍荟美容会所,生活服务,美容美发店,美容美发店,广东省,深圳市,坪山区,114.328086,22.680015
476,海魅沙龙,生活服务,美容美发店,美容美发店,广东省,深圳市,盐田区,114.324822,22.60194
477,S尚空间,生活服务,美容美发店,美容美发店,广东省,深圳市,坪山区,114.371445,22.76099
478,发想丝,生活服务,美容美发店,美容美发店,广东省,深圳市,坪山区,114.370247,22.762099
479,七彩美甲,生活服务,美容美发店,美容美发店,广东省,深圳市,坪山区,114.370733,22.760661
480,艾丽丝(精致店),生活服务,美容美发店,美容美发店,广东省,深圳市,坪山区,114.370798,22.760576
481,创宣造型,生活服务,美容美发店,美容美发店,广东省,深圳市,坪山区,114.36831,22.729884
482,莫秀娣理发店,生活服务,美容美发店,美容美发店,广东省,深圳市,坪山区,114.367844,22.731145
483,锦绣轻颜美容美发,生活服务,美容美发店,美容美发店,广东省,深圳市,坪山区,114.368855,22.731027
484,精细造型,生活服务,美容美发店,美容美发店,广东省,深圳市,坪山区,114.370471,22.681453
485,简6造型,生活服务,美容美发店,美容美发店,广东省,深圳市,坪山区,114.371958,22.682965
486,发之堡,生活服务,美容美发店,美容美发店,广东省,深圳市,坪山区,114.371891,22.6831
487,顶尖造型,生活服务,美容美发店,美容美发店,广东省,深圳市,坪山区,114.371748,22.682933
488,KS专业烫染,生活服务,美容美发店,美容美发店,广东省,深圳市,坪山区,114.369582,22.683069
489,九零造型,生活服务,美容美发店,美容美发店,广东省,深圳市,坪山区,114.369056,22.684133
490,秀发空间,生活服务,美容美发店,美容美发店,广东省,深圳市,坪山区,114.369666,22.682913
491,领秀,生活服务,美容美发店,美容美发店,广东省,深圳市,坪山区,114.3709,22.684467
492,神奇天天瘦瘦身终点站,生活服务,美容美发店,美容美发店,广东省,深圳市,坪山区,114.369274,22.683627
493,天美美体养生,生活服务,美容美发店,美容美发店,广东省,深圳市,坪山区,114.371038,22.684497
494,金皇艺发社,生活服务,美容美发店,美容美发店,广东省,深圳市,坪山区,114.369029,22.684194
495,艾文热烫,生活服务,美容美发店,美容美发店,广东省,深圳市,坪山区,114.368936,22.684416
496,沙龙美容美发,生活服务,美容美发店,美容美发店,广东省,深圳市,坪山区,114.368169,22.68446
497,沙龙美发店公司名称琴仔美发店,生活服务,美容美发店,美容美发店,广东省,深圳市,坪山区,114.368509,22.684544
498,焕焕美容养生,生活服务,美容美发店,美容美发店,广东省,深圳市,坪山区,114.366019,22.689403
499,水圣健康生活馆,生活服务,美容美发店,美容美发店,广东省,深圳市,坪山区,114.365822,22.689444
500,优剪美发造型店,生活服务,美容美发店,美容美发店,广东省,深圳市,坪山区,114.364808,22.68888
501,丰潮式发艺,生活服务,美容美发店,美容美发店,广东省,深圳市,坪山区,114.379772,22.688455
502,地美颜,生活服务,美容美发店,美容美发店,广东省,深圳市,坪山区,114.36436,22.688653
503,自由女神专业烫染造型,生活服务,美容美发店,美容美发店,广东省,深圳市,坪山区,114.365956,22.690152
504,欧诗漫美容养生馆,生活服务,美容美发店,美容美发店,广东省,深圳市,坪山区,114.364226,22.687806
505,动感美发沙龙,生活服务,美容美发店,美容美发店,广东省,深圳市,坪山区,114.411424,22.76231
506,精剪发艺,生活服务,美容美发店,美容美发店,广东省,深圳市,坪山区,114.411295,22.762344
507,梦之首造型沙龙,生活服务,美容美发店,美容美发店,广东省,深圳市,坪山区,114.411912,22.760665
508,金皇艺美发,生活服务,美容美发店,美容美发店,广东省,深圳市,坪山区,114.412569,22.761062
509,英皇造型,生活服务,美容美发店,美容美发店,广东省,深圳市,坪山区,114.411016,22.762457
510,艳姿坊美容中心,生活服务,美容美发店,美容美发店,广东省,深圳市,坪山区,114.412077,22.761099
511,悦俪国际美容护肤中心,生活服务,美容美发店,美容美发店,广东省,深圳市,坪山区,114.411779,22.762738
512,古方痣盛堂,生活服务,美容美发店,美容美发店,广东省,深圳市,坪山区,114.41172,22.76281
513,美感专业烫染,生活服务,美容美发店,美容美发店,广东省,深圳市,坪山区,114.412058,22.760708
514,名流形象设计,生活服务,美容美发店,美容美发店,广东省,深圳市,坪山区,114.410947,22.760474
515,四季养生馆,生活服务,美容美发店,美容美发店,广东省,深圳市,坪山区,114.412401,22.760275
516,琦奇理发店,生活服务,美容美发店,美容美发店,广东省,深圳市,坪山区,114.409917,22.759211
517,顶尖美发·纹绣,生活服务,美容美发店,美容美发店,广东省,深圳市,坪山区,114.412692,22.758799
518,uuu,生活服务,美容美发店,美容美发店,广东省,深圳市,坪山区,114.412312,22.760685
519,蘇豪美发店,生活服务,美容美发店,美容美发店,广东省,深圳市,坪山区,114.409336,22.758352
520,名丝美发,生活服务,美容美发店,美容美发店,广东省,深圳市,坪山区,114.408337,22.758602
521,首艺形象设计,生活服务,美容美发店,美容美发店,广东省,深圳市,坪山区,114.404472,22.692471
522,俊发发艺,生活服务,美容美发店,美容美发店,广东省,深圳市,坪山区,114.406482,22.692727
523,丰田烫染,生活服务,美容美发店,美容美发店,广东省,深圳市,坪山区,114.404129,22.692571
524,快乐理发店,生活服务,美容美发店,美容美发店,广东省,深圳市,坪山区,114.418596,22.693805
525,缘芝美美容店,生活服务,美容美发店,美容美发店,广东省,深圳市,坪山区,114.418426,22.694564
526,燕燕发室,生活服务,美容美发店,美容美发店,广东省,深圳市,坪山区,114.41865,22.694505
527,云山栖造型专业,生活服务,美容美发店,美容美发店,广东省,深圳市,龙岗区,114.407482,22.638082
528,漂亮宝贝,生活服务,美容美发店,美容美发店,广东省,深圳市,龙岗区,114.429117,22.638453
529,百莲凯高科技美容养生会所,生活服务,美容美发店,美容美发店,广东省,深圳市,龙岗区,114.407487,22.637989
530,彩玲美发,生活服务,美容美发店,美容美发店,广东省,深圳市,龙岗区,114.412763,22.635699
531,椰岛造型,生活服务,美容美发店,美容美发店,广东省,深圳市,龙岗区,114.40921,22.635957
532,xie岛造型,生活服务,美容美发店,美容美发店,广东省,深圳市,龙岗区,114.409341,22.635891
533,克丽缇娜(陶柏莉门店),生活服务,美容美发店,美容美发店,广东省,深圳市,龙岗区,114.406913,22.634978
534,Aloha造型工作室,生活服务,美容美发店,美容美发店,广东省,深圳市,龙岗区,114.407031,22.63497
535,馨玛莎美容院,生活服务,美容美发店,美容美发店,广东省,深圳市,龙岗区,114.405375,22.637165
536,风尚造型,生活服务,美容美发店,美容美发店,广东省,深圳市,龙岗区,114.410929,22.613251
537,冬洋理发店,生活服务,美容美发店,美容美发店,广东省,深圳市,龙岗区,114.407039,22.614373
538,利友理发店,生活服务,美容美发店,美容美发店,广东省,深圳市,龙岗区,114.40503,22.613431
539,精简烫染坊,生活服务,美容美发店,美容美发店,广东省,深圳市,龙岗区,114.406807,22.614329
540,深圳市大鹏新区爱尚造型美发馆,生活服务,美容美发店,美容美发店,广东省,深圳市,龙岗区,114.410924,22.613262
541,梦丽美容养生馆(葵涌店),生活服务,美容美发店,美容美发店,广东省,深圳市,龙岗区,114.434967,22.632201
542,伟华养生馆,生活服务,美容美发店,美容美发店,广东省,深圳市,龙岗区,114.435104,22.630415
543,芸均美容工作室,生活服务,美容美发店,美容美发店,广东省,深圳市,龙岗区,114.434771,22.62965
544,阿浪形象工作室,生活服务,美容美发店,美容美发店,广东省,深圳市,龙岗区,114.435077,22.628789
545,的钻国际美容会所,生活服务,美容美发店,美容美发店,广东省,深圳市,龙岗区,114.48177,22.595729
546,雅致美容护肤,生活服务,美容美发店,美容美发店,广东省,深圳市,龙岗区,114.481472,22.597421
547,美信美容养生馆,生活服务,美容美发店,美容美发店,广东省,深圳市,龙岗区,114.48431,22.593846
548,康美美容养生中心,生活服务,美容美发店,美容美发店,广东省,深圳市,龙岗区,114.480955,22.597244
549,大鹏千滋美容养生中心,生活服务,美容美发店,美容美发店,广东省,深圳市,龙岗区,114.481652,22.595294
550,发资源发型屋,生活服务,美容美发店,美容美发店,广东省,深圳市,龙岗区,114.494189,22.565851
551,1985美发工作室,生活服务,美容美发店,美容美发店,广东省,深圳市,龙岗区,114.48656,22.573323
552,逸多巴笔,生活服务,美容美发店,美容美发店,广东省,深圳市,龙岗区,114.48778,22.572944
553,威龙金剪刀,生活服务,美容美发店,美容美发店,广东省,深圳市,龙岗区,114.487877,22.572798
554,客家理发店,生活服务,美容美发店,美容美发店,广东省,深圳市,龙岗区,114.487572,22.573316
555,思语美发,生活服务,美容美发店,美容美发店,广东省,深圳市,龙岗区,114.488755,22.574796
556,阿英清丝发廊,生活服务,美容美发店,美容美发店,广东省,深圳市,龙岗区,114.492208,22.53116
557,徐记理发室,生活服务,美容美发店,美容美发店,广东省,深圳市,龙岗区,114.492417,22.532166
558,春瑞发廊,生活服务,美容美发店,美容美发店,广东省,深圳市,龙岗区,114.493153,22.533268
559,发之彩美发,生活服务,美容美发店,美容美发店,广东省,深圳市,龙岗区,114.492883,22.533846
560,潮新发屋,生活服务,美容美发店,美容美发店,广东省,深圳市,龙岗区,114.493753,22.534471
561,海燕专业美发(人民路),生活服务,美容美发店,美容美发店,广东省,深圳市,龙岗区,114.494542,22.534613
562,顶尖美容美发,生活服务,美容美发店,美容美发店,广东省,深圳市,龙岗区,114.495565,22.534378
563,亮丽理发店,生活服务,美容美发店,美容美发店,广东省,深圳市,龙岗区,114.487734,22.538359
564,香港修圣缘美容养生会所,生活服务,美容美发店,美容美发店,广东省,深圳市,龙岗区,114.478078,22.593697
565,克丽缇娜(怡馨店),生活服务,美容美发店,美容美发店,广东省,深圳市,龙岗区,114.474286,22.592128
566,长布理发店,生活服务,美容美发店,美容美发店,广东省,深圳市,龙岗区,114.476794,22.592299
567,爱丽雅美甲美睫,生活服务,美容美发店,美容美发店,广东省,深圳市,龙岗区,114.475922,22.59275
568,艾诗造型(大鹏店),生活服务,美容美发店,美容美发店,广东省,深圳市,龙岗区,114.476434,22.592464
569,爱手爱脚,生活服务,美容美发店,美容美发店,广东省,深圳市,龙岗区,114.475725,22.59175
570,Queena studio婷婷工作室,生活服务,美容美发店,美容美发店,广东省,深圳市,龙岗区,114.475462,22.591894
571,采诗发艺,生活服务,美容美发店,美容美发店,广东省,深圳市,龙岗区,114.475279,22.590772
572,西子苑美容美体中心,生活服务,美容美发店,美容美发店,广东省,深圳市,龙岗区,114.476314,22.589792
573,绚诺soho造型(大鹏岁宝百货店),生活服务,美容美发店,美容美发店,广东省,深圳市,龙岗区,114.476593,22.594379
574,雅钰美容氧疗馆,生活服务,美容美发店,美容美发店,广东省,深圳市,龙岗区,114.47771,22.591278
575,佑米造型(佳兆业华润万家店),生活服务,美容美发店,美容美发店,广东省,深圳市,龙岗区,114.475389,22.593784
576,619国际,生活服务,美容美发店,美容美发店,广东省,深圳市,龙岗区,114.475676,22.593655
577,文青理发店,生活服务,美容美发店,美容美发店,广东省,深圳市,龙岗区,114.509713,22.594372
578,芊姿美容养生会所,生活服务,美容美发店,美容美发店,广东省,深圳市,龙岗区,114.475953,22.590658
579,茜子智能美肤中心,生活服务,美容美发店,美容美发店,广东省,深圳市,龙岗区,114.474803,22.594509
580,GJLJ美甲沙龙,生活服务,美容美发店,美容美发店,广东省,深圳市,龙岗区,114.475126,22.593793
581,维雅丽美容院,生活服务,美容美发店,美容美发店,广东省,深圳市,龙岗区,114.474262,22.592733
582,丰姿养生美容会所,生活服务,美容美发店,美容美发店,广东省,深圳市,龙岗区,114.473552,22.597247
583,咩咩美甲工作室,生活服务,美容美发店,美容美发店,广东省,深圳市,龙岗区,114.475478,22.591949
584,尚美国际,生活服务,美容美发店,美容美发店,广东省,深圳市,龙岗区,114.47448,22.593464
585,素颜美,生活服务,美容美发店,美容美发店,广东省,深圳市,龙岗区,114.473747,22.593761
586,鑫玛莎专业美容院(大鹏分店),生活服务,美容美发店,美容美发店,广东省,深圳市,龙岗区,114.477262,22.589014
587,百莲凯美容美体SPA养生会所,生活服务,美容美发店,美容美发店,广东省,深圳市,龙岗区,114.475545,22.592902
588,安雪丽美容养生会所,生活服务,美容美发店,美容美发店,广东省,深圳市,龙岗区,114.476005,22.592618
589,新龙都美发沙龙,生活服务,美容美发店,美容美发店,广东省,深圳市,龙岗区,114.477699,22.588546
590,西子缘美容养生会所(大鹏总店),生活服务,美容美发店,美容美发店,广东省,深圳市,龙岗区,114.476417,22.589858
591,红辉发室,生活服务,美容美发店,美容美发店,广东省,深圳市,龙岗区,114.47416,22.592263
592,海涛精剪,生活服务,美容美发店,美容美发店,广东省,深圳市,龙岗区,114.527102,22.593091
593,皓美国际,生活服务,美容美发店,美容美发店,广东省,深圳市,龙岗区,114.532694,22.593222
594,姐妹理发店,生活服务,美容美发店,美容美发店,广东省,深圳市,龙岗区,114.527062,22.593784
595,姐姐发屋,生活服务,美容美发店,美容美发店,广东省,深圳市,龙岗区,114.526913,22.593775
596,海涛美发店,生活服务,美容美发店,美容美发店,广东省,深圳市,龙岗区,114.527289,22.593099
597,南区理发室,生活服务,美容美发店,美容美发店,广东省,深圳市,龙岗区,114.532772,22.590402
598,金剪刀烫染设计,生活服务,美容美发店,美容美发店,广东省,深圳市,龙岗区,114.511985,22.592839
599,发现美,生活服务,美容美发店,美容美发店,广东省,深圳市,龙岗区,114.511492,22.593836
